material,content,radius,soil_eps,soil_sig,x,y,folder,target_type,soil_class,burial_depth,depth_class,radius_class,target_difficulty,group_id,stratum,is_hard,image_path,condition_path,split
pvc,free_space,0.03,20,0.02,1.97,0.77,pvc_free_space_r0.03_eps20_sig0.02_x1.97_y0.77,pvc_free_space,S_eps20_sig0.02,0.22999999999999998,D1_shallow,R1_small,hard_weak_pvc,pvc_free_space_r0.03_eps20_sig0.02_y0.77,pvc_free_space|S_eps20_sig0.02|R1_small|D1_shallow,True,dataset_split/images/val/pvc_free_space_r0.03_eps20_sig0.02_x1.97_y0.77.png,dataset_split/conditions/val/pvc_free_space_r0.03_eps20_sig0.02_x1.97_y0.77.in,val
steel,free_space,0.05,5,0.05,2.99,0.59,steel_free_space_r0.05_eps5_sig0.05_x2.99_y0.59,steel_free_space,S_eps5_sig0.05,0.41000000000000003,D2_medium,R2_medium_small,easy_strong_reflection,steel_free_space_r0.05_eps5_sig0.05_y0.59,steel_free_space|S_eps5_sig0.05|R2_medium_small|D2_medium,True,dataset_split/images/stress_test/steel_free_space_r0.05_eps5_sig0.05_x2.99_y0.59.png,dataset_split/conditions/stress_test/steel_free_space_r0.05_eps5_sig0.05_x2.99_y0.59.in,stress_test
pvc,water,0.1,4,0.001,1.75,0.65,pvc_water_r0.1_eps4_sig0.001_x1.75_y0.65,pvc_water,S_eps4_sig0.001,0.35,D2_medium,R4_large,medium_water_filled_pvc,pvc_water_r0.1_eps4_sig0.001_y0.65,pvc_water|S_eps4_sig0.001|R4_large|D2_medium,False,dataset_split/images/train/pvc_water_r0.1_eps4_sig0.001_x1.75_y0.65.png,dataset_split/conditions/train/pvc_water_r0.1_eps4_sig0.001_x1.75_y0.65.in,train
pvc,free_space,0.03,10,0.005,1.27,0.4,pvc_free_space_r0.03_eps10_sig0.005_x1.27_y0.4,pvc_free_space,S_eps10_sig0.005,0.6,D3_deep,R1_small,hard_weak_pvc,pvc_free_space_r0.03_eps10_sig0.005_y0.4,pvc_free_space|S_eps10_sig0.005|R1_small|D3_deep,True,dataset_split/images/train/pvc_free_space_r0.03_eps10_sig0.005_x1.27_y0.4.png,dataset_split/conditions/train/pvc_free_space_r0.03_eps10_sig0.005_x1.27_y0.4.in,train
pvc,free_space,0.1,20,0.02,2.95,0.7,pvc_free_space_r0.1_eps20_sig0.02_x2.95_y0.7,pvc_free_space,S_eps20_sig0.02,0.30000000000000004,D2_medium,R4_large,hard_weak_pvc,pvc_free_space_r0.1_eps20_sig0.02_y0.7,pvc_free_space|S_eps20_sig0.02|R4_large|D2_medium,True,dataset_split/images/val/pvc_free_space_r0.1_eps20_sig0.02_x2.95_y0.7.png,dataset_split/conditions/val/pvc_free_space_r0.1_eps20_sig0.02_x2.95_y0.7.in,val
steel,free_space,0.05,20,0.02,2.45,0.31,steel_free_space_r0.05_eps20_sig0.02_x2.45_y0.31,steel_free_space,S_eps20_sig0.02,0.69,D3_deep,R2_medium_small,easy_strong_reflection,steel_free_space_r0.05_eps20_sig0.02_y0.31,steel_free_space|S_eps20_sig0.02|R2_medium_small|D3_deep,True,dataset_split/images/test_id/steel_free_space_r0.05_eps20_sig0.02_x2.45_y0.31.png,dataset_split/conditions/test_id/steel_free_space_r0.05_eps20_sig0.02_x2.45_y0.31.in,test_id
steel,free_space,0.1,5,0.05,2.42,0.69,steel_free_space_r0.1_eps5_sig0.05_x2.42_y0.69,steel_free_space,S_eps5_sig0.05,0.31000000000000005,D2_medium,R4_large,easy_strong_reflection,steel_free_space_r0.1_eps5_sig0.05_y0.69,steel_free_space|S_eps5_sig0.05|R4_large|D2_medium,True,dataset_split/images/stress_test/steel_free_space_r0.1_eps5_sig0.05_x2.42_y0.69.png,dataset_split/conditions/stress_test/steel_free_space_r0.1_eps5_sig0.05_x2.42_y0.69.in,stress_test
steel,free_space,0.08,4,0.001,2.13,0.37,steel_free_space_r0.08_eps4_sig0.001_x2.13_y0.37,steel_free_space,S_eps4_sig0.001,0.63,D3_deep,R3_medium_large,easy_strong_reflection,steel_free_space_r0.08_eps4_sig0.001_y0.37,steel_free_space|S_eps4_sig0.001|R3_medium_large|D3_deep,True,dataset_split/images/train/steel_free_space_r0.08_eps4_sig0.001_x2.13_y0.37.png,dataset_split/conditions/train/steel_free_space_r0.08_eps4_sig0.001_x2.13_y0.37.in,train
pvc,free_space,0.08,10,0.005,2.81,0.4,pvc_free_space_r0.08_eps10_sig0.005_x2.81_y0.4,pvc_free_space,S_eps10_sig0.005,0.6,D3_deep,R3_medium_large,hard_weak_pvc,pvc_free_space_r0.08_eps10_sig0.005_y0.4,pvc_free_space|S_eps10_sig0.005|R3_medium_large|D3_deep,True,dataset_split/images/val/pvc_free_space_r0.08_eps10_sig0.005_x2.81_y0.4.png,dataset_split/conditions/val/pvc_free_space_r0.08_eps10_sig0.005_x2.81_y0.4.in,val
steel,free_space,0.08,10,0.005,2.44,0.34,steel_free_space_r0.08_eps10_sig0.005_x2.44_y0.34,steel_free_space,S_eps10_sig0.005,0.6599999999999999,D3_deep,R3_medium_large,easy_strong_reflection,steel_free_space_r0.08_eps10_sig0.005_y0.34,steel_free_space|S_eps10_sig0.005|R3_medium_large|D3_deep,True,dataset_split/images/train/steel_free_space_r0.08_eps10_sig0.005_x2.44_y0.34.png,dataset_split/conditions/train/steel_free_space_r0.08_eps10_sig0.005_x2.44_y0.34.in,train
pvc,water,0.1,20,0.02,1.08,0.27,pvc_water_r0.1_eps20_sig0.02_x1.08_y0.27,pvc_water,S_eps20_sig0.02,0.73,D3_deep,R4_large,medium_water_filled_pvc,pvc_water_r0.1_eps20_sig0.02_y0.27,pvc_water|S_eps20_sig0.02|R4_large|D3_deep,True,dataset_split/images/train/pvc_water_r0.1_eps20_sig0.02_x1.08_y0.27.png,dataset_split/conditions/train/pvc_water_r0.1_eps20_sig0.02_x1.08_y0.27.in,train
steel,free_space,0.1,4,0.001,2.42,0.58,steel_free_space_r0.1_eps4_sig0.001_x2.42_y0.58,steel_free_space,S_eps4_sig0.001,0.42000000000000004,D2_medium,R4_large,easy_strong_reflection,steel_free_space_r0.1_eps4_sig0.001_y0.58,steel_free_space|S_eps4_sig0.001|R4_large|D2_medium,False,dataset_split/images/train/steel_free_space_r0.1_eps4_sig0.001_x2.42_y0.58.png,dataset_split/conditions/train/steel_free_space_r0.1_eps4_sig0.001_x2.42_y0.58.in,train
pvc,water,0.05,4,0.001,1.37,0.54,pvc_water_r0.05_eps4_sig0.001_x1.37_y0.54,pvc_water,S_eps4_sig0.001,0.45999999999999996,D2_medium,R2_medium_small,medium_water_filled_pvc,pvc_water_r0.05_eps4_sig0.001_y0.54,pvc_water|S_eps4_sig0.001|R2_medium_small|D2_medium,False,dataset_split/images/train/pvc_water_r0.05_eps4_sig0.001_x1.37_y0.54.png,dataset_split/conditions/train/pvc_water_r0.05_eps4_sig0.001_x1.37_y0.54.in,train
steel,free_space,0.08,4,0.001,2.04,0.72,steel_free_space_r0.08_eps4_sig0.001_x2.04_y0.72,steel_free_space,S_eps4_sig0.001,0.28,D1_shallow,R3_medium_large,easy_strong_reflection,steel_free_space_r0.08_eps4_sig0.001_y0.72,steel_free_space|S_eps4_sig0.001|R3_medium_large|D1_shallow,False,dataset_split/images/val/steel_free_space_r0.08_eps4_sig0.001_x2.04_y0.72.png,dataset_split/conditions/val/steel_free_space_r0.08_eps4_sig0.001_x2.04_y0.72.in,val
steel,free_space,0.08,5,0.05,1.98,0.47,steel_free_space_r0.08_eps5_sig0.05_x1.98_y0.47,steel_free_space,S_eps5_sig0.05,0.53,D2_medium,R3_medium_large,easy_strong_reflection,steel_free_space_r0.08_eps5_sig0.05_y0.47,steel_free_space|S_eps5_sig0.05|R3_medium_large|D2_medium,True,dataset_split/images/stress_test/steel_free_space_r0.08_eps5_sig0.05_x1.98_y0.47.png,dataset_split/conditions/stress_test/steel_free_space_r0.08_eps5_sig0.05_x1.98_y0.47.in,stress_test
pvc,free_space,0.08,4,0.001,1.29,0.43,pvc_free_space_r0.08_eps4_sig0.001_x1.29_y0.43,pvc_free_space,S_eps4_sig0.001,0.5700000000000001,D3_deep,R3_medium_large,hard_weak_pvc,pvc_free_space_r0.08_eps4_sig0.001_y0.43,pvc_free_space|S_eps4_sig0.001|R3_medium_large|D3_deep,True,dataset_split/images/train/pvc_free_space_r0.08_eps4_sig0.001_x1.29_y0.43.png,dataset_split/conditions/train/pvc_free_space_r0.08_eps4_sig0.001_x1.29_y0.43.in,train
pvc,free_space,0.03,10,0.005,2.68,0.57,pvc_free_space_r0.03_eps10_sig0.005_x2.68_y0.57,pvc_free_space,S_eps10_sig0.005,0.43000000000000005,D2_medium,R1_small,hard_weak_pvc,pvc_free_space_r0.03_eps10_sig0.005_y0.57,pvc_free_space|S_eps10_sig0.005|R1_small|D2_medium,True,dataset_split/images/train/pvc_free_space_r0.03_eps10_sig0.005_x2.68_y0.57.png,dataset_split/conditions/train/pvc_free_space_r0.03_eps10_sig0.005_x2.68_y0.57.in,train
pvc,water,0.03,20,0.02,1.8,0.7,pvc_water_r0.03_eps20_sig0.02_x1.8_y0.7,pvc_water,S_eps20_sig0.02,0.30000000000000004,D2_medium,R1_small,medium_water_filled_pvc,pvc_water_r0.03_eps20_sig0.02_y0.7,pvc_water|S_eps20_sig0.02|R1_small|D2_medium,True,dataset_split/images/train/pvc_water_r0.03_eps20_sig0.02_x1.8_y0.7.png,dataset_split/conditions/train/pvc_water_r0.03_eps20_sig0.02_x1.8_y0.7.in,train
steel,free_space,0.1,20,0.02,2.28,0.71,steel_free_space_r0.1_eps20_sig0.02_x2.28_y0.71,steel_free_space,S_eps20_sig0.02,0.29000000000000004,D1_shallow,R4_large,easy_strong_reflection,steel_free_space_r0.1_eps20_sig0.02_y0.71,steel_free_space|S_eps20_sig0.02|R4_large|D1_shallow,True,dataset_split/images/train/steel_free_space_r0.1_eps20_sig0.02_x2.28_y0.71.png,dataset_split/conditions/train/steel_free_space_r0.1_eps20_sig0.02_x2.28_y0.71.in,train
steel,free_space,0.08,10,0.005,2.97,0.28,steel_free_space_r0.08_eps10_sig0.005_x2.97_y0.28,steel_free_space,S_eps10_sig0.005,0.72,D3_deep,R3_medium_large,easy_strong_reflection,steel_free_space_r0.08_eps10_sig0.005_y0.28,steel_free_space|S_eps10_sig0.005|R3_medium_large|D3_deep,True,dataset_split/images/train/steel_free_space_r0.08_eps10_sig0.005_x2.97_y0.28.png,dataset_split/conditions/train/steel_free_space_r0.08_eps10_sig0.005_x2.97_y0.28.in,train
pvc,water,0.03,5,0.05,1.94,0.6,pvc_water_r0.03_eps5_sig0.05_x1.94_y0.6,pvc_water,S_eps5_sig0.05,0.4,D2_medium,R1_small,medium_water_filled_pvc,pvc_water_r0.03_eps5_sig0.05_y0.6,pvc_water|S_eps5_sig0.05|R1_small|D2_medium,True,dataset_split/images/stress_test/pvc_water_r0.03_eps5_sig0.05_x1.94_y0.6.png,dataset_split/conditions/stress_test/pvc_water_r0.03_eps5_sig0.05_x1.94_y0.6.in,stress_test
steel,free_space,0.08,20,0.02,2.74,0.4,steel_free_space_r0.08_eps20_sig0.02_x2.74_y0.4,steel_free_space,S_eps20_sig0.02,0.6,D3_deep,R3_medium_large,easy_strong_reflection,steel_free_space_r0.08_eps20_sig0.02_y0.4,steel_free_space|S_eps20_sig0.02|R3_medium_large|D3_deep,True,dataset_split/images/train/steel_free_space_r0.08_eps20_sig0.02_x2.74_y0.4.png,dataset_split/conditions/train/steel_free_space_r0.08_eps20_sig0.02_x2.74_y0.4.in,train
steel,free_space,0.1,4,0.001,1.43,0.45,steel_free_space_r0.1_eps4_sig0.001_x1.43_y0.45,steel_free_space,S_eps4_sig0.001,0.55,D2_medium,R4_large,easy_strong_reflection,steel_free_space_r0.1_eps4_sig0.001_y0.45,steel_free_space|S_eps4_sig0.001|R4_large|D2_medium,False,dataset_split/images/train/steel_free_space_r0.1_eps4_sig0.001_x1.43_y0.45.png,dataset_split/conditions/train/steel_free_space_r0.1_eps4_sig0.001_x1.43_y0.45.in,train
steel,free_space,0.05,5,0.05,1.24,0.33,steel_free_space_r0.05_eps5_sig0.05_x1.24_y0.33,steel_free_space,S_eps5_sig0.05,0.6699999999999999,D3_deep,R2_medium_small,easy_strong_reflection,steel_free_space_r0.05_eps5_sig0.05_y0.33,steel_free_space|S_eps5_sig0.05|R2_medium_small|D3_deep,True,dataset_split/images/stress_test/steel_free_space_r0.05_eps5_sig0.05_x1.24_y0.33.png,dataset_split/conditions/stress_test/steel_free_space_r0.05_eps5_sig0.05_x1.24_y0.33.in,stress_test
steel,free_space,0.08,4,0.001,2.8,0.54,steel_free_space_r0.08_eps4_sig0.001_x2.8_y0.54,steel_free_space,S_eps4_sig0.001,0.45999999999999996,D2_medium,R3_medium_large,easy_strong_reflection,steel_free_space_r0.08_eps4_sig0.001_y0.54,steel_free_space|S_eps4_sig0.001|R3_medium_large|D2_medium,False,dataset_split/images/val/steel_free_space_r0.08_eps4_sig0.001_x2.8_y0.54.png,dataset_split/conditions/val/steel_free_space_r0.08_eps4_sig0.001_x2.8_y0.54.in,val
steel,free_space,0.05,5,0.05,2.6,0.56,steel_free_space_r0.05_eps5_sig0.05_x2.6_y0.56,steel_free_space,S_eps5_sig0.05,0.43999999999999995,D2_medium,R2_medium_small,easy_strong_reflection,steel_free_space_r0.05_eps5_sig0.05_y0.56,steel_free_space|S_eps5_sig0.05|R2_medium_small|D2_medium,True,dataset_split/images/stress_test/steel_free_space_r0.05_eps5_sig0.05_x2.6_y0.56.png,dataset_split/conditions/stress_test/steel_free_space_r0.05_eps5_sig0.05_x2.6_y0.56.in,stress_test
steel,free_space,0.03,10,0.005,1.97,0.75,steel_free_space_r0.03_eps10_sig0.005_x1.97_y0.75,steel_free_space,S_eps10_sig0.005,0.25,D1_shallow,R1_small,easy_strong_reflection,steel_free_space_r0.03_eps10_sig0.005_y0.75,steel_free_space|S_eps10_sig0.005|R1_small|D1_shallow,True,dataset_split/images/train/steel_free_space_r0.03_eps10_sig0.005_x1.97_y0.75.png,dataset_split/conditions/train/steel_free_space_r0.03_eps10_sig0.005_x1.97_y0.75.in,train
pvc,water,0.05,5,0.05,1.42,0.69,pvc_water_r0.05_eps5_sig0.05_x1.42_y0.69,pvc_water,S_eps5_sig0.05,0.31000000000000005,D2_medium,R2_medium_small,medium_water_filled_pvc,pvc_water_r0.05_eps5_sig0.05_y0.69,pvc_water|S_eps5_sig0.05|R2_medium_small|D2_medium,True,dataset_split/images/stress_test/pvc_water_r0.05_eps5_sig0.05_x1.42_y0.69.png,dataset_split/conditions/stress_test/pvc_water_r0.05_eps5_sig0.05_x1.42_y0.69.in,stress_test
pvc,water,0.05,20,0.02,2.4,0.59,pvc_water_r0.05_eps20_sig0.02_x2.4_y0.59,pvc_water,S_eps20_sig0.02,0.41000000000000003,D2_medium,R2_medium_small,medium_water_filled_pvc,pvc_water_r0.05_eps20_sig0.02_y0.59,pvc_water|S_eps20_sig0.02|R2_medium_small|D2_medium,True,dataset_split/images/train/pvc_water_r0.05_eps20_sig0.02_x2.4_y0.59.png,dataset_split/conditions/train/pvc_water_r0.05_eps20_sig0.02_x2.4_y0.59.in,train
pvc,free_space,0.03,20,0.02,2.04,0.6,pvc_free_space_r0.03_eps20_sig0.02_x2.04_y0.6,pvc_free_space,S_eps20_sig0.02,0.4,D2_medium,R1_small,hard_weak_pvc,pvc_free_space_r0.03_eps20_sig0.02_y0.6,pvc_free_space|S_eps20_sig0.02|R1_small|D2_medium,True,dataset_split/images/train/pvc_free_space_r0.03_eps20_sig0.02_x2.04_y0.6.png,dataset_split/conditions/train/pvc_free_space_r0.03_eps20_sig0.02_x2.04_y0.6.in,train
steel,free_space,0.08,4,0.001,1.26,0.31,steel_free_space_r0.08_eps4_sig0.001_x1.26_y0.31,steel_free_space,S_eps4_sig0.001,0.69,D3_deep,R3_medium_large,easy_strong_reflection,steel_free_space_r0.08_eps4_sig0.001_y0.31,steel_free_space|S_eps4_sig0.001|R3_medium_large|D3_deep,True,dataset_split/images/train/steel_free_space_r0.08_eps4_sig0.001_x1.26_y0.31.png,dataset_split/conditions/train/steel_free_space_r0.08_eps4_sig0.001_x1.26_y0.31.in,train
pvc,water,0.1,20,0.02,1.26,0.62,pvc_water_r0.1_eps20_sig0.02_x1.26_y0.62,pvc_water,S_eps20_sig0.02,0.38,D2_medium,R4_large,medium_water_filled_pvc,pvc_water_r0.1_eps20_sig0.02_y0.62,pvc_water|S_eps20_sig0.02|R4_large|D2_medium,True,dataset_split/images/train/pvc_water_r0.1_eps20_sig0.02_x1.26_y0.62.png,dataset_split/conditions/train/pvc_water_r0.1_eps20_sig0.02_x1.26_y0.62.in,train
pvc,water,0.08,4,0.001,2.55,0.64,pvc_water_r0.08_eps4_sig0.001_x2.55_y0.64,pvc_water,S_eps4_sig0.001,0.36,D2_medium,R3_medium_large,medium_water_filled_pvc,pvc_water_r0.08_eps4_sig0.001_y0.64,pvc_water|S_eps4_sig0.001|R3_medium_large|D2_medium,False,dataset_split/images/test_id/pvc_water_r0.08_eps4_sig0.001_x2.55_y0.64.png,dataset_split/conditions/test_id/pvc_water_r0.08_eps4_sig0.001_x2.55_y0.64.in,test_id
steel,free_space,0.08,10,0.005,2.99,0.79,steel_free_space_r0.08_eps10_sig0.005_x2.99_y0.79,steel_free_space,S_eps10_sig0.005,0.20999999999999996,D1_shallow,R3_medium_large,easy_strong_reflection,steel_free_space_r0.08_eps10_sig0.005_y0.79,steel_free_space|S_eps10_sig0.005|R3_medium_large|D1_shallow,False,dataset_split/images/val/steel_free_space_r0.08_eps10_sig0.005_x2.99_y0.79.png,dataset_split/conditions/val/steel_free_space_r0.08_eps10_sig0.005_x2.99_y0.79.in,val
steel,free_space,0.03,5,0.05,1.37,0.62,steel_free_space_r0.03_eps5_sig0.05_x1.37_y0.62,steel_free_space,S_eps5_sig0.05,0.38,D2_medium,R1_small,easy_strong_reflection,steel_free_space_r0.03_eps5_sig0.05_y0.62,steel_free_space|S_eps5_sig0.05|R1_small|D2_medium,True,dataset_split/images/stress_test/steel_free_space_r0.03_eps5_sig0.05_x1.37_y0.62.png,dataset_split/conditions/stress_test/steel_free_space_r0.03_eps5_sig0.05_x1.37_y0.62.in,stress_test
pvc,free_space,0.03,10,0.005,1.84,0.3,pvc_free_space_r0.03_eps10_sig0.005_x1.84_y0.3,pvc_free_space,S_eps10_sig0.005,0.7,D3_deep,R1_small,hard_weak_pvc,pvc_free_space_r0.03_eps10_sig0.005_y0.3,pvc_free_space|S_eps10_sig0.005|R1_small|D3_deep,True,dataset_split/images/val/pvc_free_space_r0.03_eps10_sig0.005_x1.84_y0.3.png,dataset_split/conditions/val/pvc_free_space_r0.03_eps10_sig0.005_x1.84_y0.3.in,val
steel,free_space,0.1,20,0.02,2.33,0.8,steel_free_space_r0.1_eps20_sig0.02_x2.33_y0.8,steel_free_space,S_eps20_sig0.02,0.19999999999999996,D1_shallow,R4_large,easy_strong_reflection,steel_free_space_r0.1_eps20_sig0.02_y0.8,steel_free_space|S_eps20_sig0.02|R4_large|D1_shallow,True,dataset_split/images/train/steel_free_space_r0.1_eps20_sig0.02_x2.33_y0.8.png,dataset_split/conditions/train/steel_free_space_r0.1_eps20_sig0.02_x2.33_y0.8.in,train
steel,free_space,0.05,20,0.02,2.09,0.32,steel_free_space_r0.05_eps20_sig0.02_x2.09_y0.32,steel_free_space,S_eps20_sig0.02,0.6799999999999999,D3_deep,R2_medium_small,easy_strong_reflection,steel_free_space_r0.05_eps20_sig0.02_y0.32,steel_free_space|S_eps20_sig0.02|R2_medium_small|D3_deep,True,dataset_split/images/train/steel_free_space_r0.05_eps20_sig0.02_x2.09_y0.32.png,dataset_split/conditions/train/steel_free_space_r0.05_eps20_sig0.02_x2.09_y0.32.in,train
pvc,water,0.03,10,0.005,2.61,0.39,pvc_water_r0.03_eps10_sig0.005_x2.61_y0.39,pvc_water,S_eps10_sig0.005,0.61,D3_deep,R1_small,medium_water_filled_pvc,pvc_water_r0.03_eps10_sig0.005_y0.39,pvc_water|S_eps10_sig0.005|R1_small|D3_deep,True,dataset_split/images/val/pvc_water_r0.03_eps10_sig0.005_x2.61_y0.39.png,dataset_split/conditions/val/pvc_water_r0.03_eps10_sig0.005_x2.61_y0.39.in,val
steel,free_space,0.05,20,0.02,2.77,0.49,steel_free_space_r0.05_eps20_sig0.02_x2.77_y0.49,steel_free_space,S_eps20_sig0.02,0.51,D2_medium,R2_medium_small,easy_strong_reflection,steel_free_space_r0.05_eps20_sig0.02_y0.49,steel_free_space|S_eps20_sig0.02|R2_medium_small|D2_medium,True,dataset_split/images/train/steel_free_space_r0.05_eps20_sig0.02_x2.77_y0.49.png,dataset_split/conditions/train/steel_free_space_r0.05_eps20_sig0.02_x2.77_y0.49.in,train
pvc,water,0.03,4,0.001,1.87,0.63,pvc_water_r0.03_eps4_sig0.001_x1.87_y0.63,pvc_water,S_eps4_sig0.001,0.37,D2_medium,R1_small,medium_water_filled_pvc,pvc_water_r0.03_eps4_sig0.001_y0.63,pvc_water|S_eps4_sig0.001|R1_small|D2_medium,True,dataset_split/images/train/pvc_water_r0.03_eps4_sig0.001_x1.87_y0.63.png,dataset_split/conditions/train/pvc_water_r0.03_eps4_sig0.001_x1.87_y0.63.in,train
pvc,water,0.05,10,0.005,2.52,0.41,pvc_water_r0.05_eps10_sig0.005_x2.52_y0.41,pvc_water,S_eps10_sig0.005,0.5900000000000001,D3_deep,R2_medium_small,medium_water_filled_pvc,pvc_water_r0.05_eps10_sig0.005_y0.41,pvc_water|S_eps10_sig0.005|R2_medium_small|D3_deep,True,dataset_split/images/train/pvc_water_r0.05_eps10_sig0.005_x2.52_y0.41.png,dataset_split/conditions/train/pvc_water_r0.05_eps10_sig0.005_x2.52_y0.41.in,train
pvc,water,0.1,20,0.02,1.64,0.77,pvc_water_r0.1_eps20_sig0.02_x1.64_y0.77,pvc_water,S_eps20_sig0.02,0.22999999999999998,D1_shallow,R4_large,medium_water_filled_pvc,pvc_water_r0.1_eps20_sig0.02_y0.77,pvc_water|S_eps20_sig0.02|R4_large|D1_shallow,True,dataset_split/images/train/pvc_water_r0.1_eps20_sig0.02_x1.64_y0.77.png,dataset_split/conditions/train/pvc_water_r0.1_eps20_sig0.02_x1.64_y0.77.in,train
steel,free_space,0.1,4,0.001,1.49,0.76,steel_free_space_r0.1_eps4_sig0.001_x1.49_y0.76,steel_free_space,S_eps4_sig0.001,0.24,D1_shallow,R4_large,easy_strong_reflection,steel_free_space_r0.1_eps4_sig0.001_y0.76,steel_free_space|S_eps4_sig0.001|R4_large|D1_shallow,False,dataset_split/images/train/steel_free_space_r0.1_eps4_sig0.001_x1.49_y0.76.png,dataset_split/conditions/train/steel_free_space_r0.1_eps4_sig0.001_x1.49_y0.76.in,train
steel,free_space,0.03,10,0.005,2.07,0.5,steel_free_space_r0.03_eps10_sig0.005_x2.07_y0.5,steel_free_space,S_eps10_sig0.005,0.5,D2_medium,R1_small,easy_strong_reflection,steel_free_space_r0.03_eps10_sig0.005_y0.5,steel_free_space|S_eps10_sig0.005|R1_small|D2_medium,True,dataset_split/images/train/steel_free_space_r0.03_eps10_sig0.005_x2.07_y0.5.png,dataset_split/conditions/train/steel_free_space_r0.03_eps10_sig0.005_x2.07_y0.5.in,train
pvc,water,0.08,5,0.05,1.49,0.63,pvc_water_r0.08_eps5_sig0.05_x1.49_y0.63,pvc_water,S_eps5_sig0.05,0.37,D2_medium,R3_medium_large,medium_water_filled_pvc,pvc_water_r0.08_eps5_sig0.05_y0.63,pvc_water|S_eps5_sig0.05|R3_medium_large|D2_medium,True,dataset_split/images/stress_test/pvc_water_r0.08_eps5_sig0.05_x1.49_y0.63.png,dataset_split/conditions/stress_test/pvc_water_r0.08_eps5_sig0.05_x1.49_y0.63.in,stress_test
pvc,free_space,0.08,4,0.001,1.38,0.77,pvc_free_space_r0.08_eps4_sig0.001_x1.38_y0.77,pvc_free_space,S_eps4_sig0.001,0.22999999999999998,D1_shallow,R3_medium_large,hard_weak_pvc,pvc_free_space_r0.08_eps4_sig0.001_y0.77,pvc_free_space|S_eps4_sig0.001|R3_medium_large|D1_shallow,True,dataset_split/images/train/pvc_free_space_r0.08_eps4_sig0.001_x1.38_y0.77.png,dataset_split/conditions/train/pvc_free_space_r0.08_eps4_sig0.001_x1.38_y0.77.in,train
pvc,free_space,0.05,10,0.005,1.26,0.34,pvc_free_space_r0.05_eps10_sig0.005_x1.26_y0.34,pvc_free_space,S_eps10_sig0.005,0.6599999999999999,D3_deep,R2_medium_small,hard_weak_pvc,pvc_free_space_r0.05_eps10_sig0.005_y0.34,pvc_free_space|S_eps10_sig0.005|R2_medium_small|D3_deep,True,dataset_split/images/train/pvc_free_space_r0.05_eps10_sig0.005_x1.26_y0.34.png,dataset_split/conditions/train/pvc_free_space_r0.05_eps10_sig0.005_x1.26_y0.34.in,train
steel,free_space,0.1,10,0.005,2.05,0.72,steel_free_space_r0.1_eps10_sig0.005_x2.05_y0.72,steel_free_space,S_eps10_sig0.005,0.28,D1_shallow,R4_large,easy_strong_reflection,steel_free_space_r0.1_eps10_sig0.005_y0.72,steel_free_space|S_eps10_sig0.005|R4_large|D1_shallow,False,dataset_split/images/val/steel_free_space_r0.1_eps10_sig0.005_x2.05_y0.72.png,dataset_split/conditions/val/steel_free_space_r0.1_eps10_sig0.005_x2.05_y0.72.in,val
steel,free_space,0.03,10,0.005,1.88,0.53,steel_free_space_r0.03_eps10_sig0.005_x1.88_y0.53,steel_free_space,S_eps10_sig0.005,0.47,D2_medium,R1_small,easy_strong_reflection,steel_free_space_r0.03_eps10_sig0.005_y0.53,steel_free_space|S_eps10_sig0.005|R1_small|D2_medium,True,dataset_split/images/train/steel_free_space_r0.03_eps10_sig0.005_x1.88_y0.53.png,dataset_split/conditions/train/steel_free_space_r0.03_eps10_sig0.005_x1.88_y0.53.in,train
pvc,water,0.05,20,0.02,2.32,0.58,pvc_water_r0.05_eps20_sig0.02_x2.32_y0.58,pvc_water,S_eps20_sig0.02,0.42000000000000004,D2_medium,R2_medium_small,medium_water_filled_pvc,pvc_water_r0.05_eps20_sig0.02_y0.58,pvc_water|S_eps20_sig0.02|R2_medium_small|D2_medium,True,dataset_split/images/train/pvc_water_r0.05_eps20_sig0.02_x2.32_y0.58.png,dataset_split/conditions/train/pvc_water_r0.05_eps20_sig0.02_x2.32_y0.58.in,train
pvc,free_space,0.05,5,0.05,1.31,0.59,pvc_free_space_r0.05_eps5_sig0.05_x1.31_y0.59,pvc_free_space,S_eps5_sig0.05,0.41000000000000003,D2_medium,R2_medium_small,hard_weak_pvc,pvc_free_space_r0.05_eps5_sig0.05_y0.59,pvc_free_space|S_eps5_sig0.05|R2_medium_small|D2_medium,True,dataset_split/images/stress_test/pvc_free_space_r0.05_eps5_sig0.05_x1.31_y0.59.png,dataset_split/conditions/stress_test/pvc_free_space_r0.05_eps5_sig0.05_x1.31_y0.59.in,stress_test
steel,free_space,0.03,20,0.02,2.76,0.56,steel_free_space_r0.03_eps20_sig0.02_x2.76_y0.56,steel_free_space,S_eps20_sig0.02,0.43999999999999995,D2_medium,R1_small,easy_strong_reflection,steel_free_space_r0.03_eps20_sig0.02_y0.56,steel_free_space|S_eps20_sig0.02|R1_small|D2_medium,True,dataset_split/images/val/steel_free_space_r0.03_eps20_sig0.02_x2.76_y0.56.png,dataset_split/conditions/val/steel_free_space_r0.03_eps20_sig0.02_x2.76_y0.56.in,val
steel,free_space,0.1,10,0.005,1.54,0.73,steel_free_space_r0.1_eps10_sig0.005_x1.54_y0.73,steel_free_space,S_eps10_sig0.005,0.27,D1_shallow,R4_large,easy_strong_reflection,steel_free_space_r0.1_eps10_sig0.005_y0.73,steel_free_space|S_eps10_sig0.005|R4_large|D1_shallow,False,dataset_split/images/train/steel_free_space_r0.1_eps10_sig0.005_x1.54_y0.73.png,dataset_split/conditions/train/steel_free_space_r0.1_eps10_sig0.005_x1.54_y0.73.in,train
pvc,free_space,0.1,4,0.001,2.97,0.34,pvc_free_space_r0.1_eps4_sig0.001_x2.97_y0.34,pvc_free_space,S_eps4_sig0.001,0.6599999999999999,D3_deep,R4_large,hard_weak_pvc,pvc_free_space_r0.1_eps4_sig0.001_y0.34,pvc_free_space|S_eps4_sig0.001|R4_large|D3_deep,True,dataset_split/images/val/pvc_free_space_r0.1_eps4_sig0.001_x2.97_y0.34.png,dataset_split/conditions/val/pvc_free_space_r0.1_eps4_sig0.001_x2.97_y0.34.in,val
steel,free_space,0.05,20,0.02,2.85,0.28,steel_free_space_r0.05_eps20_sig0.02_x2.85_y0.28,steel_free_space,S_eps20_sig0.02,0.72,D3_deep,R2_medium_small,easy_strong_reflection,steel_free_space_r0.05_eps20_sig0.02_y0.28,steel_free_space|S_eps20_sig0.02|R2_medium_small|D3_deep,True,dataset_split/images/train/steel_free_space_r0.05_eps20_sig0.02_x2.85_y0.28.png,dataset_split/conditions/train/steel_free_space_r0.05_eps20_sig0.02_x2.85_y0.28.in,train
pvc,free_space,0.1,10,0.005,2.46,0.67,pvc_free_space_r0.1_eps10_sig0.005_x2.46_y0.67,pvc_free_space,S_eps10_sig0.005,0.32999999999999996,D2_medium,R4_large,hard_weak_pvc,pvc_free_space_r0.1_eps10_sig0.005_y0.67,pvc_free_space|S_eps10_sig0.005|R4_large|D2_medium,True,dataset_split/images/val/pvc_free_space_r0.1_eps10_sig0.005_x2.46_y0.67.png,dataset_split/conditions/val/pvc_free_space_r0.1_eps10_sig0.005_x2.46_y0.67.in,val
steel,free_space,0.03,10,0.005,1.88,0.79,steel_free_space_r0.03_eps10_sig0.005_x1.88_y0.79,steel_free_space,S_eps10_sig0.005,0.20999999999999996,D1_shallow,R1_small,easy_strong_reflection,steel_free_space_r0.03_eps10_sig0.005_y0.79,steel_free_space|S_eps10_sig0.005|R1_small|D1_shallow,True,dataset_split/images/train/steel_free_space_r0.03_eps10_sig0.005_x1.88_y0.79.png,dataset_split/conditions/train/steel_free_space_r0.03_eps10_sig0.005_x1.88_y0.79.in,train
pvc,free_space,0.08,10,0.005,1.38,0.47,pvc_free_space_r0.08_eps10_sig0.005_x1.38_y0.47,pvc_free_space,S_eps10_sig0.005,0.53,D2_medium,R3_medium_large,hard_weak_pvc,pvc_free_space_r0.08_eps10_sig0.005_y0.47,pvc_free_space|S_eps10_sig0.005|R3_medium_large|D2_medium,True,dataset_split/images/train/pvc_free_space_r0.08_eps10_sig0.005_x1.38_y0.47.png,dataset_split/conditions/train/pvc_free_space_r0.08_eps10_sig0.005_x1.38_y0.47.in,train
steel,free_space,0.1,20,0.02,2.08,0.27,steel_free_space_r0.1_eps20_sig0.02_x2.08_y0.27,steel_free_space,S_eps20_sig0.02,0.73,D3_deep,R4_large,easy_strong_reflection,steel_free_space_r0.1_eps20_sig0.02_y0.27,steel_free_space|S_eps20_sig0.02|R4_large|D3_deep,True,dataset_split/images/train/steel_free_space_r0.1_eps20_sig0.02_x2.08_y0.27.png,dataset_split/conditions/train/steel_free_space_r0.1_eps20_sig0.02_x2.08_y0.27.in,train
steel,free_space,0.1,10,0.005,1.8,0.67,steel_free_space_r0.1_eps10_sig0.005_x1.8_y0.67,steel_free_space,S_eps10_sig0.005,0.32999999999999996,D2_medium,R4_large,easy_strong_reflection,steel_free_space_r0.1_eps10_sig0.005_y0.67,steel_free_space|S_eps10_sig0.005|R4_large|D2_medium,False,dataset_split/images/train/steel_free_space_r0.1_eps10_sig0.005_x1.8_y0.67.png,dataset_split/conditions/train/steel_free_space_r0.1_eps10_sig0.005_x1.8_y0.67.in,train
pvc,free_space,0.05,5,0.05,1.62,0.66,pvc_free_space_r0.05_eps5_sig0.05_x1.62_y0.66,pvc_free_space,S_eps5_sig0.05,0.33999999999999997,D2_medium,R2_medium_small,hard_weak_pvc,pvc_free_space_r0.05_eps5_sig0.05_y0.66,pvc_free_space|S_eps5_sig0.05|R2_medium_small|D2_medium,True,dataset_split/images/stress_test/pvc_free_space_r0.05_eps5_sig0.05_x1.62_y0.66.png,dataset_split/conditions/stress_test/pvc_free_space_r0.05_eps5_sig0.05_x1.62_y0.66.in,stress_test
pvc,water,0.08,10,0.005,1.56,0.62,pvc_water_r0.08_eps10_sig0.005_x1.56_y0.62,pvc_water,S_eps10_sig0.005,0.38,D2_medium,R3_medium_large,medium_water_filled_pvc,pvc_water_r0.08_eps10_sig0.005_y0.62,pvc_water|S_eps10_sig0.005|R3_medium_large|D2_medium,False,dataset_split/images/train/pvc_water_r0.08_eps10_sig0.005_x1.56_y0.62.png,dataset_split/conditions/train/pvc_water_r0.08_eps10_sig0.005_x1.56_y0.62.in,train
pvc,free_space,0.1,5,0.05,1.63,0.78,pvc_free_space_r0.1_eps5_sig0.05_x1.63_y0.78,pvc_free_space,S_eps5_sig0.05,0.21999999999999997,D1_shallow,R4_large,hard_weak_pvc,pvc_free_space_r0.1_eps5_sig0.05_y0.78,pvc_free_space|S_eps5_sig0.05|R4_large|D1_shallow,True,dataset_split/images/stress_test/pvc_free_space_r0.1_eps5_sig0.05_x1.63_y0.78.png,dataset_split/conditions/stress_test/pvc_free_space_r0.1_eps5_sig0.05_x1.63_y0.78.in,stress_test
steel,free_space,0.03,4,0.001,2.09,0.5,steel_free_space_r0.03_eps4_sig0.001_x2.09_y0.5,steel_free_space,S_eps4_sig0.001,0.5,D2_medium,R1_small,easy_strong_reflection,steel_free_space_r0.03_eps4_sig0.001_y0.5,steel_free_space|S_eps4_sig0.001|R1_small|D2_medium,True,dataset_split/images/train/steel_free_space_r0.03_eps4_sig0.001_x2.09_y0.5.png,dataset_split/conditions/train/steel_free_space_r0.03_eps4_sig0.001_x2.09_y0.5.in,train
steel,free_space,0.05,4,0.001,1.84,0.58,steel_free_space_r0.05_eps4_sig0.001_x1.84_y0.58,steel_free_space,S_eps4_sig0.001,0.42000000000000004,D2_medium,R2_medium_small,easy_strong_reflection,steel_free_space_r0.05_eps4_sig0.001_y0.58,steel_free_space|S_eps4_sig0.001|R2_medium_small|D2_medium,False,dataset_split/images/train/steel_free_space_r0.05_eps4_sig0.001_x1.84_y0.58.png,dataset_split/conditions/train/steel_free_space_r0.05_eps4_sig0.001_x1.84_y0.58.in,train
steel,free_space,0.05,20,0.02,2.56,0.62,steel_free_space_r0.05_eps20_sig0.02_x2.56_y0.62,steel_free_space,S_eps20_sig0.02,0.38,D2_medium,R2_medium_small,easy_strong_reflection,steel_free_space_r0.05_eps20_sig0.02_y0.62,steel_free_space|S_eps20_sig0.02|R2_medium_small|D2_medium,True,dataset_split/images/train/steel_free_space_r0.05_eps20_sig0.02_x2.56_y0.62.png,dataset_split/conditions/train/steel_free_space_r0.05_eps20_sig0.02_x2.56_y0.62.in,train
steel,free_space,0.03,20,0.02,1.71,0.27,steel_free_space_r0.03_eps20_sig0.02_x1.71_y0.27,steel_free_space,S_eps20_sig0.02,0.73,D3_deep,R1_small,easy_strong_reflection,steel_free_space_r0.03_eps20_sig0.02_y0.27,steel_free_space|S_eps20_sig0.02|R1_small|D3_deep,True,dataset_split/images/train/steel_free_space_r0.03_eps20_sig0.02_x1.71_y0.27.png,dataset_split/conditions/train/steel_free_space_r0.03_eps20_sig0.02_x1.71_y0.27.in,train
pvc,free_space,0.05,20,0.02,2.85,0.44,pvc_free_space_r0.05_eps20_sig0.02_x2.85_y0.44,pvc_free_space,S_eps20_sig0.02,0.56,D3_deep,R2_medium_small,hard_weak_pvc,pvc_free_space_r0.05_eps20_sig0.02_y0.44,pvc_free_space|S_eps20_sig0.02|R2_medium_small|D3_deep,True,dataset_split/images/train/pvc_free_space_r0.05_eps20_sig0.02_x2.85_y0.44.png,dataset_split/conditions/train/pvc_free_space_r0.05_eps20_sig0.02_x2.85_y0.44.in,train
pvc,water,0.08,4,0.001,2.78,0.52,pvc_water_r0.08_eps4_sig0.001_x2.78_y0.52,pvc_water,S_eps4_sig0.001,0.48,D2_medium,R3_medium_large,medium_water_filled_pvc,pvc_water_r0.08_eps4_sig0.001_y0.52,pvc_water|S_eps4_sig0.001|R3_medium_large|D2_medium,False,dataset_split/images/train/pvc_water_r0.08_eps4_sig0.001_x2.78_y0.52.png,dataset_split/conditions/train/pvc_water_r0.08_eps4_sig0.001_x2.78_y0.52.in,train
pvc,free_space,0.08,4,0.001,1.88,0.53,pvc_free_space_r0.08_eps4_sig0.001_x1.88_y0.53,pvc_free_space,S_eps4_sig0.001,0.47,D2_medium,R3_medium_large,hard_weak_pvc,pvc_free_space_r0.08_eps4_sig0.001_y0.53,pvc_free_space|S_eps4_sig0.001|R3_medium_large|D2_medium,True,dataset_split/images/train/pvc_free_space_r0.08_eps4_sig0.001_x1.88_y0.53.png,dataset_split/conditions/train/pvc_free_space_r0.08_eps4_sig0.001_x1.88_y0.53.in,train
steel,free_space,0.05,4,0.001,2.86,0.49,steel_free_space_r0.05_eps4_sig0.001_x2.86_y0.49,steel_free_space,S_eps4_sig0.001,0.51,D2_medium,R2_medium_small,easy_strong_reflection,steel_free_space_r0.05_eps4_sig0.001_y0.49,steel_free_space|S_eps4_sig0.001|R2_medium_small|D2_medium,False,dataset_split/images/train/steel_free_space_r0.05_eps4_sig0.001_x2.86_y0.49.png,dataset_split/conditions/train/steel_free_space_r0.05_eps4_sig0.001_x2.86_y0.49.in,train
steel,free_space,0.1,4,0.001,1.24,0.33,steel_free_space_r0.1_eps4_sig0.001_x1.24_y0.33,steel_free_space,S_eps4_sig0.001,0.6699999999999999,D3_deep,R4_large,easy_strong_reflection,steel_free_space_r0.1_eps4_sig0.001_y0.33,steel_free_space|S_eps4_sig0.001|R4_large|D3_deep,True,dataset_split/images/train/steel_free_space_r0.1_eps4_sig0.001_x1.24_y0.33.png,dataset_split/conditions/train/steel_free_space_r0.1_eps4_sig0.001_x1.24_y0.33.in,train
steel,free_space,0.05,20,0.02,1.88,0.59,steel_free_space_r0.05_eps20_sig0.02_x1.88_y0.59,steel_free_space,S_eps20_sig0.02,0.41000000000000003,D2_medium,R2_medium_small,easy_strong_reflection,steel_free_space_r0.05_eps20_sig0.02_y0.59,steel_free_space|S_eps20_sig0.02|R2_medium_small|D2_medium,True,dataset_split/images/train/steel_free_space_r0.05_eps20_sig0.02_x1.88_y0.59.png,dataset_split/conditions/train/steel_free_space_r0.05_eps20_sig0.02_x1.88_y0.59.in,train
pvc,free_space,0.08,5,0.05,1.06,0.76,pvc_free_space_r0.08_eps5_sig0.05_x1.06_y0.76,pvc_free_space,S_eps5_sig0.05,0.24,D1_shallow,R3_medium_large,hard_weak_pvc,pvc_free_space_r0.08_eps5_sig0.05_y0.76,pvc_free_space|S_eps5_sig0.05|R3_medium_large|D1_shallow,True,dataset_split/images/stress_test/pvc_free_space_r0.08_eps5_sig0.05_x1.06_y0.76.png,dataset_split/conditions/stress_test/pvc_free_space_r0.08_eps5_sig0.05_x1.06_y0.76.in,stress_test
pvc,water,0.08,10,0.005,2.76,0.66,pvc_water_r0.08_eps10_sig0.005_x2.76_y0.66,pvc_water,S_eps10_sig0.005,0.33999999999999997,D2_medium,R3_medium_large,medium_water_filled_pvc,pvc_water_r0.08_eps10_sig0.005_y0.66,pvc_water|S_eps10_sig0.005|R3_medium_large|D2_medium,False,dataset_split/images/train/pvc_water_r0.08_eps10_sig0.005_x2.76_y0.66.png,dataset_split/conditions/train/pvc_water_r0.08_eps10_sig0.005_x2.76_y0.66.in,train
steel,free_space,0.08,20,0.02,1.53,0.27,steel_free_space_r0.08_eps20_sig0.02_x1.53_y0.27,steel_free_space,S_eps20_sig0.02,0.73,D3_deep,R3_medium_large,easy_strong_reflection,steel_free_space_r0.08_eps20_sig0.02_y0.27,steel_free_space|S_eps20_sig0.02|R3_medium_large|D3_deep,True,dataset_split/images/train/steel_free_space_r0.08_eps20_sig0.02_x1.53_y0.27.png,dataset_split/conditions/train/steel_free_space_r0.08_eps20_sig0.02_x1.53_y0.27.in,train
steel,free_space,0.05,20,0.02,2.06,0.61,steel_free_space_r0.05_eps20_sig0.02_x2.06_y0.61,steel_free_space,S_eps20_sig0.02,0.39,D2_medium,R2_medium_small,easy_strong_reflection,steel_free_space_r0.05_eps20_sig0.02_y0.61,steel_free_space|S_eps20_sig0.02|R2_medium_small|D2_medium,True,dataset_split/images/train/steel_free_space_r0.05_eps20_sig0.02_x2.06_y0.61.png,dataset_split/conditions/train/steel_free_space_r0.05_eps20_sig0.02_x2.06_y0.61.in,train
steel,free_space,0.03,20,0.02,2.52,0.27,steel_free_space_r0.03_eps20_sig0.02_x2.52_y0.27,steel_free_space,S_eps20_sig0.02,0.73,D3_deep,R1_small,easy_strong_reflection,steel_free_space_r0.03_eps20_sig0.02_y0.27,steel_free_space|S_eps20_sig0.02|R1_small|D3_deep,True,dataset_split/images/train/steel_free_space_r0.03_eps20_sig0.02_x2.52_y0.27.png,dataset_split/conditions/train/steel_free_space_r0.03_eps20_sig0.02_x2.52_y0.27.in,train
pvc,water,0.05,5,0.05,2.49,0.62,pvc_water_r0.05_eps5_sig0.05_x2.49_y0.62,pvc_water,S_eps5_sig0.05,0.38,D2_medium,R2_medium_small,medium_water_filled_pvc,pvc_water_r0.05_eps5_sig0.05_y0.62,pvc_water|S_eps5_sig0.05|R2_medium_small|D2_medium,True,dataset_split/images/stress_test/pvc_water_r0.05_eps5_sig0.05_x2.49_y0.62.png,dataset_split/conditions/stress_test/pvc_water_r0.05_eps5_sig0.05_x2.49_y0.62.in,stress_test
pvc,free_space,0.08,4,0.001,1.84,0.71,pvc_free_space_r0.08_eps4_sig0.001_x1.84_y0.71,pvc_free_space,S_eps4_sig0.001,0.29000000000000004,D1_shallow,R3_medium_large,hard_weak_pvc,pvc_free_space_r0.08_eps4_sig0.001_y0.71,pvc_free_space|S_eps4_sig0.001|R3_medium_large|D1_shallow,True,dataset_split/images/train/pvc_free_space_r0.08_eps4_sig0.001_x1.84_y0.71.png,dataset_split/conditions/train/pvc_free_space_r0.08_eps4_sig0.001_x1.84_y0.71.in,train
steel,free_space,0.1,20,0.02,2.71,0.64,steel_free_space_r0.1_eps20_sig0.02_x2.71_y0.64,steel_free_space,S_eps20_sig0.02,0.36,D2_medium,R4_large,easy_strong_reflection,steel_free_space_r0.1_eps20_sig0.02_y0.64,steel_free_space|S_eps20_sig0.02|R4_large|D2_medium,True,dataset_split/images/train/steel_free_space_r0.1_eps20_sig0.02_x2.71_y0.64.png,dataset_split/conditions/train/steel_free_space_r0.1_eps20_sig0.02_x2.71_y0.64.in,train
pvc,water,0.08,10,0.005,1.58,0.31,pvc_water_r0.08_eps10_sig0.005_x1.58_y0.31,pvc_water,S_eps10_sig0.005,0.69,D3_deep,R3_medium_large,medium_water_filled_pvc,pvc_water_r0.08_eps10_sig0.005_y0.31,pvc_water|S_eps10_sig0.005|R3_medium_large|D3_deep,True,dataset_split/images/train/pvc_water_r0.08_eps10_sig0.005_x1.58_y0.31.png,dataset_split/conditions/train/pvc_water_r0.08_eps10_sig0.005_x1.58_y0.31.in,train
pvc,water,0.05,4,0.001,2.77,0.34,pvc_water_r0.05_eps4_sig0.001_x2.77_y0.34,pvc_water,S_eps4_sig0.001,0.6599999999999999,D3_deep,R2_medium_small,medium_water_filled_pvc,pvc_water_r0.05_eps4_sig0.001_y0.34,pvc_water|S_eps4_sig0.001|R2_medium_small|D3_deep,True,dataset_split/images/val/pvc_water_r0.05_eps4_sig0.001_x2.77_y0.34.png,dataset_split/conditions/val/pvc_water_r0.05_eps4_sig0.001_x2.77_y0.34.in,val
pvc,water,0.1,4,0.001,1.57,0.54,pvc_water_r0.1_eps4_sig0.001_x1.57_y0.54,pvc_water,S_eps4_sig0.001,0.45999999999999996,D2_medium,R4_large,medium_water_filled_pvc,pvc_water_r0.1_eps4_sig0.001_y0.54,pvc_water|S_eps4_sig0.001|R4_large|D2_medium,False,dataset_split/images/test_id/pvc_water_r0.1_eps4_sig0.001_x1.57_y0.54.png,dataset_split/conditions/test_id/pvc_water_r0.1_eps4_sig0.001_x1.57_y0.54.in,test_id
steel,free_space,0.05,10,0.005,1.8,0.62,steel_free_space_r0.05_eps10_sig0.005_x1.8_y0.62,steel_free_space,S_eps10_sig0.005,0.38,D2_medium,R2_medium_small,easy_strong_reflection,steel_free_space_r0.05_eps10_sig0.005_y0.62,steel_free_space|S_eps10_sig0.005|R2_medium_small|D2_medium,False,dataset_split/images/test_id/steel_free_space_r0.05_eps10_sig0.005_x1.8_y0.62.png,dataset_split/conditions/test_id/steel_free_space_r0.05_eps10_sig0.005_x1.8_y0.62.in,test_id
steel,free_space,0.05,20,0.02,2.81,0.79,steel_free_space_r0.05_eps20_sig0.02_x2.81_y0.79,steel_free_space,S_eps20_sig0.02,0.20999999999999996,D1_shallow,R2_medium_small,easy_strong_reflection,steel_free_space_r0.05_eps20_sig0.02_y0.79,steel_free_space|S_eps20_sig0.02|R2_medium_small|D1_shallow,True,dataset_split/images/train/steel_free_space_r0.05_eps20_sig0.02_x2.81_y0.79.png,dataset_split/conditions/train/steel_free_space_r0.05_eps20_sig0.02_x2.81_y0.79.in,train
steel,free_space,0.03,10,0.005,1.97,0.45,steel_free_space_r0.03_eps10_sig0.005_x1.97_y0.45,steel_free_space,S_eps10_sig0.005,0.55,D2_medium,R1_small,easy_strong_reflection,steel_free_space_r0.03_eps10_sig0.005_y0.45,steel_free_space|S_eps10_sig0.005|R1_small|D2_medium,True,dataset_split/images/train/steel_free_space_r0.03_eps10_sig0.005_x1.97_y0.45.png,dataset_split/conditions/train/steel_free_space_r0.03_eps10_sig0.005_x1.97_y0.45.in,train
steel,free_space,0.1,5,0.05,1.53,0.38,steel_free_space_r0.1_eps5_sig0.05_x1.53_y0.38,steel_free_space,S_eps5_sig0.05,0.62,D3_deep,R4_large,easy_strong_reflection,steel_free_space_r0.1_eps5_sig0.05_y0.38,steel_free_space|S_eps5_sig0.05|R4_large|D3_deep,True,dataset_split/images/stress_test/steel_free_space_r0.1_eps5_sig0.05_x1.53_y0.38.png,dataset_split/conditions/stress_test/steel_free_space_r0.1_eps5_sig0.05_x1.53_y0.38.in,stress_test
pvc,water,0.03,5,0.05,1.25,0.74,pvc_water_r0.03_eps5_sig0.05_x1.25_y0.74,pvc_water,S_eps5_sig0.05,0.26,D1_shallow,R1_small,medium_water_filled_pvc,pvc_water_r0.03_eps5_sig0.05_y0.74,pvc_water|S_eps5_sig0.05|R1_small|D1_shallow,True,dataset_split/images/stress_test/pvc_water_r0.03_eps5_sig0.05_x1.25_y0.74.png,dataset_split/conditions/stress_test/pvc_water_r0.03_eps5_sig0.05_x1.25_y0.74.in,stress_test
steel,free_space,0.03,4,0.001,2.93,0.53,steel_free_space_r0.03_eps4_sig0.001_x2.93_y0.53,steel_free_space,S_eps4_sig0.001,0.47,D2_medium,R1_small,easy_strong_reflection,steel_free_space_r0.03_eps4_sig0.001_y0.53,steel_free_space|S_eps4_sig0.001|R1_small|D2_medium,True,dataset_split/images/train/steel_free_space_r0.03_eps4_sig0.001_x2.93_y0.53.png,dataset_split/conditions/train/steel_free_space_r0.03_eps4_sig0.001_x2.93_y0.53.in,train
steel,free_space,0.1,5,0.05,1.35,0.43,steel_free_space_r0.1_eps5_sig0.05_x1.35_y0.43,steel_free_space,S_eps5_sig0.05,0.5700000000000001,D3_deep,R4_large,easy_strong_reflection,steel_free_space_r0.1_eps5_sig0.05_y0.43,steel_free_space|S_eps5_sig0.05|R4_large|D3_deep,True,dataset_split/images/stress_test/steel_free_space_r0.1_eps5_sig0.05_x1.35_y0.43.png,dataset_split/conditions/stress_test/steel_free_space_r0.1_eps5_sig0.05_x1.35_y0.43.in,stress_test
steel,free_space,0.03,5,0.05,2.42,0.7,steel_free_space_r0.03_eps5_sig0.05_x2.42_y0.7,steel_free_space,S_eps5_sig0.05,0.30000000000000004,D2_medium,R1_small,easy_strong_reflection,steel_free_space_r0.03_eps5_sig0.05_y0.7,steel_free_space|S_eps5_sig0.05|R1_small|D2_medium,True,dataset_split/images/stress_test/steel_free_space_r0.03_eps5_sig0.05_x2.42_y0.7.png,dataset_split/conditions/stress_test/steel_free_space_r0.03_eps5_sig0.05_x2.42_y0.7.in,stress_test
pvc,free_space,0.03,10,0.005,1.02,0.32,pvc_free_space_r0.03_eps10_sig0.005_x1.02_y0.32,pvc_free_space,S_eps10_sig0.005,0.6799999999999999,D3_deep,R1_small,hard_weak_pvc,pvc_free_space_r0.03_eps10_sig0.005_y0.32,pvc_free_space|S_eps10_sig0.005|R1_small|D3_deep,True,dataset_split/images/train/pvc_free_space_r0.03_eps10_sig0.005_x1.02_y0.32.png,dataset_split/conditions/train/pvc_free_space_r0.03_eps10_sig0.005_x1.02_y0.32.in,train
steel,free_space,0.08,20,0.02,2.97,0.62,steel_free_space_r0.08_eps20_sig0.02_x2.97_y0.62,steel_free_space,S_eps20_sig0.02,0.38,D2_medium,R3_medium_large,easy_strong_reflection,steel_free_space_r0.08_eps20_sig0.02_y0.62,steel_free_space|S_eps20_sig0.02|R3_medium_large|D2_medium,True,dataset_split/images/train/steel_free_space_r0.08_eps20_sig0.02_x2.97_y0.62.png,dataset_split/conditions/train/steel_free_space_r0.08_eps20_sig0.02_x2.97_y0.62.in,train
pvc,free_space,0.1,4,0.001,2.57,0.55,pvc_free_space_r0.1_eps4_sig0.001_x2.57_y0.55,pvc_free_space,S_eps4_sig0.001,0.44999999999999996,D2_medium,R4_large,hard_weak_pvc,pvc_free_space_r0.1_eps4_sig0.001_y0.55,pvc_free_space|S_eps4_sig0.001|R4_large|D2_medium,True,dataset_split/images/train/pvc_free_space_r0.1_eps4_sig0.001_x2.57_y0.55.png,dataset_split/conditions/train/pvc_free_space_r0.1_eps4_sig0.001_x2.57_y0.55.in,train
pvc,water,0.05,20,0.02,2.69,0.62,pvc_water_r0.05_eps20_sig0.02_x2.69_y0.62,pvc_water,S_eps20_sig0.02,0.38,D2_medium,R2_medium_small,medium_water_filled_pvc,pvc_water_r0.05_eps20_sig0.02_y0.62,pvc_water|S_eps20_sig0.02|R2_medium_small|D2_medium,True,dataset_split/images/test_id/pvc_water_r0.05_eps20_sig0.02_x2.69_y0.62.png,dataset_split/conditions/test_id/pvc_water_r0.05_eps20_sig0.02_x2.69_y0.62.in,test_id
pvc,water,0.1,5,0.05,1.01,0.78,pvc_water_r0.1_eps5_sig0.05_x1.01_y0.78,pvc_water,S_eps5_sig0.05,0.21999999999999997,D1_shallow,R4_large,medium_water_filled_pvc,pvc_water_r0.1_eps5_sig0.05_y0.78,pvc_water|S_eps5_sig0.05|R4_large|D1_shallow,True,dataset_split/images/stress_test/pvc_water_r0.1_eps5_sig0.05_x1.01_y0.78.png,dataset_split/conditions/stress_test/pvc_water_r0.1_eps5_sig0.05_x1.01_y0.78.in,stress_test
steel,free_space,0.1,10,0.005,2.14,0.57,steel_free_space_r0.1_eps10_sig0.005_x2.14_y0.57,steel_free_space,S_eps10_sig0.005,0.43000000000000005,D2_medium,R4_large,easy_strong_reflection,steel_free_space_r0.1_eps10_sig0.005_y0.57,steel_free_space|S_eps10_sig0.005|R4_large|D2_medium,False,dataset_split/images/train/steel_free_space_r0.1_eps10_sig0.005_x2.14_y0.57.png,dataset_split/conditions/train/steel_free_space_r0.1_eps10_sig0.005_x2.14_y0.57.in,train
steel,free_space,0.03,5,0.05,2.83,0.67,steel_free_space_r0.03_eps5_sig0.05_x2.83_y0.67,steel_free_space,S_eps5_sig0.05,0.32999999999999996,D2_medium,R1_small,easy_strong_reflection,steel_free_space_r0.03_eps5_sig0.05_y0.67,steel_free_space|S_eps5_sig0.05|R1_small|D2_medium,True,dataset_split/images/stress_test/steel_free_space_r0.03_eps5_sig0.05_x2.83_y0.67.png,dataset_split/conditions/stress_test/steel_free_space_r0.03_eps5_sig0.05_x2.83_y0.67.in,stress_test
pvc,water,0.1,5,0.05,1.88,0.75,pvc_water_r0.1_eps5_sig0.05_x1.88_y0.75,pvc_water,S_eps5_sig0.05,0.25,D1_shallow,R4_large,medium_water_filled_pvc,pvc_water_r0.1_eps5_sig0.05_y0.75,pvc_water|S_eps5_sig0.05|R4_large|D1_shallow,True,dataset_split/images/stress_test/pvc_water_r0.1_eps5_sig0.05_x1.88_y0.75.png,dataset_split/conditions/stress_test/pvc_water_r0.1_eps5_sig0.05_x1.88_y0.75.in,stress_test
pvc,free_space,0.1,10,0.005,2.02,0.53,pvc_free_space_r0.1_eps10_sig0.005_x2.02_y0.53,pvc_free_space,S_eps10_sig0.005,0.47,D2_medium,R4_large,hard_weak_pvc,pvc_free_space_r0.1_eps10_sig0.005_y0.53,pvc_free_space|S_eps10_sig0.005|R4_large|D2_medium,True,dataset_split/images/train/pvc_free_space_r0.1_eps10_sig0.005_x2.02_y0.53.png,dataset_split/conditions/train/pvc_free_space_r0.1_eps10_sig0.005_x2.02_y0.53.in,train
steel,free_space,0.08,4,0.001,1.74,0.52,steel_free_space_r0.08_eps4_sig0.001_x1.74_y0.52,steel_free_space,S_eps4_sig0.001,0.48,D2_medium,R3_medium_large,easy_strong_reflection,steel_free_space_r0.08_eps4_sig0.001_y0.52,steel_free_space|S_eps4_sig0.001|R3_medium_large|D2_medium,False,dataset_split/images/train/steel_free_space_r0.08_eps4_sig0.001_x1.74_y0.52.png,dataset_split/conditions/train/steel_free_space_r0.08_eps4_sig0.001_x1.74_y0.52.in,train
pvc,water,0.08,10,0.005,1.44,0.53,pvc_water_r0.08_eps10_sig0.005_x1.44_y0.53,pvc_water,S_eps10_sig0.005,0.47,D2_medium,R3_medium_large,medium_water_filled_pvc,pvc_water_r0.08_eps10_sig0.005_y0.53,pvc_water|S_eps10_sig0.005|R3_medium_large|D2_medium,False,dataset_split/images/val/pvc_water_r0.08_eps10_sig0.005_x1.44_y0.53.png,dataset_split/conditions/val/pvc_water_r0.08_eps10_sig0.005_x1.44_y0.53.in,val
steel,free_space,0.03,5,0.05,2.0,0.5,steel_free_space_r0.03_eps5_sig0.05_x2.0_y0.5,steel_free_space,S_eps5_sig0.05,0.5,D2_medium,R1_small,easy_strong_reflection,steel_free_space_r0.03_eps5_sig0.05_y0.5,steel_free_space|S_eps5_sig0.05|R1_small|D2_medium,True,dataset_split/images/stress_test/steel_free_space_r0.03_eps5_sig0.05_x2.0_y0.5.png,dataset_split/conditions/stress_test/steel_free_space_r0.03_eps5_sig0.05_x2.0_y0.5.in,stress_test
steel,free_space,0.1,20,0.02,1.18,0.34,steel_free_space_r0.1_eps20_sig0.02_x1.18_y0.34,steel_free_space,S_eps20_sig0.02,0.6599999999999999,D3_deep,R4_large,easy_strong_reflection,steel_free_space_r0.1_eps20_sig0.02_y0.34,steel_free_space|S_eps20_sig0.02|R4_large|D3_deep,True,dataset_split/images/train/steel_free_space_r0.1_eps20_sig0.02_x1.18_y0.34.png,dataset_split/conditions/train/steel_free_space_r0.1_eps20_sig0.02_x1.18_y0.34.in,train
pvc,free_space,0.1,4,0.001,2.07,0.48,pvc_free_space_r0.1_eps4_sig0.001_x2.07_y0.48,pvc_free_space,S_eps4_sig0.001,0.52,D2_medium,R4_large,hard_weak_pvc,pvc_free_space_r0.1_eps4_sig0.001_y0.48,pvc_free_space|S_eps4_sig0.001|R4_large|D2_medium,True,dataset_split/images/train/pvc_free_space_r0.1_eps4_sig0.001_x2.07_y0.48.png,dataset_split/conditions/train/pvc_free_space_r0.1_eps4_sig0.001_x2.07_y0.48.in,train
steel,free_space,0.08,10,0.005,2.71,0.5,steel_free_space_r0.08_eps10_sig0.005_x2.71_y0.5,steel_free_space,S_eps10_sig0.005,0.5,D2_medium,R3_medium_large,easy_strong_reflection,steel_free_space_r0.08_eps10_sig0.005_y0.5,steel_free_space|S_eps10_sig0.005|R3_medium_large|D2_medium,False,dataset_split/images/train/steel_free_space_r0.08_eps10_sig0.005_x2.71_y0.5.png,dataset_split/conditions/train/steel_free_space_r0.08_eps10_sig0.005_x2.71_y0.5.in,train
steel,free_space,0.03,20,0.02,1.75,0.35,steel_free_space_r0.03_eps20_sig0.02_x1.75_y0.35,steel_free_space,S_eps20_sig0.02,0.65,D3_deep,R1_small,easy_strong_reflection,steel_free_space_r0.03_eps20_sig0.02_y0.35,steel_free_space|S_eps20_sig0.02|R1_small|D3_deep,True,dataset_split/images/val/steel_free_space_r0.03_eps20_sig0.02_x1.75_y0.35.png,dataset_split/conditions/val/steel_free_space_r0.03_eps20_sig0.02_x1.75_y0.35.in,val
pvc,free_space,0.1,10,0.005,2.72,0.51,pvc_free_space_r0.1_eps10_sig0.005_x2.72_y0.51,pvc_free_space,S_eps10_sig0.005,0.49,D2_medium,R4_large,hard_weak_pvc,pvc_free_space_r0.1_eps10_sig0.005_y0.51,pvc_free_space|S_eps10_sig0.005|R4_large|D2_medium,True,dataset_split/images/train/pvc_free_space_r0.1_eps10_sig0.005_x2.72_y0.51.png,dataset_split/conditions/train/pvc_free_space_r0.1_eps10_sig0.005_x2.72_y0.51.in,train
steel,free_space,0.08,10,0.005,1.21,0.61,steel_free_space_r0.08_eps10_sig0.005_x1.21_y0.61,steel_free_space,S_eps10_sig0.005,0.39,D2_medium,R3_medium_large,easy_strong_reflection,steel_free_space_r0.08_eps10_sig0.005_y0.61,steel_free_space|S_eps10_sig0.005|R3_medium_large|D2_medium,False,dataset_split/images/train/steel_free_space_r0.08_eps10_sig0.005_x1.21_y0.61.png,dataset_split/conditions/train/steel_free_space_r0.08_eps10_sig0.005_x1.21_y0.61.in,train
steel,free_space,0.05,20,0.02,2.33,0.43,steel_free_space_r0.05_eps20_sig0.02_x2.33_y0.43,steel_free_space,S_eps20_sig0.02,0.5700000000000001,D3_deep,R2_medium_small,easy_strong_reflection,steel_free_space_r0.05_eps20_sig0.02_y0.43,steel_free_space|S_eps20_sig0.02|R2_medium_small|D3_deep,True,dataset_split/images/test_id/steel_free_space_r0.05_eps20_sig0.02_x2.33_y0.43.png,dataset_split/conditions/test_id/steel_free_space_r0.05_eps20_sig0.02_x2.33_y0.43.in,test_id
steel,free_space,0.03,20,0.02,1.07,0.35,steel_free_space_r0.03_eps20_sig0.02_x1.07_y0.35,steel_free_space,S_eps20_sig0.02,0.65,D3_deep,R1_small,easy_strong_reflection,steel_free_space_r0.03_eps20_sig0.02_y0.35,steel_free_space|S_eps20_sig0.02|R1_small|D3_deep,True,dataset_split/images/val/steel_free_space_r0.03_eps20_sig0.02_x1.07_y0.35.png,dataset_split/conditions/val/steel_free_space_r0.03_eps20_sig0.02_x1.07_y0.35.in,val
pvc,water,0.1,20,0.02,1.0,0.79,pvc_water_r0.1_eps20_sig0.02_x1.0_y0.79,pvc_water,S_eps20_sig0.02,0.20999999999999996,D1_shallow,R4_large,medium_water_filled_pvc,pvc_water_r0.1_eps20_sig0.02_y0.79,pvc_water|S_eps20_sig0.02|R4_large|D1_shallow,True,dataset_split/images/train/pvc_water_r0.1_eps20_sig0.02_x1.0_y0.79.png,dataset_split/conditions/train/pvc_water_r0.1_eps20_sig0.02_x1.0_y0.79.in,train
pvc,free_space,0.03,20,0.02,2.06,0.28,pvc_free_space_r0.03_eps20_sig0.02_x2.06_y0.28,pvc_free_space,S_eps20_sig0.02,0.72,D3_deep,R1_small,hard_weak_pvc,pvc_free_space_r0.03_eps20_sig0.02_y0.28,pvc_free_space|S_eps20_sig0.02|R1_small|D3_deep,True,dataset_split/images/test_id/pvc_free_space_r0.03_eps20_sig0.02_x2.06_y0.28.png,dataset_split/conditions/test_id/pvc_free_space_r0.03_eps20_sig0.02_x2.06_y0.28.in,test_id
pvc,free_space,0.05,4,0.001,1.34,0.65,pvc_free_space_r0.05_eps4_sig0.001_x1.34_y0.65,pvc_free_space,S_eps4_sig0.001,0.35,D2_medium,R2_medium_small,hard_weak_pvc,pvc_free_space_r0.05_eps4_sig0.001_y0.65,pvc_free_space|S_eps4_sig0.001|R2_medium_small|D2_medium,True,dataset_split/images/train/pvc_free_space_r0.05_eps4_sig0.001_x1.34_y0.65.png,dataset_split/conditions/train/pvc_free_space_r0.05_eps4_sig0.001_x1.34_y0.65.in,train
steel,free_space,0.05,5,0.05,2.62,0.75,steel_free_space_r0.05_eps5_sig0.05_x2.62_y0.75,steel_free_space,S_eps5_sig0.05,0.25,D1_shallow,R2_medium_small,easy_strong_reflection,steel_free_space_r0.05_eps5_sig0.05_y0.75,steel_free_space|S_eps5_sig0.05|R2_medium_small|D1_shallow,True,dataset_split/images/stress_test/steel_free_space_r0.05_eps5_sig0.05_x2.62_y0.75.png,dataset_split/conditions/stress_test/steel_free_space_r0.05_eps5_sig0.05_x2.62_y0.75.in,stress_test
pvc,free_space,0.1,4,0.001,1.5,0.42,pvc_free_space_r0.1_eps4_sig0.001_x1.5_y0.42,pvc_free_space,S_eps4_sig0.001,0.5800000000000001,D3_deep,R4_large,hard_weak_pvc,pvc_free_space_r0.1_eps4_sig0.001_y0.42,pvc_free_space|S_eps4_sig0.001|R4_large|D3_deep,True,dataset_split/images/train/pvc_free_space_r0.1_eps4_sig0.001_x1.5_y0.42.png,dataset_split/conditions/train/pvc_free_space_r0.1_eps4_sig0.001_x1.5_y0.42.in,train
pvc,free_space,0.1,5,0.05,1.76,0.62,pvc_free_space_r0.1_eps5_sig0.05_x1.76_y0.62,pvc_free_space,S_eps5_sig0.05,0.38,D2_medium,R4_large,hard_weak_pvc,pvc_free_space_r0.1_eps5_sig0.05_y0.62,pvc_free_space|S_eps5_sig0.05|R4_large|D2_medium,True,dataset_split/images/stress_test/pvc_free_space_r0.1_eps5_sig0.05_x1.76_y0.62.png,dataset_split/conditions/stress_test/pvc_free_space_r0.1_eps5_sig0.05_x1.76_y0.62.in,stress_test
steel,free_space,0.03,10,0.005,2.53,0.57,steel_free_space_r0.03_eps10_sig0.005_x2.53_y0.57,steel_free_space,S_eps10_sig0.005,0.43000000000000005,D2_medium,R1_small,easy_strong_reflection,steel_free_space_r0.03_eps10_sig0.005_y0.57,steel_free_space|S_eps10_sig0.005|R1_small|D2_medium,True,dataset_split/images/val/steel_free_space_r0.03_eps10_sig0.005_x2.53_y0.57.png,dataset_split/conditions/val/steel_free_space_r0.03_eps10_sig0.005_x2.53_y0.57.in,val
steel,free_space,0.1,10,0.005,2.26,0.62,steel_free_space_r0.1_eps10_sig0.005_x2.26_y0.62,steel_free_space,S_eps10_sig0.005,0.38,D2_medium,R4_large,easy_strong_reflection,steel_free_space_r0.1_eps10_sig0.005_y0.62,steel_free_space|S_eps10_sig0.005|R4_large|D2_medium,False,dataset_split/images/val/steel_free_space_r0.1_eps10_sig0.005_x2.26_y0.62.png,dataset_split/conditions/val/steel_free_space_r0.1_eps10_sig0.005_x2.26_y0.62.in,val
pvc,water,0.1,10,0.005,2.81,0.41,pvc_water_r0.1_eps10_sig0.005_x2.81_y0.41,pvc_water,S_eps10_sig0.005,0.5900000000000001,D3_deep,R4_large,medium_water_filled_pvc,pvc_water_r0.1_eps10_sig0.005_y0.41,pvc_water|S_eps10_sig0.005|R4_large|D3_deep,True,dataset_split/images/train/pvc_water_r0.1_eps10_sig0.005_x2.81_y0.41.png,dataset_split/conditions/train/pvc_water_r0.1_eps10_sig0.005_x2.81_y0.41.in,train
pvc,water,0.08,4,0.001,1.98,0.63,pvc_water_r0.08_eps4_sig0.001_x1.98_y0.63,pvc_water,S_eps4_sig0.001,0.37,D2_medium,R3_medium_large,medium_water_filled_pvc,pvc_water_r0.08_eps4_sig0.001_y0.63,pvc_water|S_eps4_sig0.001|R3_medium_large|D2_medium,False,dataset_split/images/val/pvc_water_r0.08_eps4_sig0.001_x1.98_y0.63.png,dataset_split/conditions/val/pvc_water_r0.08_eps4_sig0.001_x1.98_y0.63.in,val
pvc,free_space,0.03,20,0.02,1.98,0.3,pvc_free_space_r0.03_eps20_sig0.02_x1.98_y0.3,pvc_free_space,S_eps20_sig0.02,0.7,D3_deep,R1_small,hard_weak_pvc,pvc_free_space_r0.03_eps20_sig0.02_y0.3,pvc_free_space|S_eps20_sig0.02|R1_small|D3_deep,True,dataset_split/images/train/pvc_free_space_r0.03_eps20_sig0.02_x1.98_y0.3.png,dataset_split/conditions/train/pvc_free_space_r0.03_eps20_sig0.02_x1.98_y0.3.in,train
pvc,free_space,0.03,20,0.02,2.7,0.68,pvc_free_space_r0.03_eps20_sig0.02_x2.7_y0.68,pvc_free_space,S_eps20_sig0.02,0.31999999999999995,D2_medium,R1_small,hard_weak_pvc,pvc_free_space_r0.03_eps20_sig0.02_y0.68,pvc_free_space|S_eps20_sig0.02|R1_small|D2_medium,True,dataset_split/images/train/pvc_free_space_r0.03_eps20_sig0.02_x2.7_y0.68.png,dataset_split/conditions/train/pvc_free_space_r0.03_eps20_sig0.02_x2.7_y0.68.in,train
pvc,water,0.05,5,0.05,1.12,0.51,pvc_water_r0.05_eps5_sig0.05_x1.12_y0.51,pvc_water,S_eps5_sig0.05,0.49,D2_medium,R2_medium_small,medium_water_filled_pvc,pvc_water_r0.05_eps5_sig0.05_y0.51,pvc_water|S_eps5_sig0.05|R2_medium_small|D2_medium,True,dataset_split/images/stress_test/pvc_water_r0.05_eps5_sig0.05_x1.12_y0.51.png,dataset_split/conditions/stress_test/pvc_water_r0.05_eps5_sig0.05_x1.12_y0.51.in,stress_test
steel,free_space,0.03,5,0.05,1.57,0.61,steel_free_space_r0.03_eps5_sig0.05_x1.57_y0.61,steel_free_space,S_eps5_sig0.05,0.39,D2_medium,R1_small,easy_strong_reflection,steel_free_space_r0.03_eps5_sig0.05_y0.61,steel_free_space|S_eps5_sig0.05|R1_small|D2_medium,True,dataset_split/images/stress_test/steel_free_space_r0.03_eps5_sig0.05_x1.57_y0.61.png,dataset_split/conditions/stress_test/steel_free_space_r0.03_eps5_sig0.05_x1.57_y0.61.in,stress_test
steel,free_space,0.03,4,0.001,1.16,0.38,steel_free_space_r0.03_eps4_sig0.001_x1.16_y0.38,steel_free_space,S_eps4_sig0.001,0.62,D3_deep,R1_small,easy_strong_reflection,steel_free_space_r0.03_eps4_sig0.001_y0.38,steel_free_space|S_eps4_sig0.001|R1_small|D3_deep,True,dataset_split/images/train/steel_free_space_r0.03_eps4_sig0.001_x1.16_y0.38.png,dataset_split/conditions/train/steel_free_space_r0.03_eps4_sig0.001_x1.16_y0.38.in,train
steel,free_space,0.05,4,0.001,2.19,0.49,steel_free_space_r0.05_eps4_sig0.001_x2.19_y0.49,steel_free_space,S_eps4_sig0.001,0.51,D2_medium,R2_medium_small,easy_strong_reflection,steel_free_space_r0.05_eps4_sig0.001_y0.49,steel_free_space|S_eps4_sig0.001|R2_medium_small|D2_medium,False,dataset_split/images/train/steel_free_space_r0.05_eps4_sig0.001_x2.19_y0.49.png,dataset_split/conditions/train/steel_free_space_r0.05_eps4_sig0.001_x2.19_y0.49.in,train
pvc,water,0.05,10,0.005,1.42,0.43,pvc_water_r0.05_eps10_sig0.005_x1.42_y0.43,pvc_water,S_eps10_sig0.005,0.5700000000000001,D3_deep,R2_medium_small,medium_water_filled_pvc,pvc_water_r0.05_eps10_sig0.005_y0.43,pvc_water|S_eps10_sig0.005|R2_medium_small|D3_deep,True,dataset_split/images/val/pvc_water_r0.05_eps10_sig0.005_x1.42_y0.43.png,dataset_split/conditions/val/pvc_water_r0.05_eps10_sig0.005_x1.42_y0.43.in,val
pvc,water,0.1,4,0.001,1.54,0.53,pvc_water_r0.1_eps4_sig0.001_x1.54_y0.53,pvc_water,S_eps4_sig0.001,0.47,D2_medium,R4_large,medium_water_filled_pvc,pvc_water_r0.1_eps4_sig0.001_y0.53,pvc_water|S_eps4_sig0.001|R4_large|D2_medium,False,dataset_split/images/train/pvc_water_r0.1_eps4_sig0.001_x1.54_y0.53.png,dataset_split/conditions/train/pvc_water_r0.1_eps4_sig0.001_x1.54_y0.53.in,train
steel,free_space,0.03,20,0.02,2.11,0.63,steel_free_space_r0.03_eps20_sig0.02_x2.11_y0.63,steel_free_space,S_eps20_sig0.02,0.37,D2_medium,R1_small,easy_strong_reflection,steel_free_space_r0.03_eps20_sig0.02_y0.63,steel_free_space|S_eps20_sig0.02|R1_small|D2_medium,True,dataset_split/images/train/steel_free_space_r0.03_eps20_sig0.02_x2.11_y0.63.png,dataset_split/conditions/train/steel_free_space_r0.03_eps20_sig0.02_x2.11_y0.63.in,train
steel,free_space,0.03,4,0.001,1.51,0.59,steel_free_space_r0.03_eps4_sig0.001_x1.51_y0.59,steel_free_space,S_eps4_sig0.001,0.41000000000000003,D2_medium,R1_small,easy_strong_reflection,steel_free_space_r0.03_eps4_sig0.001_y0.59,steel_free_space|S_eps4_sig0.001|R1_small|D2_medium,True,dataset_split/images/val/steel_free_space_r0.03_eps4_sig0.001_x1.51_y0.59.png,dataset_split/conditions/val/steel_free_space_r0.03_eps4_sig0.001_x1.51_y0.59.in,val
pvc,free_space,0.08,10,0.005,1.77,0.53,pvc_free_space_r0.08_eps10_sig0.005_x1.77_y0.53,pvc_free_space,S_eps10_sig0.005,0.47,D2_medium,R3_medium_large,hard_weak_pvc,pvc_free_space_r0.08_eps10_sig0.005_y0.53,pvc_free_space|S_eps10_sig0.005|R3_medium_large|D2_medium,True,dataset_split/images/train/pvc_free_space_r0.08_eps10_sig0.005_x1.77_y0.53.png,dataset_split/conditions/train/pvc_free_space_r0.08_eps10_sig0.005_x1.77_y0.53.in,train
steel,free_space,0.03,10,0.005,2.25,0.3,steel_free_space_r0.03_eps10_sig0.005_x2.25_y0.3,steel_free_space,S_eps10_sig0.005,0.7,D3_deep,R1_small,easy_strong_reflection,steel_free_space_r0.03_eps10_sig0.005_y0.3,steel_free_space|S_eps10_sig0.005|R1_small|D3_deep,True,dataset_split/images/train/steel_free_space_r0.03_eps10_sig0.005_x2.25_y0.3.png,dataset_split/conditions/train/steel_free_space_r0.03_eps10_sig0.005_x2.25_y0.3.in,train
steel,free_space,0.1,20,0.02,2.48,0.69,steel_free_space_r0.1_eps20_sig0.02_x2.48_y0.69,steel_free_space,S_eps20_sig0.02,0.31000000000000005,D2_medium,R4_large,easy_strong_reflection,steel_free_space_r0.1_eps20_sig0.02_y0.69,steel_free_space|S_eps20_sig0.02|R4_large|D2_medium,True,dataset_split/images/test_id/steel_free_space_r0.1_eps20_sig0.02_x2.48_y0.69.png,dataset_split/conditions/test_id/steel_free_space_r0.1_eps20_sig0.02_x2.48_y0.69.in,test_id
steel,free_space,0.05,10,0.005,1.02,0.69,steel_free_space_r0.05_eps10_sig0.005_x1.02_y0.69,steel_free_space,S_eps10_sig0.005,0.31000000000000005,D2_medium,R2_medium_small,easy_strong_reflection,steel_free_space_r0.05_eps10_sig0.005_y0.69,steel_free_space|S_eps10_sig0.005|R2_medium_small|D2_medium,False,dataset_split/images/train/steel_free_space_r0.05_eps10_sig0.005_x1.02_y0.69.png,dataset_split/conditions/train/steel_free_space_r0.05_eps10_sig0.005_x1.02_y0.69.in,train
pvc,water,0.08,5,0.05,2.84,0.42,pvc_water_r0.08_eps5_sig0.05_x2.84_y0.42,pvc_water,S_eps5_sig0.05,0.5800000000000001,D3_deep,R3_medium_large,medium_water_filled_pvc,pvc_water_r0.08_eps5_sig0.05_y0.42,pvc_water|S_eps5_sig0.05|R3_medium_large|D3_deep,True,dataset_split/images/stress_test/pvc_water_r0.08_eps5_sig0.05_x2.84_y0.42.png,dataset_split/conditions/stress_test/pvc_water_r0.08_eps5_sig0.05_x2.84_y0.42.in,stress_test
pvc,free_space,0.1,4,0.001,1.88,0.79,pvc_free_space_r0.1_eps4_sig0.001_x1.88_y0.79,pvc_free_space,S_eps4_sig0.001,0.20999999999999996,D1_shallow,R4_large,hard_weak_pvc,pvc_free_space_r0.1_eps4_sig0.001_y0.79,pvc_free_space|S_eps4_sig0.001|R4_large|D1_shallow,True,dataset_split/images/train/pvc_free_space_r0.1_eps4_sig0.001_x1.88_y0.79.png,dataset_split/conditions/train/pvc_free_space_r0.1_eps4_sig0.001_x1.88_y0.79.in,train
pvc,free_space,0.1,10,0.005,2.37,0.79,pvc_free_space_r0.1_eps10_sig0.005_x2.37_y0.79,pvc_free_space,S_eps10_sig0.005,0.20999999999999996,D1_shallow,R4_large,hard_weak_pvc,pvc_free_space_r0.1_eps10_sig0.005_y0.79,pvc_free_space|S_eps10_sig0.005|R4_large|D1_shallow,True,dataset_split/images/train/pvc_free_space_r0.1_eps10_sig0.005_x2.37_y0.79.png,dataset_split/conditions/train/pvc_free_space_r0.1_eps10_sig0.005_x2.37_y0.79.in,train
steel,free_space,0.08,4,0.001,2.73,0.71,steel_free_space_r0.08_eps4_sig0.001_x2.73_y0.71,steel_free_space,S_eps4_sig0.001,0.29000000000000004,D1_shallow,R3_medium_large,easy_strong_reflection,steel_free_space_r0.08_eps4_sig0.001_y0.71,steel_free_space|S_eps4_sig0.001|R3_medium_large|D1_shallow,False,dataset_split/images/train/steel_free_space_r0.08_eps4_sig0.001_x2.73_y0.71.png,dataset_split/conditions/train/steel_free_space_r0.08_eps4_sig0.001_x2.73_y0.71.in,train
steel,free_space,0.05,4,0.001,2.82,0.77,steel_free_space_r0.05_eps4_sig0.001_x2.82_y0.77,steel_free_space,S_eps4_sig0.001,0.22999999999999998,D1_shallow,R2_medium_small,easy_strong_reflection,steel_free_space_r0.05_eps4_sig0.001_y0.77,steel_free_space|S_eps4_sig0.001|R2_medium_small|D1_shallow,False,dataset_split/images/train/steel_free_space_r0.05_eps4_sig0.001_x2.82_y0.77.png,dataset_split/conditions/train/steel_free_space_r0.05_eps4_sig0.001_x2.82_y0.77.in,train
steel,free_space,0.03,20,0.02,2.34,0.34,steel_free_space_r0.03_eps20_sig0.02_x2.34_y0.34,steel_free_space,S_eps20_sig0.02,0.6599999999999999,D3_deep,R1_small,easy_strong_reflection,steel_free_space_r0.03_eps20_sig0.02_y0.34,steel_free_space|S_eps20_sig0.02|R1_small|D3_deep,True,dataset_split/images/train/steel_free_space_r0.03_eps20_sig0.02_x2.34_y0.34.png,dataset_split/conditions/train/steel_free_space_r0.03_eps20_sig0.02_x2.34_y0.34.in,train
steel,free_space,0.03,4,0.001,2.63,0.66,steel_free_space_r0.03_eps4_sig0.001_x2.63_y0.66,steel_free_space,S_eps4_sig0.001,0.33999999999999997,D2_medium,R1_small,easy_strong_reflection,steel_free_space_r0.03_eps4_sig0.001_y0.66,steel_free_space|S_eps4_sig0.001|R1_small|D2_medium,True,dataset_split/images/test_id/steel_free_space_r0.03_eps4_sig0.001_x2.63_y0.66.png,dataset_split/conditions/test_id/steel_free_space_r0.03_eps4_sig0.001_x2.63_y0.66.in,test_id
steel,free_space,0.03,20,0.02,2.32,0.73,steel_free_space_r0.03_eps20_sig0.02_x2.32_y0.73,steel_free_space,S_eps20_sig0.02,0.27,D1_shallow,R1_small,easy_strong_reflection,steel_free_space_r0.03_eps20_sig0.02_y0.73,steel_free_space|S_eps20_sig0.02|R1_small|D1_shallow,True,dataset_split/images/train/steel_free_space_r0.03_eps20_sig0.02_x2.32_y0.73.png,dataset_split/conditions/train/steel_free_space_r0.03_eps20_sig0.02_x2.32_y0.73.in,train
pvc,water,0.03,4,0.001,2.21,0.52,pvc_water_r0.03_eps4_sig0.001_x2.21_y0.52,pvc_water,S_eps4_sig0.001,0.48,D2_medium,R1_small,medium_water_filled_pvc,pvc_water_r0.03_eps4_sig0.001_y0.52,pvc_water|S_eps4_sig0.001|R1_small|D2_medium,True,dataset_split/images/val/pvc_water_r0.03_eps4_sig0.001_x2.21_y0.52.png,dataset_split/conditions/val/pvc_water_r0.03_eps4_sig0.001_x2.21_y0.52.in,val
steel,free_space,0.1,10,0.005,1.54,0.62,steel_free_space_r0.1_eps10_sig0.005_x1.54_y0.62,steel_free_space,S_eps10_sig0.005,0.38,D2_medium,R4_large,easy_strong_reflection,steel_free_space_r0.1_eps10_sig0.005_y0.62,steel_free_space|S_eps10_sig0.005|R4_large|D2_medium,False,dataset_split/images/val/steel_free_space_r0.1_eps10_sig0.005_x1.54_y0.62.png,dataset_split/conditions/val/steel_free_space_r0.1_eps10_sig0.005_x1.54_y0.62.in,val
pvc,free_space,0.1,5,0.05,2.24,0.57,pvc_free_space_r0.1_eps5_sig0.05_x2.24_y0.57,pvc_free_space,S_eps5_sig0.05,0.43000000000000005,D2_medium,R4_large,hard_weak_pvc,pvc_free_space_r0.1_eps5_sig0.05_y0.57,pvc_free_space|S_eps5_sig0.05|R4_large|D2_medium,True,dataset_split/images/stress_test/pvc_free_space_r0.1_eps5_sig0.05_x2.24_y0.57.png,dataset_split/conditions/stress_test/pvc_free_space_r0.1_eps5_sig0.05_x2.24_y0.57.in,stress_test
steel,free_space,0.08,20,0.02,2.01,0.59,steel_free_space_r0.08_eps20_sig0.02_x2.01_y0.59,steel_free_space,S_eps20_sig0.02,0.41000000000000003,D2_medium,R3_medium_large,easy_strong_reflection,steel_free_space_r0.08_eps20_sig0.02_y0.59,steel_free_space|S_eps20_sig0.02|R3_medium_large|D2_medium,True,dataset_split/images/train/steel_free_space_r0.08_eps20_sig0.02_x2.01_y0.59.png,dataset_split/conditions/train/steel_free_space_r0.08_eps20_sig0.02_x2.01_y0.59.in,train
pvc,free_space,0.05,5,0.05,1.58,0.62,pvc_free_space_r0.05_eps5_sig0.05_x1.58_y0.62,pvc_free_space,S_eps5_sig0.05,0.38,D2_medium,R2_medium_small,hard_weak_pvc,pvc_free_space_r0.05_eps5_sig0.05_y0.62,pvc_free_space|S_eps5_sig0.05|R2_medium_small|D2_medium,True,dataset_split/images/stress_test/pvc_free_space_r0.05_eps5_sig0.05_x1.58_y0.62.png,dataset_split/conditions/stress_test/pvc_free_space_r0.05_eps5_sig0.05_x1.58_y0.62.in,stress_test
pvc,free_space,0.03,10,0.005,1.89,0.79,pvc_free_space_r0.03_eps10_sig0.005_x1.89_y0.79,pvc_free_space,S_eps10_sig0.005,0.20999999999999996,D1_shallow,R1_small,hard_weak_pvc,pvc_free_space_r0.03_eps10_sig0.005_y0.79,pvc_free_space|S_eps10_sig0.005|R1_small|D1_shallow,True,dataset_split/images/test_id/pvc_free_space_r0.03_eps10_sig0.005_x1.89_y0.79.png,dataset_split/conditions/test_id/pvc_free_space_r0.03_eps10_sig0.005_x1.89_y0.79.in,test_id
steel,free_space,0.08,4,0.001,2.09,0.79,steel_free_space_r0.08_eps4_sig0.001_x2.09_y0.79,steel_free_space,S_eps4_sig0.001,0.20999999999999996,D1_shallow,R3_medium_large,easy_strong_reflection,steel_free_space_r0.08_eps4_sig0.001_y0.79,steel_free_space|S_eps4_sig0.001|R3_medium_large|D1_shallow,False,dataset_split/images/train/steel_free_space_r0.08_eps4_sig0.001_x2.09_y0.79.png,dataset_split/conditions/train/steel_free_space_r0.08_eps4_sig0.001_x2.09_y0.79.in,train
steel,free_space,0.03,4,0.001,2.68,0.59,steel_free_space_r0.03_eps4_sig0.001_x2.68_y0.59,steel_free_space,S_eps4_sig0.001,0.41000000000000003,D2_medium,R1_small,easy_strong_reflection,steel_free_space_r0.03_eps4_sig0.001_y0.59,steel_free_space|S_eps4_sig0.001|R1_small|D2_medium,True,dataset_split/images/val/steel_free_space_r0.03_eps4_sig0.001_x2.68_y0.59.png,dataset_split/conditions/val/steel_free_space_r0.03_eps4_sig0.001_x2.68_y0.59.in,val
steel,free_space,0.05,10,0.005,2.26,0.59,steel_free_space_r0.05_eps10_sig0.005_x2.26_y0.59,steel_free_space,S_eps10_sig0.005,0.41000000000000003,D2_medium,R2_medium_small,easy_strong_reflection,steel_free_space_r0.05_eps10_sig0.005_y0.59,steel_free_space|S_eps10_sig0.005|R2_medium_small|D2_medium,False,dataset_split/images/train/steel_free_space_r0.05_eps10_sig0.005_x2.26_y0.59.png,dataset_split/conditions/train/steel_free_space_r0.05_eps10_sig0.005_x2.26_y0.59.in,train
pvc,free_space,0.1,10,0.005,1.91,0.55,pvc_free_space_r0.1_eps10_sig0.005_x1.91_y0.55,pvc_free_space,S_eps10_sig0.005,0.44999999999999996,D2_medium,R4_large,hard_weak_pvc,pvc_free_space_r0.1_eps10_sig0.005_y0.55,pvc_free_space|S_eps10_sig0.005|R4_large|D2_medium,True,dataset_split/images/train/pvc_free_space_r0.1_eps10_sig0.005_x1.91_y0.55.png,dataset_split/conditions/train/pvc_free_space_r0.1_eps10_sig0.005_x1.91_y0.55.in,train
steel,free_space,0.08,5,0.05,1.15,0.63,steel_free_space_r0.08_eps5_sig0.05_x1.15_y0.63,steel_free_space,S_eps5_sig0.05,0.37,D2_medium,R3_medium_large,easy_strong_reflection,steel_free_space_r0.08_eps5_sig0.05_y0.63,steel_free_space|S_eps5_sig0.05|R3_medium_large|D2_medium,True,dataset_split/images/stress_test/steel_free_space_r0.08_eps5_sig0.05_x1.15_y0.63.png,dataset_split/conditions/stress_test/steel_free_space_r0.08_eps5_sig0.05_x1.15_y0.63.in,stress_test
pvc,free_space,0.03,10,0.005,1.43,0.52,pvc_free_space_r0.03_eps10_sig0.005_x1.43_y0.52,pvc_free_space,S_eps10_sig0.005,0.48,D2_medium,R1_small,hard_weak_pvc,pvc_free_space_r0.03_eps10_sig0.005_y0.52,pvc_free_space|S_eps10_sig0.005|R1_small|D2_medium,True,dataset_split/images/train/pvc_free_space_r0.03_eps10_sig0.005_x1.43_y0.52.png,dataset_split/conditions/train/pvc_free_space_r0.03_eps10_sig0.005_x1.43_y0.52.in,train
pvc,water,0.1,20,0.02,2.15,0.5,pvc_water_r0.1_eps20_sig0.02_x2.15_y0.5,pvc_water,S_eps20_sig0.02,0.5,D2_medium,R4_large,medium_water_filled_pvc,pvc_water_r0.1_eps20_sig0.02_y0.5,pvc_water|S_eps20_sig0.02|R4_large|D2_medium,True,dataset_split/images/train/pvc_water_r0.1_eps20_sig0.02_x2.15_y0.5.png,dataset_split/conditions/train/pvc_water_r0.1_eps20_sig0.02_x2.15_y0.5.in,train
pvc,free_space,0.08,20,0.02,1.21,0.69,pvc_free_space_r0.08_eps20_sig0.02_x1.21_y0.69,pvc_free_space,S_eps20_sig0.02,0.31000000000000005,D2_medium,R3_medium_large,hard_weak_pvc,pvc_free_space_r0.08_eps20_sig0.02_y0.69,pvc_free_space|S_eps20_sig0.02|R3_medium_large|D2_medium,True,dataset_split/images/train/pvc_free_space_r0.08_eps20_sig0.02_x1.21_y0.69.png,dataset_split/conditions/train/pvc_free_space_r0.08_eps20_sig0.02_x1.21_y0.69.in,train
steel,free_space,0.08,5,0.05,1.46,0.71,steel_free_space_r0.08_eps5_sig0.05_x1.46_y0.71,steel_free_space,S_eps5_sig0.05,0.29000000000000004,D1_shallow,R3_medium_large,easy_strong_reflection,steel_free_space_r0.08_eps5_sig0.05_y0.71,steel_free_space|S_eps5_sig0.05|R3_medium_large|D1_shallow,True,dataset_split/images/stress_test/steel_free_space_r0.08_eps5_sig0.05_x1.46_y0.71.png,dataset_split/conditions/stress_test/steel_free_space_r0.08_eps5_sig0.05_x1.46_y0.71.in,stress_test
steel,free_space,0.03,4,0.001,1.08,0.4,steel_free_space_r0.03_eps4_sig0.001_x1.08_y0.4,steel_free_space,S_eps4_sig0.001,0.6,D3_deep,R1_small,easy_strong_reflection,steel_free_space_r0.03_eps4_sig0.001_y0.4,steel_free_space|S_eps4_sig0.001|R1_small|D3_deep,True,dataset_split/images/val/steel_free_space_r0.03_eps4_sig0.001_x1.08_y0.4.png,dataset_split/conditions/val/steel_free_space_r0.03_eps4_sig0.001_x1.08_y0.4.in,val
steel,free_space,0.05,10,0.005,1.53,0.45,steel_free_space_r0.05_eps10_sig0.005_x1.53_y0.45,steel_free_space,S_eps10_sig0.005,0.55,D2_medium,R2_medium_small,easy_strong_reflection,steel_free_space_r0.05_eps10_sig0.005_y0.45,steel_free_space|S_eps10_sig0.005|R2_medium_small|D2_medium,False,dataset_split/images/train/steel_free_space_r0.05_eps10_sig0.005_x1.53_y0.45.png,dataset_split/conditions/train/steel_free_space_r0.05_eps10_sig0.005_x1.53_y0.45.in,train
steel,free_space,0.08,10,0.005,1.12,0.72,steel_free_space_r0.08_eps10_sig0.005_x1.12_y0.72,steel_free_space,S_eps10_sig0.005,0.28,D1_shallow,R3_medium_large,easy_strong_reflection,steel_free_space_r0.08_eps10_sig0.005_y0.72,steel_free_space|S_eps10_sig0.005|R3_medium_large|D1_shallow,False,dataset_split/images/train/steel_free_space_r0.08_eps10_sig0.005_x1.12_y0.72.png,dataset_split/conditions/train/steel_free_space_r0.08_eps10_sig0.005_x1.12_y0.72.in,train
steel,free_space,0.1,20,0.02,1.44,0.67,steel_free_space_r0.1_eps20_sig0.02_x1.44_y0.67,steel_free_space,S_eps20_sig0.02,0.32999999999999996,D2_medium,R4_large,easy_strong_reflection,steel_free_space_r0.1_eps20_sig0.02_y0.67,steel_free_space|S_eps20_sig0.02|R4_large|D2_medium,True,dataset_split/images/train/steel_free_space_r0.1_eps20_sig0.02_x1.44_y0.67.png,dataset_split/conditions/train/steel_free_space_r0.1_eps20_sig0.02_x1.44_y0.67.in,train
steel,free_space,0.03,5,0.05,1.95,0.65,steel_free_space_r0.03_eps5_sig0.05_x1.95_y0.65,steel_free_space,S_eps5_sig0.05,0.35,D2_medium,R1_small,easy_strong_reflection,steel_free_space_r0.03_eps5_sig0.05_y0.65,steel_free_space|S_eps5_sig0.05|R1_small|D2_medium,True,dataset_split/images/stress_test/steel_free_space_r0.03_eps5_sig0.05_x1.95_y0.65.png,dataset_split/conditions/stress_test/steel_free_space_r0.03_eps5_sig0.05_x1.95_y0.65.in,stress_test
pvc,water,0.08,20,0.02,2.41,0.28,pvc_water_r0.08_eps20_sig0.02_x2.41_y0.28,pvc_water,S_eps20_sig0.02,0.72,D3_deep,R3_medium_large,medium_water_filled_pvc,pvc_water_r0.08_eps20_sig0.02_y0.28,pvc_water|S_eps20_sig0.02|R3_medium_large|D3_deep,True,dataset_split/images/train/pvc_water_r0.08_eps20_sig0.02_x2.41_y0.28.png,dataset_split/conditions/train/pvc_water_r0.08_eps20_sig0.02_x2.41_y0.28.in,train
pvc,free_space,0.1,5,0.05,2.12,0.29,pvc_free_space_r0.1_eps5_sig0.05_x2.12_y0.29,pvc_free_space,S_eps5_sig0.05,0.71,D3_deep,R4_large,hard_weak_pvc,pvc_free_space_r0.1_eps5_sig0.05_y0.29,pvc_free_space|S_eps5_sig0.05|R4_large|D3_deep,True,dataset_split/images/stress_test/pvc_free_space_r0.1_eps5_sig0.05_x2.12_y0.29.png,dataset_split/conditions/stress_test/pvc_free_space_r0.1_eps5_sig0.05_x2.12_y0.29.in,stress_test
steel,free_space,0.08,5,0.05,1.95,0.77,steel_free_space_r0.08_eps5_sig0.05_x1.95_y0.77,steel_free_space,S_eps5_sig0.05,0.22999999999999998,D1_shallow,R3_medium_large,easy_strong_reflection,steel_free_space_r0.08_eps5_sig0.05_y0.77,steel_free_space|S_eps5_sig0.05|R3_medium_large|D1_shallow,True,dataset_split/images/stress_test/steel_free_space_r0.08_eps5_sig0.05_x1.95_y0.77.png,dataset_split/conditions/stress_test/steel_free_space_r0.08_eps5_sig0.05_x1.95_y0.77.in,stress_test
pvc,water,0.03,10,0.005,2.07,0.26,pvc_water_r0.03_eps10_sig0.005_x2.07_y0.26,pvc_water,S_eps10_sig0.005,0.74,D3_deep,R1_small,medium_water_filled_pvc,pvc_water_r0.03_eps10_sig0.005_y0.26,pvc_water|S_eps10_sig0.005|R1_small|D3_deep,True,dataset_split/images/train/pvc_water_r0.03_eps10_sig0.005_x2.07_y0.26.png,dataset_split/conditions/train/pvc_water_r0.03_eps10_sig0.005_x2.07_y0.26.in,train
pvc,free_space,0.08,20,0.02,1.64,0.77,pvc_free_space_r0.08_eps20_sig0.02_x1.64_y0.77,pvc_free_space,S_eps20_sig0.02,0.22999999999999998,D1_shallow,R3_medium_large,hard_weak_pvc,pvc_free_space_r0.08_eps20_sig0.02_y0.77,pvc_free_space|S_eps20_sig0.02|R3_medium_large|D1_shallow,True,dataset_split/images/train/pvc_free_space_r0.08_eps20_sig0.02_x1.64_y0.77.png,dataset_split/conditions/train/pvc_free_space_r0.08_eps20_sig0.02_x1.64_y0.77.in,train
steel,free_space,0.05,5,0.05,1.28,0.63,steel_free_space_r0.05_eps5_sig0.05_x1.28_y0.63,steel_free_space,S_eps5_sig0.05,0.37,D2_medium,R2_medium_small,easy_strong_reflection,steel_free_space_r0.05_eps5_sig0.05_y0.63,steel_free_space|S_eps5_sig0.05|R2_medium_small|D2_medium,True,dataset_split/images/stress_test/steel_free_space_r0.05_eps5_sig0.05_x1.28_y0.63.png,dataset_split/conditions/stress_test/steel_free_space_r0.05_eps5_sig0.05_x1.28_y0.63.in,stress_test
pvc,water,0.1,5,0.05,2.12,0.67,pvc_water_r0.1_eps5_sig0.05_x2.12_y0.67,pvc_water,S_eps5_sig0.05,0.32999999999999996,D2_medium,R4_large,medium_water_filled_pvc,pvc_water_r0.1_eps5_sig0.05_y0.67,pvc_water|S_eps5_sig0.05|R4_large|D2_medium,True,dataset_split/images/stress_test/pvc_water_r0.1_eps5_sig0.05_x2.12_y0.67.png,dataset_split/conditions/stress_test/pvc_water_r0.1_eps5_sig0.05_x2.12_y0.67.in,stress_test
pvc,water,0.1,4,0.001,1.04,0.41,pvc_water_r0.1_eps4_sig0.001_x1.04_y0.41,pvc_water,S_eps4_sig0.001,0.5900000000000001,D3_deep,R4_large,medium_water_filled_pvc,pvc_water_r0.1_eps4_sig0.001_y0.41,pvc_water|S_eps4_sig0.001|R4_large|D3_deep,True,dataset_split/images/val/pvc_water_r0.1_eps4_sig0.001_x1.04_y0.41.png,dataset_split/conditions/val/pvc_water_r0.1_eps4_sig0.001_x1.04_y0.41.in,val
pvc,free_space,0.05,20,0.02,1.31,0.25,pvc_free_space_r0.05_eps20_sig0.02_x1.31_y0.25,pvc_free_space,S_eps20_sig0.02,0.75,D3_deep,R2_medium_small,hard_weak_pvc,pvc_free_space_r0.05_eps20_sig0.02_y0.25,pvc_free_space|S_eps20_sig0.02|R2_medium_small|D3_deep,True,dataset_split/images/train/pvc_free_space_r0.05_eps20_sig0.02_x1.31_y0.25.png,dataset_split/conditions/train/pvc_free_space_r0.05_eps20_sig0.02_x1.31_y0.25.in,train
steel,free_space,0.1,5,0.05,2.91,0.55,steel_free_space_r0.1_eps5_sig0.05_x2.91_y0.55,steel_free_space,S_eps5_sig0.05,0.44999999999999996,D2_medium,R4_large,easy_strong_reflection,steel_free_space_r0.1_eps5_sig0.05_y0.55,steel_free_space|S_eps5_sig0.05|R4_large|D2_medium,True,dataset_split/images/stress_test/steel_free_space_r0.1_eps5_sig0.05_x2.91_y0.55.png,dataset_split/conditions/stress_test/steel_free_space_r0.1_eps5_sig0.05_x2.91_y0.55.in,stress_test
steel,free_space,0.1,20,0.02,2.51,0.63,steel_free_space_r0.1_eps20_sig0.02_x2.51_y0.63,steel_free_space,S_eps20_sig0.02,0.37,D2_medium,R4_large,easy_strong_reflection,steel_free_space_r0.1_eps20_sig0.02_y0.63,steel_free_space|S_eps20_sig0.02|R4_large|D2_medium,True,dataset_split/images/train/steel_free_space_r0.1_eps20_sig0.02_x2.51_y0.63.png,dataset_split/conditions/train/steel_free_space_r0.1_eps20_sig0.02_x2.51_y0.63.in,train
steel,free_space,0.1,5,0.05,2.87,0.6,steel_free_space_r0.1_eps5_sig0.05_x2.87_y0.6,steel_free_space,S_eps5_sig0.05,0.4,D2_medium,R4_large,easy_strong_reflection,steel_free_space_r0.1_eps5_sig0.05_y0.6,steel_free_space|S_eps5_sig0.05|R4_large|D2_medium,True,dataset_split/images/stress_test/steel_free_space_r0.1_eps5_sig0.05_x2.87_y0.6.png,dataset_split/conditions/stress_test/steel_free_space_r0.1_eps5_sig0.05_x2.87_y0.6.in,stress_test
steel,free_space,0.03,10,0.005,2.06,0.5,steel_free_space_r0.03_eps10_sig0.005_x2.06_y0.5,steel_free_space,S_eps10_sig0.005,0.5,D2_medium,R1_small,easy_strong_reflection,steel_free_space_r0.03_eps10_sig0.005_y0.5,steel_free_space|S_eps10_sig0.005|R1_small|D2_medium,True,dataset_split/images/train/steel_free_space_r0.03_eps10_sig0.005_x2.06_y0.5.png,dataset_split/conditions/train/steel_free_space_r0.03_eps10_sig0.005_x2.06_y0.5.in,train
steel,free_space,0.1,4,0.001,2.02,0.51,steel_free_space_r0.1_eps4_sig0.001_x2.02_y0.51,steel_free_space,S_eps4_sig0.001,0.49,D2_medium,R4_large,easy_strong_reflection,steel_free_space_r0.1_eps4_sig0.001_y0.51,steel_free_space|S_eps4_sig0.001|R4_large|D2_medium,False,dataset_split/images/train/steel_free_space_r0.1_eps4_sig0.001_x2.02_y0.51.png,dataset_split/conditions/train/steel_free_space_r0.1_eps4_sig0.001_x2.02_y0.51.in,train
pvc,free_space,0.03,20,0.02,1.11,0.5,pvc_free_space_r0.03_eps20_sig0.02_x1.11_y0.5,pvc_free_space,S_eps20_sig0.02,0.5,D2_medium,R1_small,hard_weak_pvc,pvc_free_space_r0.03_eps20_sig0.02_y0.5,pvc_free_space|S_eps20_sig0.02|R1_small|D2_medium,True,dataset_split/images/val/pvc_free_space_r0.03_eps20_sig0.02_x1.11_y0.5.png,dataset_split/conditions/val/pvc_free_space_r0.03_eps20_sig0.02_x1.11_y0.5.in,val
steel,free_space,0.03,5,0.05,1.12,0.6,steel_free_space_r0.03_eps5_sig0.05_x1.12_y0.6,steel_free_space,S_eps5_sig0.05,0.4,D2_medium,R1_small,easy_strong_reflection,steel_free_space_r0.03_eps5_sig0.05_y0.6,steel_free_space|S_eps5_sig0.05|R1_small|D2_medium,True,dataset_split/images/stress_test/steel_free_space_r0.03_eps5_sig0.05_x1.12_y0.6.png,dataset_split/conditions/stress_test/steel_free_space_r0.03_eps5_sig0.05_x1.12_y0.6.in,stress_test
steel,free_space,0.05,10,0.005,1.67,0.78,steel_free_space_r0.05_eps10_sig0.005_x1.67_y0.78,steel_free_space,S_eps10_sig0.005,0.21999999999999997,D1_shallow,R2_medium_small,easy_strong_reflection,steel_free_space_r0.05_eps10_sig0.005_y0.78,steel_free_space|S_eps10_sig0.005|R2_medium_small|D1_shallow,False,dataset_split/images/train/steel_free_space_r0.05_eps10_sig0.005_x1.67_y0.78.png,dataset_split/conditions/train/steel_free_space_r0.05_eps10_sig0.005_x1.67_y0.78.in,train
pvc,free_space,0.03,5,0.05,2.57,0.56,pvc_free_space_r0.03_eps5_sig0.05_x2.57_y0.56,pvc_free_space,S_eps5_sig0.05,0.43999999999999995,D2_medium,R1_small,hard_weak_pvc,pvc_free_space_r0.03_eps5_sig0.05_y0.56,pvc_free_space|S_eps5_sig0.05|R1_small|D2_medium,True,dataset_split/images/stress_test/pvc_free_space_r0.03_eps5_sig0.05_x2.57_y0.56.png,dataset_split/conditions/stress_test/pvc_free_space_r0.03_eps5_sig0.05_x2.57_y0.56.in,stress_test
pvc,free_space,0.1,20,0.02,2.65,0.54,pvc_free_space_r0.1_eps20_sig0.02_x2.65_y0.54,pvc_free_space,S_eps20_sig0.02,0.45999999999999996,D2_medium,R4_large,hard_weak_pvc,pvc_free_space_r0.1_eps20_sig0.02_y0.54,pvc_free_space|S_eps20_sig0.02|R4_large|D2_medium,True,dataset_split/images/train/pvc_free_space_r0.1_eps20_sig0.02_x2.65_y0.54.png,dataset_split/conditions/train/pvc_free_space_r0.1_eps20_sig0.02_x2.65_y0.54.in,train
steel,free_space,0.03,5,0.05,1.67,0.65,steel_free_space_r0.03_eps5_sig0.05_x1.67_y0.65,steel_free_space,S_eps5_sig0.05,0.35,D2_medium,R1_small,easy_strong_reflection,steel_free_space_r0.03_eps5_sig0.05_y0.65,steel_free_space|S_eps5_sig0.05|R1_small|D2_medium,True,dataset_split/images/stress_test/steel_free_space_r0.03_eps5_sig0.05_x1.67_y0.65.png,dataset_split/conditions/stress_test/steel_free_space_r0.03_eps5_sig0.05_x1.67_y0.65.in,stress_test
steel,free_space,0.03,5,0.05,2.58,0.75,steel_free_space_r0.03_eps5_sig0.05_x2.58_y0.75,steel_free_space,S_eps5_sig0.05,0.25,D1_shallow,R1_small,easy_strong_reflection,steel_free_space_r0.03_eps5_sig0.05_y0.75,steel_free_space|S_eps5_sig0.05|R1_small|D1_shallow,True,dataset_split/images/stress_test/steel_free_space_r0.03_eps5_sig0.05_x2.58_y0.75.png,dataset_split/conditions/stress_test/steel_free_space_r0.03_eps5_sig0.05_x2.58_y0.75.in,stress_test
steel,free_space,0.03,20,0.02,2.53,0.31,steel_free_space_r0.03_eps20_sig0.02_x2.53_y0.31,steel_free_space,S_eps20_sig0.02,0.69,D3_deep,R1_small,easy_strong_reflection,steel_free_space_r0.03_eps20_sig0.02_y0.31,steel_free_space|S_eps20_sig0.02|R1_small|D3_deep,True,dataset_split/images/train/steel_free_space_r0.03_eps20_sig0.02_x2.53_y0.31.png,dataset_split/conditions/train/steel_free_space_r0.03_eps20_sig0.02_x2.53_y0.31.in,train
steel,free_space,0.03,5,0.05,2.04,0.27,steel_free_space_r0.03_eps5_sig0.05_x2.04_y0.27,steel_free_space,S_eps5_sig0.05,0.73,D3_deep,R1_small,easy_strong_reflection,steel_free_space_r0.03_eps5_sig0.05_y0.27,steel_free_space|S_eps5_sig0.05|R1_small|D3_deep,True,dataset_split/images/stress_test/steel_free_space_r0.03_eps5_sig0.05_x2.04_y0.27.png,dataset_split/conditions/stress_test/steel_free_space_r0.03_eps5_sig0.05_x2.04_y0.27.in,stress_test
pvc,free_space,0.03,20,0.02,1.36,0.76,pvc_free_space_r0.03_eps20_sig0.02_x1.36_y0.76,pvc_free_space,S_eps20_sig0.02,0.24,D1_shallow,R1_small,hard_weak_pvc,pvc_free_space_r0.03_eps20_sig0.02_y0.76,pvc_free_space|S_eps20_sig0.02|R1_small|D1_shallow,True,dataset_split/images/train/pvc_free_space_r0.03_eps20_sig0.02_x1.36_y0.76.png,dataset_split/conditions/train/pvc_free_space_r0.03_eps20_sig0.02_x1.36_y0.76.in,train
steel,free_space,0.1,4,0.001,1.11,0.34,steel_free_space_r0.1_eps4_sig0.001_x1.11_y0.34,steel_free_space,S_eps4_sig0.001,0.6599999999999999,D3_deep,R4_large,easy_strong_reflection,steel_free_space_r0.1_eps4_sig0.001_y0.34,steel_free_space|S_eps4_sig0.001|R4_large|D3_deep,True,dataset_split/images/test_id/steel_free_space_r0.1_eps4_sig0.001_x1.11_y0.34.png,dataset_split/conditions/test_id/steel_free_space_r0.1_eps4_sig0.001_x1.11_y0.34.in,test_id
pvc,free_space,0.05,4,0.001,2.81,0.45,pvc_free_space_r0.05_eps4_sig0.001_x2.81_y0.45,pvc_free_space,S_eps4_sig0.001,0.55,D2_medium,R2_medium_small,hard_weak_pvc,pvc_free_space_r0.05_eps4_sig0.001_y0.45,pvc_free_space|S_eps4_sig0.001|R2_medium_small|D2_medium,True,dataset_split/images/train/pvc_free_space_r0.05_eps4_sig0.001_x2.81_y0.45.png,dataset_split/conditions/train/pvc_free_space_r0.05_eps4_sig0.001_x2.81_y0.45.in,train
pvc,water,0.08,20,0.02,2.44,0.64,pvc_water_r0.08_eps20_sig0.02_x2.44_y0.64,pvc_water,S_eps20_sig0.02,0.36,D2_medium,R3_medium_large,medium_water_filled_pvc,pvc_water_r0.08_eps20_sig0.02_y0.64,pvc_water|S_eps20_sig0.02|R3_medium_large|D2_medium,True,dataset_split/images/train/pvc_water_r0.08_eps20_sig0.02_x2.44_y0.64.png,dataset_split/conditions/train/pvc_water_r0.08_eps20_sig0.02_x2.44_y0.64.in,train
steel,free_space,0.03,20,0.02,2.14,0.33,steel_free_space_r0.03_eps20_sig0.02_x2.14_y0.33,steel_free_space,S_eps20_sig0.02,0.6699999999999999,D3_deep,R1_small,easy_strong_reflection,steel_free_space_r0.03_eps20_sig0.02_y0.33,steel_free_space|S_eps20_sig0.02|R1_small|D3_deep,True,dataset_split/images/train/steel_free_space_r0.03_eps20_sig0.02_x2.14_y0.33.png,dataset_split/conditions/train/steel_free_space_r0.03_eps20_sig0.02_x2.14_y0.33.in,train
steel,free_space,0.03,4,0.001,2.68,0.57,steel_free_space_r0.03_eps4_sig0.001_x2.68_y0.57,steel_free_space,S_eps4_sig0.001,0.43000000000000005,D2_medium,R1_small,easy_strong_reflection,steel_free_space_r0.03_eps4_sig0.001_y0.57,steel_free_space|S_eps4_sig0.001|R1_small|D2_medium,True,dataset_split/images/train/steel_free_space_r0.03_eps4_sig0.001_x2.68_y0.57.png,dataset_split/conditions/train/steel_free_space_r0.03_eps4_sig0.001_x2.68_y0.57.in,train
steel,free_space,0.03,4,0.001,1.21,0.34,steel_free_space_r0.03_eps4_sig0.001_x1.21_y0.34,steel_free_space,S_eps4_sig0.001,0.6599999999999999,D3_deep,R1_small,easy_strong_reflection,steel_free_space_r0.03_eps4_sig0.001_y0.34,steel_free_space|S_eps4_sig0.001|R1_small|D3_deep,True,dataset_split/images/val/steel_free_space_r0.03_eps4_sig0.001_x1.21_y0.34.png,dataset_split/conditions/val/steel_free_space_r0.03_eps4_sig0.001_x1.21_y0.34.in,val
steel,free_space,0.03,20,0.02,1.39,0.74,steel_free_space_r0.03_eps20_sig0.02_x1.39_y0.74,steel_free_space,S_eps20_sig0.02,0.26,D1_shallow,R1_small,easy_strong_reflection,steel_free_space_r0.03_eps20_sig0.02_y0.74,steel_free_space|S_eps20_sig0.02|R1_small|D1_shallow,True,dataset_split/images/train/steel_free_space_r0.03_eps20_sig0.02_x1.39_y0.74.png,dataset_split/conditions/train/steel_free_space_r0.03_eps20_sig0.02_x1.39_y0.74.in,train
pvc,free_space,0.08,20,0.02,2.54,0.68,pvc_free_space_r0.08_eps20_sig0.02_x2.54_y0.68,pvc_free_space,S_eps20_sig0.02,0.31999999999999995,D2_medium,R3_medium_large,hard_weak_pvc,pvc_free_space_r0.08_eps20_sig0.02_y0.68,pvc_free_space|S_eps20_sig0.02|R3_medium_large|D2_medium,True,dataset_split/images/val/pvc_free_space_r0.08_eps20_sig0.02_x2.54_y0.68.png,dataset_split/conditions/val/pvc_free_space_r0.08_eps20_sig0.02_x2.54_y0.68.in,val
steel,free_space,0.08,4,0.001,2.65,0.56,steel_free_space_r0.08_eps4_sig0.001_x2.65_y0.56,steel_free_space,S_eps4_sig0.001,0.43999999999999995,D2_medium,R3_medium_large,easy_strong_reflection,steel_free_space_r0.08_eps4_sig0.001_y0.56,steel_free_space|S_eps4_sig0.001|R3_medium_large|D2_medium,False,dataset_split/images/test_id/steel_free_space_r0.08_eps4_sig0.001_x2.65_y0.56.png,dataset_split/conditions/test_id/steel_free_space_r0.08_eps4_sig0.001_x2.65_y0.56.in,test_id
pvc,water,0.08,4,0.001,1.5,0.54,pvc_water_r0.08_eps4_sig0.001_x1.5_y0.54,pvc_water,S_eps4_sig0.001,0.45999999999999996,D2_medium,R3_medium_large,medium_water_filled_pvc,pvc_water_r0.08_eps4_sig0.001_y0.54,pvc_water|S_eps4_sig0.001|R3_medium_large|D2_medium,False,dataset_split/images/train/pvc_water_r0.08_eps4_sig0.001_x1.5_y0.54.png,dataset_split/conditions/train/pvc_water_r0.08_eps4_sig0.001_x1.5_y0.54.in,train
pvc,water,0.1,4,0.001,2.51,0.42,pvc_water_r0.1_eps4_sig0.001_x2.51_y0.42,pvc_water,S_eps4_sig0.001,0.5800000000000001,D3_deep,R4_large,medium_water_filled_pvc,pvc_water_r0.1_eps4_sig0.001_y0.42,pvc_water|S_eps4_sig0.001|R4_large|D3_deep,True,dataset_split/images/train/pvc_water_r0.1_eps4_sig0.001_x2.51_y0.42.png,dataset_split/conditions/train/pvc_water_r0.1_eps4_sig0.001_x2.51_y0.42.in,train
pvc,water,0.08,20,0.02,2.82,0.61,pvc_water_r0.08_eps20_sig0.02_x2.82_y0.61,pvc_water,S_eps20_sig0.02,0.39,D2_medium,R3_medium_large,medium_water_filled_pvc,pvc_water_r0.08_eps20_sig0.02_y0.61,pvc_water|S_eps20_sig0.02|R3_medium_large|D2_medium,True,dataset_split/images/train/pvc_water_r0.08_eps20_sig0.02_x2.82_y0.61.png,dataset_split/conditions/train/pvc_water_r0.08_eps20_sig0.02_x2.82_y0.61.in,train
steel,free_space,0.05,20,0.02,2.25,0.32,steel_free_space_r0.05_eps20_sig0.02_x2.25_y0.32,steel_free_space,S_eps20_sig0.02,0.6799999999999999,D3_deep,R2_medium_small,easy_strong_reflection,steel_free_space_r0.05_eps20_sig0.02_y0.32,steel_free_space|S_eps20_sig0.02|R2_medium_small|D3_deep,True,dataset_split/images/train/steel_free_space_r0.05_eps20_sig0.02_x2.25_y0.32.png,dataset_split/conditions/train/steel_free_space_r0.05_eps20_sig0.02_x2.25_y0.32.in,train
steel,free_space,0.05,4,0.001,1.68,0.79,steel_free_space_r0.05_eps4_sig0.001_x1.68_y0.79,steel_free_space,S_eps4_sig0.001,0.20999999999999996,D1_shallow,R2_medium_small,easy_strong_reflection,steel_free_space_r0.05_eps4_sig0.001_y0.79,steel_free_space|S_eps4_sig0.001|R2_medium_small|D1_shallow,False,dataset_split/images/test_id/steel_free_space_r0.05_eps4_sig0.001_x1.68_y0.79.png,dataset_split/conditions/test_id/steel_free_space_r0.05_eps4_sig0.001_x1.68_y0.79.in,test_id
steel,free_space,0.1,10,0.005,2.99,0.71,steel_free_space_r0.1_eps10_sig0.005_x2.99_y0.71,steel_free_space,S_eps10_sig0.005,0.29000000000000004,D1_shallow,R4_large,easy_strong_reflection,steel_free_space_r0.1_eps10_sig0.005_y0.71,steel_free_space|S_eps10_sig0.005|R4_large|D1_shallow,False,dataset_split/images/train/steel_free_space_r0.1_eps10_sig0.005_x2.99_y0.71.png,dataset_split/conditions/train/steel_free_space_r0.1_eps10_sig0.005_x2.99_y0.71.in,train
steel,free_space,0.1,10,0.005,2.57,0.33,steel_free_space_r0.1_eps10_sig0.005_x2.57_y0.33,steel_free_space,S_eps10_sig0.005,0.6699999999999999,D3_deep,R4_large,easy_strong_reflection,steel_free_space_r0.1_eps10_sig0.005_y0.33,steel_free_space|S_eps10_sig0.005|R4_large|D3_deep,True,dataset_split/images/val/steel_free_space_r0.1_eps10_sig0.005_x2.57_y0.33.png,dataset_split/conditions/val/steel_free_space_r0.1_eps10_sig0.005_x2.57_y0.33.in,val
pvc,free_space,0.03,4,0.001,1.73,0.54,pvc_free_space_r0.03_eps4_sig0.001_x1.73_y0.54,pvc_free_space,S_eps4_sig0.001,0.45999999999999996,D2_medium,R1_small,hard_weak_pvc,pvc_free_space_r0.03_eps4_sig0.001_y0.54,pvc_free_space|S_eps4_sig0.001|R1_small|D2_medium,True,dataset_split/images/train/pvc_free_space_r0.03_eps4_sig0.001_x1.73_y0.54.png,dataset_split/conditions/train/pvc_free_space_r0.03_eps4_sig0.001_x1.73_y0.54.in,train
steel,free_space,0.08,5,0.05,2.13,0.26,steel_free_space_r0.08_eps5_sig0.05_x2.13_y0.26,steel_free_space,S_eps5_sig0.05,0.74,D3_deep,R3_medium_large,easy_strong_reflection,steel_free_space_r0.08_eps5_sig0.05_y0.26,steel_free_space|S_eps5_sig0.05|R3_medium_large|D3_deep,True,dataset_split/images/stress_test/steel_free_space_r0.08_eps5_sig0.05_x2.13_y0.26.png,dataset_split/conditions/stress_test/steel_free_space_r0.08_eps5_sig0.05_x2.13_y0.26.in,stress_test
steel,free_space,0.1,10,0.005,1.48,0.38,steel_free_space_r0.1_eps10_sig0.005_x1.48_y0.38,steel_free_space,S_eps10_sig0.005,0.62,D3_deep,R4_large,easy_strong_reflection,steel_free_space_r0.1_eps10_sig0.005_y0.38,steel_free_space|S_eps10_sig0.005|R4_large|D3_deep,True,dataset_split/images/train/steel_free_space_r0.1_eps10_sig0.005_x1.48_y0.38.png,dataset_split/conditions/train/steel_free_space_r0.1_eps10_sig0.005_x1.48_y0.38.in,train
pvc,water,0.03,10,0.005,1.28,0.49,pvc_water_r0.03_eps10_sig0.005_x1.28_y0.49,pvc_water,S_eps10_sig0.005,0.51,D2_medium,R1_small,medium_water_filled_pvc,pvc_water_r0.03_eps10_sig0.005_y0.49,pvc_water|S_eps10_sig0.005|R1_small|D2_medium,True,dataset_split/images/train/pvc_water_r0.03_eps10_sig0.005_x1.28_y0.49.png,dataset_split/conditions/train/pvc_water_r0.03_eps10_sig0.005_x1.28_y0.49.in,train
pvc,water,0.1,4,0.001,2.64,0.77,pvc_water_r0.1_eps4_sig0.001_x2.64_y0.77,pvc_water,S_eps4_sig0.001,0.22999999999999998,D1_shallow,R4_large,medium_water_filled_pvc,pvc_water_r0.1_eps4_sig0.001_y0.77,pvc_water|S_eps4_sig0.001|R4_large|D1_shallow,False,dataset_split/images/train/pvc_water_r0.1_eps4_sig0.001_x2.64_y0.77.png,dataset_split/conditions/train/pvc_water_r0.1_eps4_sig0.001_x2.64_y0.77.in,train
steel,free_space,0.03,20,0.02,1.54,0.3,steel_free_space_r0.03_eps20_sig0.02_x1.54_y0.3,steel_free_space,S_eps20_sig0.02,0.7,D3_deep,R1_small,easy_strong_reflection,steel_free_space_r0.03_eps20_sig0.02_y0.3,steel_free_space|S_eps20_sig0.02|R1_small|D3_deep,True,dataset_split/images/train/steel_free_space_r0.03_eps20_sig0.02_x1.54_y0.3.png,dataset_split/conditions/train/steel_free_space_r0.03_eps20_sig0.02_x1.54_y0.3.in,train
steel,free_space,0.08,4,0.001,2.72,0.64,steel_free_space_r0.08_eps4_sig0.001_x2.72_y0.64,steel_free_space,S_eps4_sig0.001,0.36,D2_medium,R3_medium_large,easy_strong_reflection,steel_free_space_r0.08_eps4_sig0.001_y0.64,steel_free_space|S_eps4_sig0.001|R3_medium_large|D2_medium,False,dataset_split/images/train/steel_free_space_r0.08_eps4_sig0.001_x2.72_y0.64.png,dataset_split/conditions/train/steel_free_space_r0.08_eps4_sig0.001_x2.72_y0.64.in,train
steel,free_space,0.05,4,0.001,2.81,0.45,steel_free_space_r0.05_eps4_sig0.001_x2.81_y0.45,steel_free_space,S_eps4_sig0.001,0.55,D2_medium,R2_medium_small,easy_strong_reflection,steel_free_space_r0.05_eps4_sig0.001_y0.45,steel_free_space|S_eps4_sig0.001|R2_medium_small|D2_medium,False,dataset_split/images/train/steel_free_space_r0.05_eps4_sig0.001_x2.81_y0.45.png,dataset_split/conditions/train/steel_free_space_r0.05_eps4_sig0.001_x2.81_y0.45.in,train
pvc,water,0.08,20,0.02,2.55,0.75,pvc_water_r0.08_eps20_sig0.02_x2.55_y0.75,pvc_water,S_eps20_sig0.02,0.25,D1_shallow,R3_medium_large,medium_water_filled_pvc,pvc_water_r0.08_eps20_sig0.02_y0.75,pvc_water|S_eps20_sig0.02|R3_medium_large|D1_shallow,True,dataset_split/images/test_id/pvc_water_r0.08_eps20_sig0.02_x2.55_y0.75.png,dataset_split/conditions/test_id/pvc_water_r0.08_eps20_sig0.02_x2.55_y0.75.in,test_id
pvc,water,0.08,5,0.05,2.66,0.66,pvc_water_r0.08_eps5_sig0.05_x2.66_y0.66,pvc_water,S_eps5_sig0.05,0.33999999999999997,D2_medium,R3_medium_large,medium_water_filled_pvc,pvc_water_r0.08_eps5_sig0.05_y0.66,pvc_water|S_eps5_sig0.05|R3_medium_large|D2_medium,True,dataset_split/images/stress_test/pvc_water_r0.08_eps5_sig0.05_x2.66_y0.66.png,dataset_split/conditions/stress_test/pvc_water_r0.08_eps5_sig0.05_x2.66_y0.66.in,stress_test
steel,free_space,0.05,4,0.001,1.04,0.67,steel_free_space_r0.05_eps4_sig0.001_x1.04_y0.67,steel_free_space,S_eps4_sig0.001,0.32999999999999996,D2_medium,R2_medium_small,easy_strong_reflection,steel_free_space_r0.05_eps4_sig0.001_y0.67,steel_free_space|S_eps4_sig0.001|R2_medium_small|D2_medium,False,dataset_split/images/test_id/steel_free_space_r0.05_eps4_sig0.001_x1.04_y0.67.png,dataset_split/conditions/test_id/steel_free_space_r0.05_eps4_sig0.001_x1.04_y0.67.in,test_id
steel,free_space,0.08,5,0.05,1.05,0.6,steel_free_space_r0.08_eps5_sig0.05_x1.05_y0.6,steel_free_space,S_eps5_sig0.05,0.4,D2_medium,R3_medium_large,easy_strong_reflection,steel_free_space_r0.08_eps5_sig0.05_y0.6,steel_free_space|S_eps5_sig0.05|R3_medium_large|D2_medium,True,dataset_split/images/stress_test/steel_free_space_r0.08_eps5_sig0.05_x1.05_y0.6.png,dataset_split/conditions/stress_test/steel_free_space_r0.08_eps5_sig0.05_x1.05_y0.6.in,stress_test
pvc,free_space,0.08,10,0.005,2.99,0.65,pvc_free_space_r0.08_eps10_sig0.005_x2.99_y0.65,pvc_free_space,S_eps10_sig0.005,0.35,D2_medium,R3_medium_large,hard_weak_pvc,pvc_free_space_r0.08_eps10_sig0.005_y0.65,pvc_free_space|S_eps10_sig0.005|R3_medium_large|D2_medium,True,dataset_split/images/train/pvc_free_space_r0.08_eps10_sig0.005_x2.99_y0.65.png,dataset_split/conditions/train/pvc_free_space_r0.08_eps10_sig0.005_x2.99_y0.65.in,train
steel,free_space,0.08,20,0.02,2.01,0.26,steel_free_space_r0.08_eps20_sig0.02_x2.01_y0.26,steel_free_space,S_eps20_sig0.02,0.74,D3_deep,R3_medium_large,easy_strong_reflection,steel_free_space_r0.08_eps20_sig0.02_y0.26,steel_free_space|S_eps20_sig0.02|R3_medium_large|D3_deep,True,dataset_split/images/train/steel_free_space_r0.08_eps20_sig0.02_x2.01_y0.26.png,dataset_split/conditions/train/steel_free_space_r0.08_eps20_sig0.02_x2.01_y0.26.in,train
pvc,water,0.1,4,0.001,2.14,0.3,pvc_water_r0.1_eps4_sig0.001_x2.14_y0.3,pvc_water,S_eps4_sig0.001,0.7,D3_deep,R4_large,medium_water_filled_pvc,pvc_water_r0.1_eps4_sig0.001_y0.3,pvc_water|S_eps4_sig0.001|R4_large|D3_deep,True,dataset_split/images/train/pvc_water_r0.1_eps4_sig0.001_x2.14_y0.3.png,dataset_split/conditions/train/pvc_water_r0.1_eps4_sig0.001_x2.14_y0.3.in,train
steel,free_space,0.03,4,0.001,2.02,0.73,steel_free_space_r0.03_eps4_sig0.001_x2.02_y0.73,steel_free_space,S_eps4_sig0.001,0.27,D1_shallow,R1_small,easy_strong_reflection,steel_free_space_r0.03_eps4_sig0.001_y0.73,steel_free_space|S_eps4_sig0.001|R1_small|D1_shallow,True,dataset_split/images/train/steel_free_space_r0.03_eps4_sig0.001_x2.02_y0.73.png,dataset_split/conditions/train/steel_free_space_r0.03_eps4_sig0.001_x2.02_y0.73.in,train
pvc,water,0.05,10,0.005,1.03,0.49,pvc_water_r0.05_eps10_sig0.005_x1.03_y0.49,pvc_water,S_eps10_sig0.005,0.51,D2_medium,R2_medium_small,medium_water_filled_pvc,pvc_water_r0.05_eps10_sig0.005_y0.49,pvc_water|S_eps10_sig0.005|R2_medium_small|D2_medium,False,dataset_split/images/train/pvc_water_r0.05_eps10_sig0.005_x1.03_y0.49.png,dataset_split/conditions/train/pvc_water_r0.05_eps10_sig0.005_x1.03_y0.49.in,train
pvc,water,0.1,10,0.005,1.36,0.5,pvc_water_r0.1_eps10_sig0.005_x1.36_y0.5,pvc_water,S_eps10_sig0.005,0.5,D2_medium,R4_large,medium_water_filled_pvc,pvc_water_r0.1_eps10_sig0.005_y0.5,pvc_water|S_eps10_sig0.005|R4_large|D2_medium,False,dataset_split/images/train/pvc_water_r0.1_eps10_sig0.005_x1.36_y0.5.png,dataset_split/conditions/train/pvc_water_r0.1_eps10_sig0.005_x1.36_y0.5.in,train
steel,free_space,0.05,4,0.001,2.96,0.36,steel_free_space_r0.05_eps4_sig0.001_x2.96_y0.36,steel_free_space,S_eps4_sig0.001,0.64,D3_deep,R2_medium_small,easy_strong_reflection,steel_free_space_r0.05_eps4_sig0.001_y0.36,steel_free_space|S_eps4_sig0.001|R2_medium_small|D3_deep,True,dataset_split/images/train/steel_free_space_r0.05_eps4_sig0.001_x2.96_y0.36.png,dataset_split/conditions/train/steel_free_space_r0.05_eps4_sig0.001_x2.96_y0.36.in,train
steel,free_space,0.03,10,0.005,1.41,0.32,steel_free_space_r0.03_eps10_sig0.005_x1.41_y0.32,steel_free_space,S_eps10_sig0.005,0.6799999999999999,D3_deep,R1_small,easy_strong_reflection,steel_free_space_r0.03_eps10_sig0.005_y0.32,steel_free_space|S_eps10_sig0.005|R1_small|D3_deep,True,dataset_split/images/train/steel_free_space_r0.03_eps10_sig0.005_x1.41_y0.32.png,dataset_split/conditions/train/steel_free_space_r0.03_eps10_sig0.005_x1.41_y0.32.in,train
pvc,water,0.03,20,0.02,1.97,0.71,pvc_water_r0.03_eps20_sig0.02_x1.97_y0.71,pvc_water,S_eps20_sig0.02,0.29000000000000004,D1_shallow,R1_small,medium_water_filled_pvc,pvc_water_r0.03_eps20_sig0.02_y0.71,pvc_water|S_eps20_sig0.02|R1_small|D1_shallow,True,dataset_split/images/test_id/pvc_water_r0.03_eps20_sig0.02_x1.97_y0.71.png,dataset_split/conditions/test_id/pvc_water_r0.03_eps20_sig0.02_x1.97_y0.71.in,test_id
pvc,water,0.1,5,0.05,1.94,0.68,pvc_water_r0.1_eps5_sig0.05_x1.94_y0.68,pvc_water,S_eps5_sig0.05,0.31999999999999995,D2_medium,R4_large,medium_water_filled_pvc,pvc_water_r0.1_eps5_sig0.05_y0.68,pvc_water|S_eps5_sig0.05|R4_large|D2_medium,True,dataset_split/images/stress_test/pvc_water_r0.1_eps5_sig0.05_x1.94_y0.68.png,dataset_split/conditions/stress_test/pvc_water_r0.1_eps5_sig0.05_x1.94_y0.68.in,stress_test
steel,free_space,0.1,4,0.001,1.11,0.66,steel_free_space_r0.1_eps4_sig0.001_x1.11_y0.66,steel_free_space,S_eps4_sig0.001,0.33999999999999997,D2_medium,R4_large,easy_strong_reflection,steel_free_space_r0.1_eps4_sig0.001_y0.66,steel_free_space|S_eps4_sig0.001|R4_large|D2_medium,False,dataset_split/images/test_id/steel_free_space_r0.1_eps4_sig0.001_x1.11_y0.66.png,dataset_split/conditions/test_id/steel_free_space_r0.1_eps4_sig0.001_x1.11_y0.66.in,test_id
steel,free_space,0.05,20,0.02,2.28,0.5,steel_free_space_r0.05_eps20_sig0.02_x2.28_y0.5,steel_free_space,S_eps20_sig0.02,0.5,D2_medium,R2_medium_small,easy_strong_reflection,steel_free_space_r0.05_eps20_sig0.02_y0.5,steel_free_space|S_eps20_sig0.02|R2_medium_small|D2_medium,True,dataset_split/images/train/steel_free_space_r0.05_eps20_sig0.02_x2.28_y0.5.png,dataset_split/conditions/train/steel_free_space_r0.05_eps20_sig0.02_x2.28_y0.5.in,train
pvc,free_space,0.1,4,0.001,2.8,0.76,pvc_free_space_r0.1_eps4_sig0.001_x2.8_y0.76,pvc_free_space,S_eps4_sig0.001,0.24,D1_shallow,R4_large,hard_weak_pvc,pvc_free_space_r0.1_eps4_sig0.001_y0.76,pvc_free_space|S_eps4_sig0.001|R4_large|D1_shallow,True,dataset_split/images/test_id/pvc_free_space_r0.1_eps4_sig0.001_x2.8_y0.76.png,dataset_split/conditions/test_id/pvc_free_space_r0.1_eps4_sig0.001_x2.8_y0.76.in,test_id
steel,free_space,0.05,20,0.02,2.04,0.34,steel_free_space_r0.05_eps20_sig0.02_x2.04_y0.34,steel_free_space,S_eps20_sig0.02,0.6599999999999999,D3_deep,R2_medium_small,easy_strong_reflection,steel_free_space_r0.05_eps20_sig0.02_y0.34,steel_free_space|S_eps20_sig0.02|R2_medium_small|D3_deep,True,dataset_split/images/val/steel_free_space_r0.05_eps20_sig0.02_x2.04_y0.34.png,dataset_split/conditions/val/steel_free_space_r0.05_eps20_sig0.02_x2.04_y0.34.in,val
pvc,free_space,0.03,5,0.05,2.12,0.45,pvc_free_space_r0.03_eps5_sig0.05_x2.12_y0.45,pvc_free_space,S_eps5_sig0.05,0.55,D2_medium,R1_small,hard_weak_pvc,pvc_free_space_r0.03_eps5_sig0.05_y0.45,pvc_free_space|S_eps5_sig0.05|R1_small|D2_medium,True,dataset_split/images/stress_test/pvc_free_space_r0.03_eps5_sig0.05_x2.12_y0.45.png,dataset_split/conditions/stress_test/pvc_free_space_r0.03_eps5_sig0.05_x2.12_y0.45.in,stress_test
steel,free_space,0.1,20,0.02,2.21,0.37,steel_free_space_r0.1_eps20_sig0.02_x2.21_y0.37,steel_free_space,S_eps20_sig0.02,0.63,D3_deep,R4_large,easy_strong_reflection,steel_free_space_r0.1_eps20_sig0.02_y0.37,steel_free_space|S_eps20_sig0.02|R4_large|D3_deep,True,dataset_split/images/val/steel_free_space_r0.1_eps20_sig0.02_x2.21_y0.37.png,dataset_split/conditions/val/steel_free_space_r0.1_eps20_sig0.02_x2.21_y0.37.in,val
pvc,water,0.05,20,0.02,2.49,0.29,pvc_water_r0.05_eps20_sig0.02_x2.49_y0.29,pvc_water,S_eps20_sig0.02,0.71,D3_deep,R2_medium_small,medium_water_filled_pvc,pvc_water_r0.05_eps20_sig0.02_y0.29,pvc_water|S_eps20_sig0.02|R2_medium_small|D3_deep,True,dataset_split/images/train/pvc_water_r0.05_eps20_sig0.02_x2.49_y0.29.png,dataset_split/conditions/train/pvc_water_r0.05_eps20_sig0.02_x2.49_y0.29.in,train
pvc,water,0.05,5,0.05,2.35,0.74,pvc_water_r0.05_eps5_sig0.05_x2.35_y0.74,pvc_water,S_eps5_sig0.05,0.26,D1_shallow,R2_medium_small,medium_water_filled_pvc,pvc_water_r0.05_eps5_sig0.05_y0.74,pvc_water|S_eps5_sig0.05|R2_medium_small|D1_shallow,True,dataset_split/images/stress_test/pvc_water_r0.05_eps5_sig0.05_x2.35_y0.74.png,dataset_split/conditions/stress_test/pvc_water_r0.05_eps5_sig0.05_x2.35_y0.74.in,stress_test
pvc,water,0.03,10,0.005,1.91,0.64,pvc_water_r0.03_eps10_sig0.005_x1.91_y0.64,pvc_water,S_eps10_sig0.005,0.36,D2_medium,R1_small,medium_water_filled_pvc,pvc_water_r0.03_eps10_sig0.005_y0.64,pvc_water|S_eps10_sig0.005|R1_small|D2_medium,True,dataset_split/images/test_id/pvc_water_r0.03_eps10_sig0.005_x1.91_y0.64.png,dataset_split/conditions/test_id/pvc_water_r0.03_eps10_sig0.005_x1.91_y0.64.in,test_id
steel,free_space,0.1,10,0.005,1.18,0.7,steel_free_space_r0.1_eps10_sig0.005_x1.18_y0.7,steel_free_space,S_eps10_sig0.005,0.30000000000000004,D2_medium,R4_large,easy_strong_reflection,steel_free_space_r0.1_eps10_sig0.005_y0.7,steel_free_space|S_eps10_sig0.005|R4_large|D2_medium,False,dataset_split/images/test_id/steel_free_space_r0.1_eps10_sig0.005_x1.18_y0.7.png,dataset_split/conditions/test_id/steel_free_space_r0.1_eps10_sig0.005_x1.18_y0.7.in,test_id
pvc,free_space,0.08,4,0.001,1.46,0.77,pvc_free_space_r0.08_eps4_sig0.001_x1.46_y0.77,pvc_free_space,S_eps4_sig0.001,0.22999999999999998,D1_shallow,R3_medium_large,hard_weak_pvc,pvc_free_space_r0.08_eps4_sig0.001_y0.77,pvc_free_space|S_eps4_sig0.001|R3_medium_large|D1_shallow,True,dataset_split/images/train/pvc_free_space_r0.08_eps4_sig0.001_x1.46_y0.77.png,dataset_split/conditions/train/pvc_free_space_r0.08_eps4_sig0.001_x1.46_y0.77.in,train
pvc,water,0.03,10,0.005,1.65,0.44,pvc_water_r0.03_eps10_sig0.005_x1.65_y0.44,pvc_water,S_eps10_sig0.005,0.56,D3_deep,R1_small,medium_water_filled_pvc,pvc_water_r0.03_eps10_sig0.005_y0.44,pvc_water|S_eps10_sig0.005|R1_small|D3_deep,True,dataset_split/images/train/pvc_water_r0.03_eps10_sig0.005_x1.65_y0.44.png,dataset_split/conditions/train/pvc_water_r0.03_eps10_sig0.005_x1.65_y0.44.in,train
pvc,water,0.1,20,0.02,2.27,0.65,pvc_water_r0.1_eps20_sig0.02_x2.27_y0.65,pvc_water,S_eps20_sig0.02,0.35,D2_medium,R4_large,medium_water_filled_pvc,pvc_water_r0.1_eps20_sig0.02_y0.65,pvc_water|S_eps20_sig0.02|R4_large|D2_medium,True,dataset_split/images/train/pvc_water_r0.1_eps20_sig0.02_x2.27_y0.65.png,dataset_split/conditions/train/pvc_water_r0.1_eps20_sig0.02_x2.27_y0.65.in,train
steel,free_space,0.08,4,0.001,2.2,0.35,steel_free_space_r0.08_eps4_sig0.001_x2.2_y0.35,steel_free_space,S_eps4_sig0.001,0.65,D3_deep,R3_medium_large,easy_strong_reflection,steel_free_space_r0.08_eps4_sig0.001_y0.35,steel_free_space|S_eps4_sig0.001|R3_medium_large|D3_deep,True,dataset_split/images/val/steel_free_space_r0.08_eps4_sig0.001_x2.2_y0.35.png,dataset_split/conditions/val/steel_free_space_r0.08_eps4_sig0.001_x2.2_y0.35.in,val
steel,free_space,0.03,10,0.005,1.45,0.76,steel_free_space_r0.03_eps10_sig0.005_x1.45_y0.76,steel_free_space,S_eps10_sig0.005,0.24,D1_shallow,R1_small,easy_strong_reflection,steel_free_space_r0.03_eps10_sig0.005_y0.76,steel_free_space|S_eps10_sig0.005|R1_small|D1_shallow,True,dataset_split/images/train/steel_free_space_r0.03_eps10_sig0.005_x1.45_y0.76.png,dataset_split/conditions/train/steel_free_space_r0.03_eps10_sig0.005_x1.45_y0.76.in,train
steel,free_space,0.1,5,0.05,1.14,0.77,steel_free_space_r0.1_eps5_sig0.05_x1.14_y0.77,steel_free_space,S_eps5_sig0.05,0.22999999999999998,D1_shallow,R4_large,easy_strong_reflection,steel_free_space_r0.1_eps5_sig0.05_y0.77,steel_free_space|S_eps5_sig0.05|R4_large|D1_shallow,True,dataset_split/images/stress_test/steel_free_space_r0.1_eps5_sig0.05_x1.14_y0.77.png,dataset_split/conditions/stress_test/steel_free_space_r0.1_eps5_sig0.05_x1.14_y0.77.in,stress_test
pvc,water,0.08,10,0.005,2.13,0.38,pvc_water_r0.08_eps10_sig0.005_x2.13_y0.38,pvc_water,S_eps10_sig0.005,0.62,D3_deep,R3_medium_large,medium_water_filled_pvc,pvc_water_r0.08_eps10_sig0.005_y0.38,pvc_water|S_eps10_sig0.005|R3_medium_large|D3_deep,True,dataset_split/images/train/pvc_water_r0.08_eps10_sig0.005_x2.13_y0.38.png,dataset_split/conditions/train/pvc_water_r0.08_eps10_sig0.005_x2.13_y0.38.in,train
steel,free_space,0.05,5,0.05,1.49,0.65,steel_free_space_r0.05_eps5_sig0.05_x1.49_y0.65,steel_free_space,S_eps5_sig0.05,0.35,D2_medium,R2_medium_small,easy_strong_reflection,steel_free_space_r0.05_eps5_sig0.05_y0.65,steel_free_space|S_eps5_sig0.05|R2_medium_small|D2_medium,True,dataset_split/images/stress_test/steel_free_space_r0.05_eps5_sig0.05_x1.49_y0.65.png,dataset_split/conditions/stress_test/steel_free_space_r0.05_eps5_sig0.05_x1.49_y0.65.in,stress_test
steel,free_space,0.1,10,0.005,2.66,0.57,steel_free_space_r0.1_eps10_sig0.005_x2.66_y0.57,steel_free_space,S_eps10_sig0.005,0.43000000000000005,D2_medium,R4_large,easy_strong_reflection,steel_free_space_r0.1_eps10_sig0.005_y0.57,steel_free_space|S_eps10_sig0.005|R4_large|D2_medium,False,dataset_split/images/train/steel_free_space_r0.1_eps10_sig0.005_x2.66_y0.57.png,dataset_split/conditions/train/steel_free_space_r0.1_eps10_sig0.005_x2.66_y0.57.in,train
steel,free_space,0.03,5,0.05,2.76,0.41,steel_free_space_r0.03_eps5_sig0.05_x2.76_y0.41,steel_free_space,S_eps5_sig0.05,0.5900000000000001,D3_deep,R1_small,easy_strong_reflection,steel_free_space_r0.03_eps5_sig0.05_y0.41,steel_free_space|S_eps5_sig0.05|R1_small|D3_deep,True,dataset_split/images/stress_test/steel_free_space_r0.03_eps5_sig0.05_x2.76_y0.41.png,dataset_split/conditions/stress_test/steel_free_space_r0.03_eps5_sig0.05_x2.76_y0.41.in,stress_test
steel,free_space,0.08,5,0.05,1.29,0.3,steel_free_space_r0.08_eps5_sig0.05_x1.29_y0.3,steel_free_space,S_eps5_sig0.05,0.7,D3_deep,R3_medium_large,easy_strong_reflection,steel_free_space_r0.08_eps5_sig0.05_y0.3,steel_free_space|S_eps5_sig0.05|R3_medium_large|D3_deep,True,dataset_split/images/stress_test/steel_free_space_r0.08_eps5_sig0.05_x1.29_y0.3.png,dataset_split/conditions/stress_test/steel_free_space_r0.08_eps5_sig0.05_x1.29_y0.3.in,stress_test
pvc,free_space,0.05,5,0.05,1.99,0.64,pvc_free_space_r0.05_eps5_sig0.05_x1.99_y0.64,pvc_free_space,S_eps5_sig0.05,0.36,D2_medium,R2_medium_small,hard_weak_pvc,pvc_free_space_r0.05_eps5_sig0.05_y0.64,pvc_free_space|S_eps5_sig0.05|R2_medium_small|D2_medium,True,dataset_split/images/stress_test/pvc_free_space_r0.05_eps5_sig0.05_x1.99_y0.64.png,dataset_split/conditions/stress_test/pvc_free_space_r0.05_eps5_sig0.05_x1.99_y0.64.in,stress_test
steel,free_space,0.05,10,0.005,2.78,0.27,steel_free_space_r0.05_eps10_sig0.005_x2.78_y0.27,steel_free_space,S_eps10_sig0.005,0.73,D3_deep,R2_medium_small,easy_strong_reflection,steel_free_space_r0.05_eps10_sig0.005_y0.27,steel_free_space|S_eps10_sig0.005|R2_medium_small|D3_deep,True,dataset_split/images/train/steel_free_space_r0.05_eps10_sig0.005_x2.78_y0.27.png,dataset_split/conditions/train/steel_free_space_r0.05_eps10_sig0.005_x2.78_y0.27.in,train
pvc,water,0.03,5,0.05,2.69,0.26,pvc_water_r0.03_eps5_sig0.05_x2.69_y0.26,pvc_water,S_eps5_sig0.05,0.74,D3_deep,R1_small,medium_water_filled_pvc,pvc_water_r0.03_eps5_sig0.05_y0.26,pvc_water|S_eps5_sig0.05|R1_small|D3_deep,True,dataset_split/images/stress_test/pvc_water_r0.03_eps5_sig0.05_x2.69_y0.26.png,dataset_split/conditions/stress_test/pvc_water_r0.03_eps5_sig0.05_x2.69_y0.26.in,stress_test
steel,free_space,0.05,10,0.005,2.84,0.32,steel_free_space_r0.05_eps10_sig0.005_x2.84_y0.32,steel_free_space,S_eps10_sig0.005,0.6799999999999999,D3_deep,R2_medium_small,easy_strong_reflection,steel_free_space_r0.05_eps10_sig0.005_y0.32,steel_free_space|S_eps10_sig0.005|R2_medium_small|D3_deep,True,dataset_split/images/val/steel_free_space_r0.05_eps10_sig0.005_x2.84_y0.32.png,dataset_split/conditions/val/steel_free_space_r0.05_eps10_sig0.005_x2.84_y0.32.in,val
pvc,free_space,0.08,20,0.02,1.56,0.44,pvc_free_space_r0.08_eps20_sig0.02_x1.56_y0.44,pvc_free_space,S_eps20_sig0.02,0.56,D3_deep,R3_medium_large,hard_weak_pvc,pvc_free_space_r0.08_eps20_sig0.02_y0.44,pvc_free_space|S_eps20_sig0.02|R3_medium_large|D3_deep,True,dataset_split/images/train/pvc_free_space_r0.08_eps20_sig0.02_x1.56_y0.44.png,dataset_split/conditions/train/pvc_free_space_r0.08_eps20_sig0.02_x1.56_y0.44.in,train
pvc,water,0.1,10,0.005,1.67,0.33,pvc_water_r0.1_eps10_sig0.005_x1.67_y0.33,pvc_water,S_eps10_sig0.005,0.6699999999999999,D3_deep,R4_large,medium_water_filled_pvc,pvc_water_r0.1_eps10_sig0.005_y0.33,pvc_water|S_eps10_sig0.005|R4_large|D3_deep,True,dataset_split/images/val/pvc_water_r0.1_eps10_sig0.005_x1.67_y0.33.png,dataset_split/conditions/val/pvc_water_r0.1_eps10_sig0.005_x1.67_y0.33.in,val
pvc,water,0.05,10,0.005,1.71,0.5,pvc_water_r0.05_eps10_sig0.005_x1.71_y0.5,pvc_water,S_eps10_sig0.005,0.5,D2_medium,R2_medium_small,medium_water_filled_pvc,pvc_water_r0.05_eps10_sig0.005_y0.5,pvc_water|S_eps10_sig0.005|R2_medium_small|D2_medium,False,dataset_split/images/train/pvc_water_r0.05_eps10_sig0.005_x1.71_y0.5.png,dataset_split/conditions/train/pvc_water_r0.05_eps10_sig0.005_x1.71_y0.5.in,train
steel,free_space,0.05,4,0.001,1.02,0.65,steel_free_space_r0.05_eps4_sig0.001_x1.02_y0.65,steel_free_space,S_eps4_sig0.001,0.35,D2_medium,R2_medium_small,easy_strong_reflection,steel_free_space_r0.05_eps4_sig0.001_y0.65,steel_free_space|S_eps4_sig0.001|R2_medium_small|D2_medium,False,dataset_split/images/train/steel_free_space_r0.05_eps4_sig0.001_x1.02_y0.65.png,dataset_split/conditions/train/steel_free_space_r0.05_eps4_sig0.001_x1.02_y0.65.in,train
pvc,free_space,0.03,10,0.005,1.99,0.46,pvc_free_space_r0.03_eps10_sig0.005_x1.99_y0.46,pvc_free_space,S_eps10_sig0.005,0.54,D2_medium,R1_small,hard_weak_pvc,pvc_free_space_r0.03_eps10_sig0.005_y0.46,pvc_free_space|S_eps10_sig0.005|R1_small|D2_medium,True,dataset_split/images/train/pvc_free_space_r0.03_eps10_sig0.005_x1.99_y0.46.png,dataset_split/conditions/train/pvc_free_space_r0.03_eps10_sig0.005_x1.99_y0.46.in,train
pvc,free_space,0.03,20,0.02,2.27,0.61,pvc_free_space_r0.03_eps20_sig0.02_x2.27_y0.61,pvc_free_space,S_eps20_sig0.02,0.39,D2_medium,R1_small,hard_weak_pvc,pvc_free_space_r0.03_eps20_sig0.02_y0.61,pvc_free_space|S_eps20_sig0.02|R1_small|D2_medium,True,dataset_split/images/train/pvc_free_space_r0.03_eps20_sig0.02_x2.27_y0.61.png,dataset_split/conditions/train/pvc_free_space_r0.03_eps20_sig0.02_x2.27_y0.61.in,train
pvc,free_space,0.08,4,0.001,1.51,0.52,pvc_free_space_r0.08_eps4_sig0.001_x1.51_y0.52,pvc_free_space,S_eps4_sig0.001,0.48,D2_medium,R3_medium_large,hard_weak_pvc,pvc_free_space_r0.08_eps4_sig0.001_y0.52,pvc_free_space|S_eps4_sig0.001|R3_medium_large|D2_medium,True,dataset_split/images/train/pvc_free_space_r0.08_eps4_sig0.001_x1.51_y0.52.png,dataset_split/conditions/train/pvc_free_space_r0.08_eps4_sig0.001_x1.51_y0.52.in,train
pvc,water,0.08,20,0.02,1.05,0.39,pvc_water_r0.08_eps20_sig0.02_x1.05_y0.39,pvc_water,S_eps20_sig0.02,0.61,D3_deep,R3_medium_large,medium_water_filled_pvc,pvc_water_r0.08_eps20_sig0.02_y0.39,pvc_water|S_eps20_sig0.02|R3_medium_large|D3_deep,True,dataset_split/images/val/pvc_water_r0.08_eps20_sig0.02_x1.05_y0.39.png,dataset_split/conditions/val/pvc_water_r0.08_eps20_sig0.02_x1.05_y0.39.in,val
pvc,water,0.08,5,0.05,1.41,0.55,pvc_water_r0.08_eps5_sig0.05_x1.41_y0.55,pvc_water,S_eps5_sig0.05,0.44999999999999996,D2_medium,R3_medium_large,medium_water_filled_pvc,pvc_water_r0.08_eps5_sig0.05_y0.55,pvc_water|S_eps5_sig0.05|R3_medium_large|D2_medium,True,dataset_split/images/stress_test/pvc_water_r0.08_eps5_sig0.05_x1.41_y0.55.png,dataset_split/conditions/stress_test/pvc_water_r0.08_eps5_sig0.05_x1.41_y0.55.in,stress_test
pvc,free_space,0.08,5,0.05,1.17,0.58,pvc_free_space_r0.08_eps5_sig0.05_x1.17_y0.58,pvc_free_space,S_eps5_sig0.05,0.42000000000000004,D2_medium,R3_medium_large,hard_weak_pvc,pvc_free_space_r0.08_eps5_sig0.05_y0.58,pvc_free_space|S_eps5_sig0.05|R3_medium_large|D2_medium,True,dataset_split/images/stress_test/pvc_free_space_r0.08_eps5_sig0.05_x1.17_y0.58.png,dataset_split/conditions/stress_test/pvc_free_space_r0.08_eps5_sig0.05_x1.17_y0.58.in,stress_test
steel,free_space,0.05,5,0.05,2.8,0.26,steel_free_space_r0.05_eps5_sig0.05_x2.8_y0.26,steel_free_space,S_eps5_sig0.05,0.74,D3_deep,R2_medium_small,easy_strong_reflection,steel_free_space_r0.05_eps5_sig0.05_y0.26,steel_free_space|S_eps5_sig0.05|R2_medium_small|D3_deep,True,dataset_split/images/stress_test/steel_free_space_r0.05_eps5_sig0.05_x2.8_y0.26.png,dataset_split/conditions/stress_test/steel_free_space_r0.05_eps5_sig0.05_x2.8_y0.26.in,stress_test
steel,free_space,0.08,4,0.001,2.47,0.28,steel_free_space_r0.08_eps4_sig0.001_x2.47_y0.28,steel_free_space,S_eps4_sig0.001,0.72,D3_deep,R3_medium_large,easy_strong_reflection,steel_free_space_r0.08_eps4_sig0.001_y0.28,steel_free_space|S_eps4_sig0.001|R3_medium_large|D3_deep,True,dataset_split/images/train/steel_free_space_r0.08_eps4_sig0.001_x2.47_y0.28.png,dataset_split/conditions/train/steel_free_space_r0.08_eps4_sig0.001_x2.47_y0.28.in,train
steel,free_space,0.08,10,0.005,2.15,0.27,steel_free_space_r0.08_eps10_sig0.005_x2.15_y0.27,steel_free_space,S_eps10_sig0.005,0.73,D3_deep,R3_medium_large,easy_strong_reflection,steel_free_space_r0.08_eps10_sig0.005_y0.27,steel_free_space|S_eps10_sig0.005|R3_medium_large|D3_deep,True,dataset_split/images/train/steel_free_space_r0.08_eps10_sig0.005_x2.15_y0.27.png,dataset_split/conditions/train/steel_free_space_r0.08_eps10_sig0.005_x2.15_y0.27.in,train
steel,free_space,0.03,20,0.02,2.98,0.3,steel_free_space_r0.03_eps20_sig0.02_x2.98_y0.3,steel_free_space,S_eps20_sig0.02,0.7,D3_deep,R1_small,easy_strong_reflection,steel_free_space_r0.03_eps20_sig0.02_y0.3,steel_free_space|S_eps20_sig0.02|R1_small|D3_deep,True,dataset_split/images/train/steel_free_space_r0.03_eps20_sig0.02_x2.98_y0.3.png,dataset_split/conditions/train/steel_free_space_r0.03_eps20_sig0.02_x2.98_y0.3.in,train
steel,free_space,0.05,5,0.05,2.76,0.57,steel_free_space_r0.05_eps5_sig0.05_x2.76_y0.57,steel_free_space,S_eps5_sig0.05,0.43000000000000005,D2_medium,R2_medium_small,easy_strong_reflection,steel_free_space_r0.05_eps5_sig0.05_y0.57,steel_free_space|S_eps5_sig0.05|R2_medium_small|D2_medium,True,dataset_split/images/stress_test/steel_free_space_r0.05_eps5_sig0.05_x2.76_y0.57.png,dataset_split/conditions/stress_test/steel_free_space_r0.05_eps5_sig0.05_x2.76_y0.57.in,stress_test
pvc,water,0.08,10,0.005,1.06,0.58,pvc_water_r0.08_eps10_sig0.005_x1.06_y0.58,pvc_water,S_eps10_sig0.005,0.42000000000000004,D2_medium,R3_medium_large,medium_water_filled_pvc,pvc_water_r0.08_eps10_sig0.005_y0.58,pvc_water|S_eps10_sig0.005|R3_medium_large|D2_medium,False,dataset_split/images/train/pvc_water_r0.08_eps10_sig0.005_x1.06_y0.58.png,dataset_split/conditions/train/pvc_water_r0.08_eps10_sig0.005_x1.06_y0.58.in,train
steel,free_space,0.08,5,0.05,1.63,0.72,steel_free_space_r0.08_eps5_sig0.05_x1.63_y0.72,steel_free_space,S_eps5_sig0.05,0.28,D1_shallow,R3_medium_large,easy_strong_reflection,steel_free_space_r0.08_eps5_sig0.05_y0.72,steel_free_space|S_eps5_sig0.05|R3_medium_large|D1_shallow,True,dataset_split/images/stress_test/steel_free_space_r0.08_eps5_sig0.05_x1.63_y0.72.png,dataset_split/conditions/stress_test/steel_free_space_r0.08_eps5_sig0.05_x1.63_y0.72.in,stress_test
steel,free_space,0.05,4,0.001,2.43,0.61,steel_free_space_r0.05_eps4_sig0.001_x2.43_y0.61,steel_free_space,S_eps4_sig0.001,0.39,D2_medium,R2_medium_small,easy_strong_reflection,steel_free_space_r0.05_eps4_sig0.001_y0.61,steel_free_space|S_eps4_sig0.001|R2_medium_small|D2_medium,False,dataset_split/images/val/steel_free_space_r0.05_eps4_sig0.001_x2.43_y0.61.png,dataset_split/conditions/val/steel_free_space_r0.05_eps4_sig0.001_x2.43_y0.61.in,val
steel,free_space,0.1,20,0.02,1.34,0.32,steel_free_space_r0.1_eps20_sig0.02_x1.34_y0.32,steel_free_space,S_eps20_sig0.02,0.6799999999999999,D3_deep,R4_large,easy_strong_reflection,steel_free_space_r0.1_eps20_sig0.02_y0.32,steel_free_space|S_eps20_sig0.02|R4_large|D3_deep,True,dataset_split/images/train/steel_free_space_r0.1_eps20_sig0.02_x1.34_y0.32.png,dataset_split/conditions/train/steel_free_space_r0.1_eps20_sig0.02_x1.34_y0.32.in,train
steel,free_space,0.03,5,0.05,2.19,0.57,steel_free_space_r0.03_eps5_sig0.05_x2.19_y0.57,steel_free_space,S_eps5_sig0.05,0.43000000000000005,D2_medium,R1_small,easy_strong_reflection,steel_free_space_r0.03_eps5_sig0.05_y0.57,steel_free_space|S_eps5_sig0.05|R1_small|D2_medium,True,dataset_split/images/stress_test/steel_free_space_r0.03_eps5_sig0.05_x2.19_y0.57.png,dataset_split/conditions/stress_test/steel_free_space_r0.03_eps5_sig0.05_x2.19_y0.57.in,stress_test
steel,free_space,0.05,5,0.05,1.25,0.43,steel_free_space_r0.05_eps5_sig0.05_x1.25_y0.43,steel_free_space,S_eps5_sig0.05,0.5700000000000001,D3_deep,R2_medium_small,easy_strong_reflection,steel_free_space_r0.05_eps5_sig0.05_y0.43,steel_free_space|S_eps5_sig0.05|R2_medium_small|D3_deep,True,dataset_split/images/stress_test/steel_free_space_r0.05_eps5_sig0.05_x1.25_y0.43.png,dataset_split/conditions/stress_test/steel_free_space_r0.05_eps5_sig0.05_x1.25_y0.43.in,stress_test
steel,free_space,0.1,10,0.005,1.21,0.57,steel_free_space_r0.1_eps10_sig0.005_x1.21_y0.57,steel_free_space,S_eps10_sig0.005,0.43000000000000005,D2_medium,R4_large,easy_strong_reflection,steel_free_space_r0.1_eps10_sig0.005_y0.57,steel_free_space|S_eps10_sig0.005|R4_large|D2_medium,False,dataset_split/images/train/steel_free_space_r0.1_eps10_sig0.005_x1.21_y0.57.png,dataset_split/conditions/train/steel_free_space_r0.1_eps10_sig0.005_x1.21_y0.57.in,train
steel,free_space,0.05,20,0.02,2.72,0.66,steel_free_space_r0.05_eps20_sig0.02_x2.72_y0.66,steel_free_space,S_eps20_sig0.02,0.33999999999999997,D2_medium,R2_medium_small,easy_strong_reflection,steel_free_space_r0.05_eps20_sig0.02_y0.66,steel_free_space|S_eps20_sig0.02|R2_medium_small|D2_medium,True,dataset_split/images/train/steel_free_space_r0.05_eps20_sig0.02_x2.72_y0.66.png,dataset_split/conditions/train/steel_free_space_r0.05_eps20_sig0.02_x2.72_y0.66.in,train
steel,free_space,0.03,4,0.001,2.76,0.59,steel_free_space_r0.03_eps4_sig0.001_x2.76_y0.59,steel_free_space,S_eps4_sig0.001,0.41000000000000003,D2_medium,R1_small,easy_strong_reflection,steel_free_space_r0.03_eps4_sig0.001_y0.59,steel_free_space|S_eps4_sig0.001|R1_small|D2_medium,True,dataset_split/images/val/steel_free_space_r0.03_eps4_sig0.001_x2.76_y0.59.png,dataset_split/conditions/val/steel_free_space_r0.03_eps4_sig0.001_x2.76_y0.59.in,val
pvc,water,0.03,10,0.005,2.12,0.76,pvc_water_r0.03_eps10_sig0.005_x2.12_y0.76,pvc_water,S_eps10_sig0.005,0.24,D1_shallow,R1_small,medium_water_filled_pvc,pvc_water_r0.03_eps10_sig0.005_y0.76,pvc_water|S_eps10_sig0.005|R1_small|D1_shallow,True,dataset_split/images/train/pvc_water_r0.03_eps10_sig0.005_x2.12_y0.76.png,dataset_split/conditions/train/pvc_water_r0.03_eps10_sig0.005_x2.12_y0.76.in,train
pvc,water,0.08,20,0.02,2.71,0.29,pvc_water_r0.08_eps20_sig0.02_x2.71_y0.29,pvc_water,S_eps20_sig0.02,0.71,D3_deep,R3_medium_large,medium_water_filled_pvc,pvc_water_r0.08_eps20_sig0.02_y0.29,pvc_water|S_eps20_sig0.02|R3_medium_large|D3_deep,True,dataset_split/images/test_id/pvc_water_r0.08_eps20_sig0.02_x2.71_y0.29.png,dataset_split/conditions/test_id/pvc_water_r0.08_eps20_sig0.02_x2.71_y0.29.in,test_id
pvc,free_space,0.08,5,0.05,2.63,0.29,pvc_free_space_r0.08_eps5_sig0.05_x2.63_y0.29,pvc_free_space,S_eps5_sig0.05,0.71,D3_deep,R3_medium_large,hard_weak_pvc,pvc_free_space_r0.08_eps5_sig0.05_y0.29,pvc_free_space|S_eps5_sig0.05|R3_medium_large|D3_deep,True,dataset_split/images/stress_test/pvc_free_space_r0.08_eps5_sig0.05_x2.63_y0.29.png,dataset_split/conditions/stress_test/pvc_free_space_r0.08_eps5_sig0.05_x2.63_y0.29.in,stress_test
pvc,free_space,0.1,20,0.02,1.68,0.79,pvc_free_space_r0.1_eps20_sig0.02_x1.68_y0.79,pvc_free_space,S_eps20_sig0.02,0.20999999999999996,D1_shallow,R4_large,hard_weak_pvc,pvc_free_space_r0.1_eps20_sig0.02_y0.79,pvc_free_space|S_eps20_sig0.02|R4_large|D1_shallow,True,dataset_split/images/train/pvc_free_space_r0.1_eps20_sig0.02_x1.68_y0.79.png,dataset_split/conditions/train/pvc_free_space_r0.1_eps20_sig0.02_x1.68_y0.79.in,train
steel,free_space,0.05,10,0.005,2.23,0.75,steel_free_space_r0.05_eps10_sig0.005_x2.23_y0.75,steel_free_space,S_eps10_sig0.005,0.25,D1_shallow,R2_medium_small,easy_strong_reflection,steel_free_space_r0.05_eps10_sig0.005_y0.75,steel_free_space|S_eps10_sig0.005|R2_medium_small|D1_shallow,False,dataset_split/images/train/steel_free_space_r0.05_eps10_sig0.005_x2.23_y0.75.png,dataset_split/conditions/train/steel_free_space_r0.05_eps10_sig0.005_x2.23_y0.75.in,train
steel,free_space,0.1,4,0.001,2.15,0.53,steel_free_space_r0.1_eps4_sig0.001_x2.15_y0.53,steel_free_space,S_eps4_sig0.001,0.47,D2_medium,R4_large,easy_strong_reflection,steel_free_space_r0.1_eps4_sig0.001_y0.53,steel_free_space|S_eps4_sig0.001|R4_large|D2_medium,False,dataset_split/images/train/steel_free_space_r0.1_eps4_sig0.001_x2.15_y0.53.png,dataset_split/conditions/train/steel_free_space_r0.1_eps4_sig0.001_x2.15_y0.53.in,train
pvc,free_space,0.08,10,0.005,2.39,0.44,pvc_free_space_r0.08_eps10_sig0.005_x2.39_y0.44,pvc_free_space,S_eps10_sig0.005,0.56,D3_deep,R3_medium_large,hard_weak_pvc,pvc_free_space_r0.08_eps10_sig0.005_y0.44,pvc_free_space|S_eps10_sig0.005|R3_medium_large|D3_deep,True,dataset_split/images/train/pvc_free_space_r0.08_eps10_sig0.005_x2.39_y0.44.png,dataset_split/conditions/train/pvc_free_space_r0.08_eps10_sig0.005_x2.39_y0.44.in,train
pvc,water,0.03,10,0.005,2.89,0.33,pvc_water_r0.03_eps10_sig0.005_x2.89_y0.33,pvc_water,S_eps10_sig0.005,0.6699999999999999,D3_deep,R1_small,medium_water_filled_pvc,pvc_water_r0.03_eps10_sig0.005_y0.33,pvc_water|S_eps10_sig0.005|R1_small|D3_deep,True,dataset_split/images/test_id/pvc_water_r0.03_eps10_sig0.005_x2.89_y0.33.png,dataset_split/conditions/test_id/pvc_water_r0.03_eps10_sig0.005_x2.89_y0.33.in,test_id
pvc,water,0.08,5,0.05,1.38,0.56,pvc_water_r0.08_eps5_sig0.05_x1.38_y0.56,pvc_water,S_eps5_sig0.05,0.43999999999999995,D2_medium,R3_medium_large,medium_water_filled_pvc,pvc_water_r0.08_eps5_sig0.05_y0.56,pvc_water|S_eps5_sig0.05|R3_medium_large|D2_medium,True,dataset_split/images/stress_test/pvc_water_r0.08_eps5_sig0.05_x1.38_y0.56.png,dataset_split/conditions/stress_test/pvc_water_r0.08_eps5_sig0.05_x1.38_y0.56.in,stress_test
pvc,water,0.08,20,0.02,2.28,0.32,pvc_water_r0.08_eps20_sig0.02_x2.28_y0.32,pvc_water,S_eps20_sig0.02,0.6799999999999999,D3_deep,R3_medium_large,medium_water_filled_pvc,pvc_water_r0.08_eps20_sig0.02_y0.32,pvc_water|S_eps20_sig0.02|R3_medium_large|D3_deep,True,dataset_split/images/train/pvc_water_r0.08_eps20_sig0.02_x2.28_y0.32.png,dataset_split/conditions/train/pvc_water_r0.08_eps20_sig0.02_x2.28_y0.32.in,train
pvc,water,0.05,10,0.005,2.7,0.51,pvc_water_r0.05_eps10_sig0.005_x2.7_y0.51,pvc_water,S_eps10_sig0.005,0.49,D2_medium,R2_medium_small,medium_water_filled_pvc,pvc_water_r0.05_eps10_sig0.005_y0.51,pvc_water|S_eps10_sig0.005|R2_medium_small|D2_medium,False,dataset_split/images/test_id/pvc_water_r0.05_eps10_sig0.005_x2.7_y0.51.png,dataset_split/conditions/test_id/pvc_water_r0.05_eps10_sig0.005_x2.7_y0.51.in,test_id
steel,free_space,0.1,10,0.005,1.16,0.26,steel_free_space_r0.1_eps10_sig0.005_x1.16_y0.26,steel_free_space,S_eps10_sig0.005,0.74,D3_deep,R4_large,easy_strong_reflection,steel_free_space_r0.1_eps10_sig0.005_y0.26,steel_free_space|S_eps10_sig0.005|R4_large|D3_deep,True,dataset_split/images/train/steel_free_space_r0.1_eps10_sig0.005_x1.16_y0.26.png,dataset_split/conditions/train/steel_free_space_r0.1_eps10_sig0.005_x1.16_y0.26.in,train
pvc,water,0.05,4,0.001,2.51,0.4,pvc_water_r0.05_eps4_sig0.001_x2.51_y0.4,pvc_water,S_eps4_sig0.001,0.6,D3_deep,R2_medium_small,medium_water_filled_pvc,pvc_water_r0.05_eps4_sig0.001_y0.4,pvc_water|S_eps4_sig0.001|R2_medium_small|D3_deep,True,dataset_split/images/train/pvc_water_r0.05_eps4_sig0.001_x2.51_y0.4.png,dataset_split/conditions/train/pvc_water_r0.05_eps4_sig0.001_x2.51_y0.4.in,train
steel,free_space,0.05,10,0.005,1.7,0.7,steel_free_space_r0.05_eps10_sig0.005_x1.7_y0.7,steel_free_space,S_eps10_sig0.005,0.30000000000000004,D2_medium,R2_medium_small,easy_strong_reflection,steel_free_space_r0.05_eps10_sig0.005_y0.7,steel_free_space|S_eps10_sig0.005|R2_medium_small|D2_medium,False,dataset_split/images/train/steel_free_space_r0.05_eps10_sig0.005_x1.7_y0.7.png,dataset_split/conditions/train/steel_free_space_r0.05_eps10_sig0.005_x1.7_y0.7.in,train
steel,free_space,0.1,5,0.05,1.66,0.52,steel_free_space_r0.1_eps5_sig0.05_x1.66_y0.52,steel_free_space,S_eps5_sig0.05,0.48,D2_medium,R4_large,easy_strong_reflection,steel_free_space_r0.1_eps5_sig0.05_y0.52,steel_free_space|S_eps5_sig0.05|R4_large|D2_medium,True,dataset_split/images/stress_test/steel_free_space_r0.1_eps5_sig0.05_x1.66_y0.52.png,dataset_split/conditions/stress_test/steel_free_space_r0.1_eps5_sig0.05_x1.66_y0.52.in,stress_test
steel,free_space,0.08,4,0.001,2.21,0.46,steel_free_space_r0.08_eps4_sig0.001_x2.21_y0.46,steel_free_space,S_eps4_sig0.001,0.54,D2_medium,R3_medium_large,easy_strong_reflection,steel_free_space_r0.08_eps4_sig0.001_y0.46,steel_free_space|S_eps4_sig0.001|R3_medium_large|D2_medium,False,dataset_split/images/train/steel_free_space_r0.08_eps4_sig0.001_x2.21_y0.46.png,dataset_split/conditions/train/steel_free_space_r0.08_eps4_sig0.001_x2.21_y0.46.in,train
steel,free_space,0.08,10,0.005,2.29,0.65,steel_free_space_r0.08_eps10_sig0.005_x2.29_y0.65,steel_free_space,S_eps10_sig0.005,0.35,D2_medium,R3_medium_large,easy_strong_reflection,steel_free_space_r0.08_eps10_sig0.005_y0.65,steel_free_space|S_eps10_sig0.005|R3_medium_large|D2_medium,False,dataset_split/images/test_id/steel_free_space_r0.08_eps10_sig0.005_x2.29_y0.65.png,dataset_split/conditions/test_id/steel_free_space_r0.08_eps10_sig0.005_x2.29_y0.65.in,test_id
pvc,water,0.1,10,0.005,1.48,0.37,pvc_water_r0.1_eps10_sig0.005_x1.48_y0.37,pvc_water,S_eps10_sig0.005,0.63,D3_deep,R4_large,medium_water_filled_pvc,pvc_water_r0.1_eps10_sig0.005_y0.37,pvc_water|S_eps10_sig0.005|R4_large|D3_deep,True,dataset_split/images/train/pvc_water_r0.1_eps10_sig0.005_x1.48_y0.37.png,dataset_split/conditions/train/pvc_water_r0.1_eps10_sig0.005_x1.48_y0.37.in,train
pvc,free_space,0.1,4,0.001,1.95,0.42,pvc_free_space_r0.1_eps4_sig0.001_x1.95_y0.42,pvc_free_space,S_eps4_sig0.001,0.5800000000000001,D3_deep,R4_large,hard_weak_pvc,pvc_free_space_r0.1_eps4_sig0.001_y0.42,pvc_free_space|S_eps4_sig0.001|R4_large|D3_deep,True,dataset_split/images/train/pvc_free_space_r0.1_eps4_sig0.001_x1.95_y0.42.png,dataset_split/conditions/train/pvc_free_space_r0.1_eps4_sig0.001_x1.95_y0.42.in,train
steel,free_space,0.03,20,0.02,2.3,0.37,steel_free_space_r0.03_eps20_sig0.02_x2.3_y0.37,steel_free_space,S_eps20_sig0.02,0.63,D3_deep,R1_small,easy_strong_reflection,steel_free_space_r0.03_eps20_sig0.02_y0.37,steel_free_space|S_eps20_sig0.02|R1_small|D3_deep,True,dataset_split/images/train/steel_free_space_r0.03_eps20_sig0.02_x2.3_y0.37.png,dataset_split/conditions/train/steel_free_space_r0.03_eps20_sig0.02_x2.3_y0.37.in,train
steel,free_space,0.05,20,0.02,2.11,0.71,steel_free_space_r0.05_eps20_sig0.02_x2.11_y0.71,steel_free_space,S_eps20_sig0.02,0.29000000000000004,D1_shallow,R2_medium_small,easy_strong_reflection,steel_free_space_r0.05_eps20_sig0.02_y0.71,steel_free_space|S_eps20_sig0.02|R2_medium_small|D1_shallow,True,dataset_split/images/test_id/steel_free_space_r0.05_eps20_sig0.02_x2.11_y0.71.png,dataset_split/conditions/test_id/steel_free_space_r0.05_eps20_sig0.02_x2.11_y0.71.in,test_id
pvc,water,0.05,4,0.001,1.52,0.39,pvc_water_r0.05_eps4_sig0.001_x1.52_y0.39,pvc_water,S_eps4_sig0.001,0.61,D3_deep,R2_medium_small,medium_water_filled_pvc,pvc_water_r0.05_eps4_sig0.001_y0.39,pvc_water|S_eps4_sig0.001|R2_medium_small|D3_deep,True,dataset_split/images/train/pvc_water_r0.05_eps4_sig0.001_x1.52_y0.39.png,dataset_split/conditions/train/pvc_water_r0.05_eps4_sig0.001_x1.52_y0.39.in,train
steel,free_space,0.1,20,0.02,1.16,0.78,steel_free_space_r0.1_eps20_sig0.02_x1.16_y0.78,steel_free_space,S_eps20_sig0.02,0.21999999999999997,D1_shallow,R4_large,easy_strong_reflection,steel_free_space_r0.1_eps20_sig0.02_y0.78,steel_free_space|S_eps20_sig0.02|R4_large|D1_shallow,True,dataset_split/images/train/steel_free_space_r0.1_eps20_sig0.02_x1.16_y0.78.png,dataset_split/conditions/train/steel_free_space_r0.1_eps20_sig0.02_x1.16_y0.78.in,train
steel,free_space,0.03,20,0.02,1.43,0.6,steel_free_space_r0.03_eps20_sig0.02_x1.43_y0.6,steel_free_space,S_eps20_sig0.02,0.4,D2_medium,R1_small,easy_strong_reflection,steel_free_space_r0.03_eps20_sig0.02_y0.6,steel_free_space|S_eps20_sig0.02|R1_small|D2_medium,True,dataset_split/images/test_id/steel_free_space_r0.03_eps20_sig0.02_x1.43_y0.6.png,dataset_split/conditions/test_id/steel_free_space_r0.03_eps20_sig0.02_x1.43_y0.6.in,test_id
pvc,free_space,0.05,4,0.001,1.45,0.46,pvc_free_space_r0.05_eps4_sig0.001_x1.45_y0.46,pvc_free_space,S_eps4_sig0.001,0.54,D2_medium,R2_medium_small,hard_weak_pvc,pvc_free_space_r0.05_eps4_sig0.001_y0.46,pvc_free_space|S_eps4_sig0.001|R2_medium_small|D2_medium,True,dataset_split/images/train/pvc_free_space_r0.05_eps4_sig0.001_x1.45_y0.46.png,dataset_split/conditions/train/pvc_free_space_r0.05_eps4_sig0.001_x1.45_y0.46.in,train
steel,free_space,0.03,4,0.001,1.94,0.32,steel_free_space_r0.03_eps4_sig0.001_x1.94_y0.32,steel_free_space,S_eps4_sig0.001,0.6799999999999999,D3_deep,R1_small,easy_strong_reflection,steel_free_space_r0.03_eps4_sig0.001_y0.32,steel_free_space|S_eps4_sig0.001|R1_small|D3_deep,True,dataset_split/images/train/steel_free_space_r0.03_eps4_sig0.001_x1.94_y0.32.png,dataset_split/conditions/train/steel_free_space_r0.03_eps4_sig0.001_x1.94_y0.32.in,train
pvc,water,0.05,20,0.02,1.71,0.29,pvc_water_r0.05_eps20_sig0.02_x1.71_y0.29,pvc_water,S_eps20_sig0.02,0.71,D3_deep,R2_medium_small,medium_water_filled_pvc,pvc_water_r0.05_eps20_sig0.02_y0.29,pvc_water|S_eps20_sig0.02|R2_medium_small|D3_deep,True,dataset_split/images/train/pvc_water_r0.05_eps20_sig0.02_x1.71_y0.29.png,dataset_split/conditions/train/pvc_water_r0.05_eps20_sig0.02_x1.71_y0.29.in,train
pvc,water,0.08,5,0.05,2.69,0.77,pvc_water_r0.08_eps5_sig0.05_x2.69_y0.77,pvc_water,S_eps5_sig0.05,0.22999999999999998,D1_shallow,R3_medium_large,medium_water_filled_pvc,pvc_water_r0.08_eps5_sig0.05_y0.77,pvc_water|S_eps5_sig0.05|R3_medium_large|D1_shallow,True,dataset_split/images/stress_test/pvc_water_r0.08_eps5_sig0.05_x2.69_y0.77.png,dataset_split/conditions/stress_test/pvc_water_r0.08_eps5_sig0.05_x2.69_y0.77.in,stress_test
pvc,water,0.08,4,0.001,2.93,0.41,pvc_water_r0.08_eps4_sig0.001_x2.93_y0.41,pvc_water,S_eps4_sig0.001,0.5900000000000001,D3_deep,R3_medium_large,medium_water_filled_pvc,pvc_water_r0.08_eps4_sig0.001_y0.41,pvc_water|S_eps4_sig0.001|R3_medium_large|D3_deep,True,dataset_split/images/train/pvc_water_r0.08_eps4_sig0.001_x2.93_y0.41.png,dataset_split/conditions/train/pvc_water_r0.08_eps4_sig0.001_x2.93_y0.41.in,train
pvc,water,0.03,4,0.001,2.71,0.6,pvc_water_r0.03_eps4_sig0.001_x2.71_y0.6,pvc_water,S_eps4_sig0.001,0.4,D2_medium,R1_small,medium_water_filled_pvc,pvc_water_r0.03_eps4_sig0.001_y0.6,pvc_water|S_eps4_sig0.001|R1_small|D2_medium,True,dataset_split/images/train/pvc_water_r0.03_eps4_sig0.001_x2.71_y0.6.png,dataset_split/conditions/train/pvc_water_r0.03_eps4_sig0.001_x2.71_y0.6.in,train
steel,free_space,0.08,4,0.001,1.46,0.38,steel_free_space_r0.08_eps4_sig0.001_x1.46_y0.38,steel_free_space,S_eps4_sig0.001,0.62,D3_deep,R3_medium_large,easy_strong_reflection,steel_free_space_r0.08_eps4_sig0.001_y0.38,steel_free_space|S_eps4_sig0.001|R3_medium_large|D3_deep,True,dataset_split/images/train/steel_free_space_r0.08_eps4_sig0.001_x1.46_y0.38.png,dataset_split/conditions/train/steel_free_space_r0.08_eps4_sig0.001_x1.46_y0.38.in,train
steel,free_space,0.08,20,0.02,2.09,0.79,steel_free_space_r0.08_eps20_sig0.02_x2.09_y0.79,steel_free_space,S_eps20_sig0.02,0.20999999999999996,D1_shallow,R3_medium_large,easy_strong_reflection,steel_free_space_r0.08_eps20_sig0.02_y0.79,steel_free_space|S_eps20_sig0.02|R3_medium_large|D1_shallow,True,dataset_split/images/train/steel_free_space_r0.08_eps20_sig0.02_x2.09_y0.79.png,dataset_split/conditions/train/steel_free_space_r0.08_eps20_sig0.02_x2.09_y0.79.in,train
steel,free_space,0.05,5,0.05,1.88,0.55,steel_free_space_r0.05_eps5_sig0.05_x1.88_y0.55,steel_free_space,S_eps5_sig0.05,0.44999999999999996,D2_medium,R2_medium_small,easy_strong_reflection,steel_free_space_r0.05_eps5_sig0.05_y0.55,steel_free_space|S_eps5_sig0.05|R2_medium_small|D2_medium,True,dataset_split/images/stress_test/steel_free_space_r0.05_eps5_sig0.05_x1.88_y0.55.png,dataset_split/conditions/stress_test/steel_free_space_r0.05_eps5_sig0.05_x1.88_y0.55.in,stress_test
pvc,free_space,0.08,10,0.005,1.42,0.32,pvc_free_space_r0.08_eps10_sig0.005_x1.42_y0.32,pvc_free_space,S_eps10_sig0.005,0.6799999999999999,D3_deep,R3_medium_large,hard_weak_pvc,pvc_free_space_r0.08_eps10_sig0.005_y0.32,pvc_free_space|S_eps10_sig0.005|R3_medium_large|D3_deep,True,dataset_split/images/train/pvc_free_space_r0.08_eps10_sig0.005_x1.42_y0.32.png,dataset_split/conditions/train/pvc_free_space_r0.08_eps10_sig0.005_x1.42_y0.32.in,train
pvc,water,0.03,10,0.005,1.79,0.67,pvc_water_r0.03_eps10_sig0.005_x1.79_y0.67,pvc_water,S_eps10_sig0.005,0.32999999999999996,D2_medium,R1_small,medium_water_filled_pvc,pvc_water_r0.03_eps10_sig0.005_y0.67,pvc_water|S_eps10_sig0.005|R1_small|D2_medium,True,dataset_split/images/train/pvc_water_r0.03_eps10_sig0.005_x1.79_y0.67.png,dataset_split/conditions/train/pvc_water_r0.03_eps10_sig0.005_x1.79_y0.67.in,train
steel,free_space,0.03,4,0.001,2.14,0.61,steel_free_space_r0.03_eps4_sig0.001_x2.14_y0.61,steel_free_space,S_eps4_sig0.001,0.39,D2_medium,R1_small,easy_strong_reflection,steel_free_space_r0.03_eps4_sig0.001_y0.61,steel_free_space|S_eps4_sig0.001|R1_small|D2_medium,True,dataset_split/images/train/steel_free_space_r0.03_eps4_sig0.001_x2.14_y0.61.png,dataset_split/conditions/train/steel_free_space_r0.03_eps4_sig0.001_x2.14_y0.61.in,train
steel,free_space,0.1,5,0.05,1.27,0.63,steel_free_space_r0.1_eps5_sig0.05_x1.27_y0.63,steel_free_space,S_eps5_sig0.05,0.37,D2_medium,R4_large,easy_strong_reflection,steel_free_space_r0.1_eps5_sig0.05_y0.63,steel_free_space|S_eps5_sig0.05|R4_large|D2_medium,True,dataset_split/images/stress_test/steel_free_space_r0.1_eps5_sig0.05_x1.27_y0.63.png,dataset_split/conditions/stress_test/steel_free_space_r0.1_eps5_sig0.05_x1.27_y0.63.in,stress_test
pvc,free_space,0.05,20,0.02,1.82,0.61,pvc_free_space_r0.05_eps20_sig0.02_x1.82_y0.61,pvc_free_space,S_eps20_sig0.02,0.39,D2_medium,R2_medium_small,hard_weak_pvc,pvc_free_space_r0.05_eps20_sig0.02_y0.61,pvc_free_space|S_eps20_sig0.02|R2_medium_small|D2_medium,True,dataset_split/images/train/pvc_free_space_r0.05_eps20_sig0.02_x1.82_y0.61.png,dataset_split/conditions/train/pvc_free_space_r0.05_eps20_sig0.02_x1.82_y0.61.in,train
steel,free_space,0.03,4,0.001,2.93,0.27,steel_free_space_r0.03_eps4_sig0.001_x2.93_y0.27,steel_free_space,S_eps4_sig0.001,0.73,D3_deep,R1_small,easy_strong_reflection,steel_free_space_r0.03_eps4_sig0.001_y0.27,steel_free_space|S_eps4_sig0.001|R1_small|D3_deep,True,dataset_split/images/test_id/steel_free_space_r0.03_eps4_sig0.001_x2.93_y0.27.png,dataset_split/conditions/test_id/steel_free_space_r0.03_eps4_sig0.001_x2.93_y0.27.in,test_id
steel,free_space,0.08,10,0.005,1.72,0.45,steel_free_space_r0.08_eps10_sig0.005_x1.72_y0.45,steel_free_space,S_eps10_sig0.005,0.55,D2_medium,R3_medium_large,easy_strong_reflection,steel_free_space_r0.08_eps10_sig0.005_y0.45,steel_free_space|S_eps10_sig0.005|R3_medium_large|D2_medium,False,dataset_split/images/test_id/steel_free_space_r0.08_eps10_sig0.005_x1.72_y0.45.png,dataset_split/conditions/test_id/steel_free_space_r0.08_eps10_sig0.005_x1.72_y0.45.in,test_id
steel,free_space,0.1,5,0.05,1.44,0.41,steel_free_space_r0.1_eps5_sig0.05_x1.44_y0.41,steel_free_space,S_eps5_sig0.05,0.5900000000000001,D3_deep,R4_large,easy_strong_reflection,steel_free_space_r0.1_eps5_sig0.05_y0.41,steel_free_space|S_eps5_sig0.05|R4_large|D3_deep,True,dataset_split/images/stress_test/steel_free_space_r0.1_eps5_sig0.05_x1.44_y0.41.png,dataset_split/conditions/stress_test/steel_free_space_r0.1_eps5_sig0.05_x1.44_y0.41.in,stress_test
steel,free_space,0.1,20,0.02,2.42,0.43,steel_free_space_r0.1_eps20_sig0.02_x2.42_y0.43,steel_free_space,S_eps20_sig0.02,0.5700000000000001,D3_deep,R4_large,easy_strong_reflection,steel_free_space_r0.1_eps20_sig0.02_y0.43,steel_free_space|S_eps20_sig0.02|R4_large|D3_deep,True,dataset_split/images/train/steel_free_space_r0.1_eps20_sig0.02_x2.42_y0.43.png,dataset_split/conditions/train/steel_free_space_r0.1_eps20_sig0.02_x2.42_y0.43.in,train
pvc,free_space,0.05,5,0.05,2.12,0.69,pvc_free_space_r0.05_eps5_sig0.05_x2.12_y0.69,pvc_free_space,S_eps5_sig0.05,0.31000000000000005,D2_medium,R2_medium_small,hard_weak_pvc,pvc_free_space_r0.05_eps5_sig0.05_y0.69,pvc_free_space|S_eps5_sig0.05|R2_medium_small|D2_medium,True,dataset_split/images/stress_test/pvc_free_space_r0.05_eps5_sig0.05_x2.12_y0.69.png,dataset_split/conditions/stress_test/pvc_free_space_r0.05_eps5_sig0.05_x2.12_y0.69.in,stress_test
steel,free_space,0.08,5,0.05,2.14,0.54,steel_free_space_r0.08_eps5_sig0.05_x2.14_y0.54,steel_free_space,S_eps5_sig0.05,0.45999999999999996,D2_medium,R3_medium_large,easy_strong_reflection,steel_free_space_r0.08_eps5_sig0.05_y0.54,steel_free_space|S_eps5_sig0.05|R3_medium_large|D2_medium,True,dataset_split/images/stress_test/steel_free_space_r0.08_eps5_sig0.05_x2.14_y0.54.png,dataset_split/conditions/stress_test/steel_free_space_r0.08_eps5_sig0.05_x2.14_y0.54.in,stress_test
steel,free_space,0.1,20,0.02,2.47,0.3,steel_free_space_r0.1_eps20_sig0.02_x2.47_y0.3,steel_free_space,S_eps20_sig0.02,0.7,D3_deep,R4_large,easy_strong_reflection,steel_free_space_r0.1_eps20_sig0.02_y0.3,steel_free_space|S_eps20_sig0.02|R4_large|D3_deep,True,dataset_split/images/train/steel_free_space_r0.1_eps20_sig0.02_x2.47_y0.3.png,dataset_split/conditions/train/steel_free_space_r0.1_eps20_sig0.02_x2.47_y0.3.in,train
steel,free_space,0.03,5,0.05,1.19,0.72,steel_free_space_r0.03_eps5_sig0.05_x1.19_y0.72,steel_free_space,S_eps5_sig0.05,0.28,D1_shallow,R1_small,easy_strong_reflection,steel_free_space_r0.03_eps5_sig0.05_y0.72,steel_free_space|S_eps5_sig0.05|R1_small|D1_shallow,True,dataset_split/images/stress_test/steel_free_space_r0.03_eps5_sig0.05_x1.19_y0.72.png,dataset_split/conditions/stress_test/steel_free_space_r0.03_eps5_sig0.05_x1.19_y0.72.in,stress_test
steel,free_space,0.03,4,0.001,2.52,0.36,steel_free_space_r0.03_eps4_sig0.001_x2.52_y0.36,steel_free_space,S_eps4_sig0.001,0.64,D3_deep,R1_small,easy_strong_reflection,steel_free_space_r0.03_eps4_sig0.001_y0.36,steel_free_space|S_eps4_sig0.001|R1_small|D3_deep,True,dataset_split/images/train/steel_free_space_r0.03_eps4_sig0.001_x2.52_y0.36.png,dataset_split/conditions/train/steel_free_space_r0.03_eps4_sig0.001_x2.52_y0.36.in,train
steel,free_space,0.03,5,0.05,2.87,0.48,steel_free_space_r0.03_eps5_sig0.05_x2.87_y0.48,steel_free_space,S_eps5_sig0.05,0.52,D2_medium,R1_small,easy_strong_reflection,steel_free_space_r0.03_eps5_sig0.05_y0.48,steel_free_space|S_eps5_sig0.05|R1_small|D2_medium,True,dataset_split/images/stress_test/steel_free_space_r0.03_eps5_sig0.05_x2.87_y0.48.png,dataset_split/conditions/stress_test/steel_free_space_r0.03_eps5_sig0.05_x2.87_y0.48.in,stress_test
steel,free_space,0.08,5,0.05,2.29,0.59,steel_free_space_r0.08_eps5_sig0.05_x2.29_y0.59,steel_free_space,S_eps5_sig0.05,0.41000000000000003,D2_medium,R3_medium_large,easy_strong_reflection,steel_free_space_r0.08_eps5_sig0.05_y0.59,steel_free_space|S_eps5_sig0.05|R3_medium_large|D2_medium,True,dataset_split/images/stress_test/steel_free_space_r0.08_eps5_sig0.05_x2.29_y0.59.png,dataset_split/conditions/stress_test/steel_free_space_r0.08_eps5_sig0.05_x2.29_y0.59.in,stress_test
pvc,water,0.08,10,0.005,1.44,0.43,pvc_water_r0.08_eps10_sig0.005_x1.44_y0.43,pvc_water,S_eps10_sig0.005,0.5700000000000001,D3_deep,R3_medium_large,medium_water_filled_pvc,pvc_water_r0.08_eps10_sig0.005_y0.43,pvc_water|S_eps10_sig0.005|R3_medium_large|D3_deep,True,dataset_split/images/train/pvc_water_r0.08_eps10_sig0.005_x1.44_y0.43.png,dataset_split/conditions/train/pvc_water_r0.08_eps10_sig0.005_x1.44_y0.43.in,train
steel,free_space,0.05,5,0.05,2.94,0.51,steel_free_space_r0.05_eps5_sig0.05_x2.94_y0.51,steel_free_space,S_eps5_sig0.05,0.49,D2_medium,R2_medium_small,easy_strong_reflection,steel_free_space_r0.05_eps5_sig0.05_y0.51,steel_free_space|S_eps5_sig0.05|R2_medium_small|D2_medium,True,dataset_split/images/stress_test/steel_free_space_r0.05_eps5_sig0.05_x2.94_y0.51.png,dataset_split/conditions/stress_test/steel_free_space_r0.05_eps5_sig0.05_x2.94_y0.51.in,stress_test
steel,free_space,0.1,10,0.005,2.07,0.71,steel_free_space_r0.1_eps10_sig0.005_x2.07_y0.71,steel_free_space,S_eps10_sig0.005,0.29000000000000004,D1_shallow,R4_large,easy_strong_reflection,steel_free_space_r0.1_eps10_sig0.005_y0.71,steel_free_space|S_eps10_sig0.005|R4_large|D1_shallow,False,dataset_split/images/train/steel_free_space_r0.1_eps10_sig0.005_x2.07_y0.71.png,dataset_split/conditions/train/steel_free_space_r0.1_eps10_sig0.005_x2.07_y0.71.in,train
pvc,water,0.05,5,0.05,1.86,0.72,pvc_water_r0.05_eps5_sig0.05_x1.86_y0.72,pvc_water,S_eps5_sig0.05,0.28,D1_shallow,R2_medium_small,medium_water_filled_pvc,pvc_water_r0.05_eps5_sig0.05_y0.72,pvc_water|S_eps5_sig0.05|R2_medium_small|D1_shallow,True,dataset_split/images/stress_test/pvc_water_r0.05_eps5_sig0.05_x1.86_y0.72.png,dataset_split/conditions/stress_test/pvc_water_r0.05_eps5_sig0.05_x1.86_y0.72.in,stress_test
steel,free_space,0.05,4,0.001,1.97,0.29,steel_free_space_r0.05_eps4_sig0.001_x1.97_y0.29,steel_free_space,S_eps4_sig0.001,0.71,D3_deep,R2_medium_small,easy_strong_reflection,steel_free_space_r0.05_eps4_sig0.001_y0.29,steel_free_space|S_eps4_sig0.001|R2_medium_small|D3_deep,True,dataset_split/images/test_id/steel_free_space_r0.05_eps4_sig0.001_x1.97_y0.29.png,dataset_split/conditions/test_id/steel_free_space_r0.05_eps4_sig0.001_x1.97_y0.29.in,test_id
pvc,water,0.1,5,0.05,1.5,0.77,pvc_water_r0.1_eps5_sig0.05_x1.5_y0.77,pvc_water,S_eps5_sig0.05,0.22999999999999998,D1_shallow,R4_large,medium_water_filled_pvc,pvc_water_r0.1_eps5_sig0.05_y0.77,pvc_water|S_eps5_sig0.05|R4_large|D1_shallow,True,dataset_split/images/stress_test/pvc_water_r0.1_eps5_sig0.05_x1.5_y0.77.png,dataset_split/conditions/stress_test/pvc_water_r0.1_eps5_sig0.05_x1.5_y0.77.in,stress_test
pvc,free_space,0.08,20,0.02,1.74,0.51,pvc_free_space_r0.08_eps20_sig0.02_x1.74_y0.51,pvc_free_space,S_eps20_sig0.02,0.49,D2_medium,R3_medium_large,hard_weak_pvc,pvc_free_space_r0.08_eps20_sig0.02_y0.51,pvc_free_space|S_eps20_sig0.02|R3_medium_large|D2_medium,True,dataset_split/images/train/pvc_free_space_r0.08_eps20_sig0.02_x1.74_y0.51.png,dataset_split/conditions/train/pvc_free_space_r0.08_eps20_sig0.02_x1.74_y0.51.in,train
steel,free_space,0.1,10,0.005,2.42,0.56,steel_free_space_r0.1_eps10_sig0.005_x2.42_y0.56,steel_free_space,S_eps10_sig0.005,0.43999999999999995,D2_medium,R4_large,easy_strong_reflection,steel_free_space_r0.1_eps10_sig0.005_y0.56,steel_free_space|S_eps10_sig0.005|R4_large|D2_medium,False,dataset_split/images/train/steel_free_space_r0.1_eps10_sig0.005_x2.42_y0.56.png,dataset_split/conditions/train/steel_free_space_r0.1_eps10_sig0.005_x2.42_y0.56.in,train
pvc,free_space,0.1,4,0.001,2.18,0.32,pvc_free_space_r0.1_eps4_sig0.001_x2.18_y0.32,pvc_free_space,S_eps4_sig0.001,0.6799999999999999,D3_deep,R4_large,hard_weak_pvc,pvc_free_space_r0.1_eps4_sig0.001_y0.32,pvc_free_space|S_eps4_sig0.001|R4_large|D3_deep,True,dataset_split/images/train/pvc_free_space_r0.1_eps4_sig0.001_x2.18_y0.32.png,dataset_split/conditions/train/pvc_free_space_r0.1_eps4_sig0.001_x2.18_y0.32.in,train
steel,free_space,0.05,5,0.05,1.73,0.51,steel_free_space_r0.05_eps5_sig0.05_x1.73_y0.51,steel_free_space,S_eps5_sig0.05,0.49,D2_medium,R2_medium_small,easy_strong_reflection,steel_free_space_r0.05_eps5_sig0.05_y0.51,steel_free_space|S_eps5_sig0.05|R2_medium_small|D2_medium,True,dataset_split/images/stress_test/steel_free_space_r0.05_eps5_sig0.05_x1.73_y0.51.png,dataset_split/conditions/stress_test/steel_free_space_r0.05_eps5_sig0.05_x1.73_y0.51.in,stress_test
pvc,water,0.03,5,0.05,1.45,0.78,pvc_water_r0.03_eps5_sig0.05_x1.45_y0.78,pvc_water,S_eps5_sig0.05,0.21999999999999997,D1_shallow,R1_small,medium_water_filled_pvc,pvc_water_r0.03_eps5_sig0.05_y0.78,pvc_water|S_eps5_sig0.05|R1_small|D1_shallow,True,dataset_split/images/stress_test/pvc_water_r0.03_eps5_sig0.05_x1.45_y0.78.png,dataset_split/conditions/stress_test/pvc_water_r0.03_eps5_sig0.05_x1.45_y0.78.in,stress_test
steel,free_space,0.1,4,0.001,2.78,0.27,steel_free_space_r0.1_eps4_sig0.001_x2.78_y0.27,steel_free_space,S_eps4_sig0.001,0.73,D3_deep,R4_large,easy_strong_reflection,steel_free_space_r0.1_eps4_sig0.001_y0.27,steel_free_space|S_eps4_sig0.001|R4_large|D3_deep,True,dataset_split/images/train/steel_free_space_r0.1_eps4_sig0.001_x2.78_y0.27.png,dataset_split/conditions/train/steel_free_space_r0.1_eps4_sig0.001_x2.78_y0.27.in,train
steel,free_space,0.1,4,0.001,2.49,0.58,steel_free_space_r0.1_eps4_sig0.001_x2.49_y0.58,steel_free_space,S_eps4_sig0.001,0.42000000000000004,D2_medium,R4_large,easy_strong_reflection,steel_free_space_r0.1_eps4_sig0.001_y0.58,steel_free_space|S_eps4_sig0.001|R4_large|D2_medium,False,dataset_split/images/train/steel_free_space_r0.1_eps4_sig0.001_x2.49_y0.58.png,dataset_split/conditions/train/steel_free_space_r0.1_eps4_sig0.001_x2.49_y0.58.in,train
pvc,free_space,0.05,5,0.05,2.91,0.54,pvc_free_space_r0.05_eps5_sig0.05_x2.91_y0.54,pvc_free_space,S_eps5_sig0.05,0.45999999999999996,D2_medium,R2_medium_small,hard_weak_pvc,pvc_free_space_r0.05_eps5_sig0.05_y0.54,pvc_free_space|S_eps5_sig0.05|R2_medium_small|D2_medium,True,dataset_split/images/stress_test/pvc_free_space_r0.05_eps5_sig0.05_x2.91_y0.54.png,dataset_split/conditions/stress_test/pvc_free_space_r0.05_eps5_sig0.05_x2.91_y0.54.in,stress_test
pvc,free_space,0.08,10,0.005,2.16,0.69,pvc_free_space_r0.08_eps10_sig0.005_x2.16_y0.69,pvc_free_space,S_eps10_sig0.005,0.31000000000000005,D2_medium,R3_medium_large,hard_weak_pvc,pvc_free_space_r0.08_eps10_sig0.005_y0.69,pvc_free_space|S_eps10_sig0.005|R3_medium_large|D2_medium,True,dataset_split/images/test_id/pvc_free_space_r0.08_eps10_sig0.005_x2.16_y0.69.png,dataset_split/conditions/test_id/pvc_free_space_r0.08_eps10_sig0.005_x2.16_y0.69.in,test_id
pvc,free_space,0.08,20,0.02,1.94,0.66,pvc_free_space_r0.08_eps20_sig0.02_x1.94_y0.66,pvc_free_space,S_eps20_sig0.02,0.33999999999999997,D2_medium,R3_medium_large,hard_weak_pvc,pvc_free_space_r0.08_eps20_sig0.02_y0.66,pvc_free_space|S_eps20_sig0.02|R3_medium_large|D2_medium,True,dataset_split/images/train/pvc_free_space_r0.08_eps20_sig0.02_x1.94_y0.66.png,dataset_split/conditions/train/pvc_free_space_r0.08_eps20_sig0.02_x1.94_y0.66.in,train
pvc,water,0.03,20,0.02,2.33,0.29,pvc_water_r0.03_eps20_sig0.02_x2.33_y0.29,pvc_water,S_eps20_sig0.02,0.71,D3_deep,R1_small,medium_water_filled_pvc,pvc_water_r0.03_eps20_sig0.02_y0.29,pvc_water|S_eps20_sig0.02|R1_small|D3_deep,True,dataset_split/images/train/pvc_water_r0.03_eps20_sig0.02_x2.33_y0.29.png,dataset_split/conditions/train/pvc_water_r0.03_eps20_sig0.02_x2.33_y0.29.in,train
pvc,free_space,0.1,4,0.001,2.9,0.54,pvc_free_space_r0.1_eps4_sig0.001_x2.9_y0.54,pvc_free_space,S_eps4_sig0.001,0.45999999999999996,D2_medium,R4_large,hard_weak_pvc,pvc_free_space_r0.1_eps4_sig0.001_y0.54,pvc_free_space|S_eps4_sig0.001|R4_large|D2_medium,True,dataset_split/images/train/pvc_free_space_r0.1_eps4_sig0.001_x2.9_y0.54.png,dataset_split/conditions/train/pvc_free_space_r0.1_eps4_sig0.001_x2.9_y0.54.in,train
pvc,water,0.08,5,0.05,1.31,0.26,pvc_water_r0.08_eps5_sig0.05_x1.31_y0.26,pvc_water,S_eps5_sig0.05,0.74,D3_deep,R3_medium_large,medium_water_filled_pvc,pvc_water_r0.08_eps5_sig0.05_y0.26,pvc_water|S_eps5_sig0.05|R3_medium_large|D3_deep,True,dataset_split/images/stress_test/pvc_water_r0.08_eps5_sig0.05_x1.31_y0.26.png,dataset_split/conditions/stress_test/pvc_water_r0.08_eps5_sig0.05_x1.31_y0.26.in,stress_test
pvc,free_space,0.08,20,0.02,1.58,0.6,pvc_free_space_r0.08_eps20_sig0.02_x1.58_y0.6,pvc_free_space,S_eps20_sig0.02,0.4,D2_medium,R3_medium_large,hard_weak_pvc,pvc_free_space_r0.08_eps20_sig0.02_y0.6,pvc_free_space|S_eps20_sig0.02|R3_medium_large|D2_medium,True,dataset_split/images/train/pvc_free_space_r0.08_eps20_sig0.02_x1.58_y0.6.png,dataset_split/conditions/train/pvc_free_space_r0.08_eps20_sig0.02_x1.58_y0.6.in,train
steel,free_space,0.05,5,0.05,2.73,0.73,steel_free_space_r0.05_eps5_sig0.05_x2.73_y0.73,steel_free_space,S_eps5_sig0.05,0.27,D1_shallow,R2_medium_small,easy_strong_reflection,steel_free_space_r0.05_eps5_sig0.05_y0.73,steel_free_space|S_eps5_sig0.05|R2_medium_small|D1_shallow,True,dataset_split/images/stress_test/steel_free_space_r0.05_eps5_sig0.05_x2.73_y0.73.png,dataset_split/conditions/stress_test/steel_free_space_r0.05_eps5_sig0.05_x2.73_y0.73.in,stress_test
pvc,water,0.08,10,0.005,1.23,0.45,pvc_water_r0.08_eps10_sig0.005_x1.23_y0.45,pvc_water,S_eps10_sig0.005,0.55,D2_medium,R3_medium_large,medium_water_filled_pvc,pvc_water_r0.08_eps10_sig0.005_y0.45,pvc_water|S_eps10_sig0.005|R3_medium_large|D2_medium,False,dataset_split/images/train/pvc_water_r0.08_eps10_sig0.005_x1.23_y0.45.png,dataset_split/conditions/train/pvc_water_r0.08_eps10_sig0.005_x1.23_y0.45.in,train
pvc,free_space,0.08,5,0.05,2.77,0.75,pvc_free_space_r0.08_eps5_sig0.05_x2.77_y0.75,pvc_free_space,S_eps5_sig0.05,0.25,D1_shallow,R3_medium_large,hard_weak_pvc,pvc_free_space_r0.08_eps5_sig0.05_y0.75,pvc_free_space|S_eps5_sig0.05|R3_medium_large|D1_shallow,True,dataset_split/images/stress_test/pvc_free_space_r0.08_eps5_sig0.05_x2.77_y0.75.png,dataset_split/conditions/stress_test/pvc_free_space_r0.08_eps5_sig0.05_x2.77_y0.75.in,stress_test
pvc,free_space,0.05,4,0.001,2.33,0.56,pvc_free_space_r0.05_eps4_sig0.001_x2.33_y0.56,pvc_free_space,S_eps4_sig0.001,0.43999999999999995,D2_medium,R2_medium_small,hard_weak_pvc,pvc_free_space_r0.05_eps4_sig0.001_y0.56,pvc_free_space|S_eps4_sig0.001|R2_medium_small|D2_medium,True,dataset_split/images/test_id/pvc_free_space_r0.05_eps4_sig0.001_x2.33_y0.56.png,dataset_split/conditions/test_id/pvc_free_space_r0.05_eps4_sig0.001_x2.33_y0.56.in,test_id
pvc,free_space,0.1,5,0.05,2.04,0.48,pvc_free_space_r0.1_eps5_sig0.05_x2.04_y0.48,pvc_free_space,S_eps5_sig0.05,0.52,D2_medium,R4_large,hard_weak_pvc,pvc_free_space_r0.1_eps5_sig0.05_y0.48,pvc_free_space|S_eps5_sig0.05|R4_large|D2_medium,True,dataset_split/images/stress_test/pvc_free_space_r0.1_eps5_sig0.05_x2.04_y0.48.png,dataset_split/conditions/stress_test/pvc_free_space_r0.1_eps5_sig0.05_x2.04_y0.48.in,stress_test
pvc,water,0.08,10,0.005,2.2,0.43,pvc_water_r0.08_eps10_sig0.005_x2.2_y0.43,pvc_water,S_eps10_sig0.005,0.5700000000000001,D3_deep,R3_medium_large,medium_water_filled_pvc,pvc_water_r0.08_eps10_sig0.005_y0.43,pvc_water|S_eps10_sig0.005|R3_medium_large|D3_deep,True,dataset_split/images/train/pvc_water_r0.08_eps10_sig0.005_x2.2_y0.43.png,dataset_split/conditions/train/pvc_water_r0.08_eps10_sig0.005_x2.2_y0.43.in,train
steel,free_space,0.03,20,0.02,1.12,0.55,steel_free_space_r0.03_eps20_sig0.02_x1.12_y0.55,steel_free_space,S_eps20_sig0.02,0.44999999999999996,D2_medium,R1_small,easy_strong_reflection,steel_free_space_r0.03_eps20_sig0.02_y0.55,steel_free_space|S_eps20_sig0.02|R1_small|D2_medium,True,dataset_split/images/train/steel_free_space_r0.03_eps20_sig0.02_x1.12_y0.55.png,dataset_split/conditions/train/steel_free_space_r0.03_eps20_sig0.02_x1.12_y0.55.in,train
steel,free_space,0.1,20,0.02,1.31,0.7,steel_free_space_r0.1_eps20_sig0.02_x1.31_y0.7,steel_free_space,S_eps20_sig0.02,0.30000000000000004,D2_medium,R4_large,easy_strong_reflection,steel_free_space_r0.1_eps20_sig0.02_y0.7,steel_free_space|S_eps20_sig0.02|R4_large|D2_medium,True,dataset_split/images/train/steel_free_space_r0.1_eps20_sig0.02_x1.31_y0.7.png,dataset_split/conditions/train/steel_free_space_r0.1_eps20_sig0.02_x1.31_y0.7.in,train
steel,free_space,0.05,20,0.02,2.21,0.6,steel_free_space_r0.05_eps20_sig0.02_x2.21_y0.6,steel_free_space,S_eps20_sig0.02,0.4,D2_medium,R2_medium_small,easy_strong_reflection,steel_free_space_r0.05_eps20_sig0.02_y0.6,steel_free_space|S_eps20_sig0.02|R2_medium_small|D2_medium,True,dataset_split/images/val/steel_free_space_r0.05_eps20_sig0.02_x2.21_y0.6.png,dataset_split/conditions/val/steel_free_space_r0.05_eps20_sig0.02_x2.21_y0.6.in,val
pvc,water,0.05,10,0.005,1.25,0.54,pvc_water_r0.05_eps10_sig0.005_x1.25_y0.54,pvc_water,S_eps10_sig0.005,0.45999999999999996,D2_medium,R2_medium_small,medium_water_filled_pvc,pvc_water_r0.05_eps10_sig0.005_y0.54,pvc_water|S_eps10_sig0.005|R2_medium_small|D2_medium,False,dataset_split/images/test_id/pvc_water_r0.05_eps10_sig0.005_x1.25_y0.54.png,dataset_split/conditions/test_id/pvc_water_r0.05_eps10_sig0.005_x1.25_y0.54.in,test_id
steel,free_space,0.03,5,0.05,2.47,0.76,steel_free_space_r0.03_eps5_sig0.05_x2.47_y0.76,steel_free_space,S_eps5_sig0.05,0.24,D1_shallow,R1_small,easy_strong_reflection,steel_free_space_r0.03_eps5_sig0.05_y0.76,steel_free_space|S_eps5_sig0.05|R1_small|D1_shallow,True,dataset_split/images/stress_test/steel_free_space_r0.03_eps5_sig0.05_x2.47_y0.76.png,dataset_split/conditions/stress_test/steel_free_space_r0.03_eps5_sig0.05_x2.47_y0.76.in,stress_test
pvc,free_space,0.1,5,0.05,2.57,0.33,pvc_free_space_r0.1_eps5_sig0.05_x2.57_y0.33,pvc_free_space,S_eps5_sig0.05,0.6699999999999999,D3_deep,R4_large,hard_weak_pvc,pvc_free_space_r0.1_eps5_sig0.05_y0.33,pvc_free_space|S_eps5_sig0.05|R4_large|D3_deep,True,dataset_split/images/stress_test/pvc_free_space_r0.1_eps5_sig0.05_x2.57_y0.33.png,dataset_split/conditions/stress_test/pvc_free_space_r0.1_eps5_sig0.05_x2.57_y0.33.in,stress_test
steel,free_space,0.05,5,0.05,1.36,0.65,steel_free_space_r0.05_eps5_sig0.05_x1.36_y0.65,steel_free_space,S_eps5_sig0.05,0.35,D2_medium,R2_medium_small,easy_strong_reflection,steel_free_space_r0.05_eps5_sig0.05_y0.65,steel_free_space|S_eps5_sig0.05|R2_medium_small|D2_medium,True,dataset_split/images/stress_test/steel_free_space_r0.05_eps5_sig0.05_x1.36_y0.65.png,dataset_split/conditions/stress_test/steel_free_space_r0.05_eps5_sig0.05_x1.36_y0.65.in,stress_test
steel,free_space,0.03,20,0.02,2.8,0.73,steel_free_space_r0.03_eps20_sig0.02_x2.8_y0.73,steel_free_space,S_eps20_sig0.02,0.27,D1_shallow,R1_small,easy_strong_reflection,steel_free_space_r0.03_eps20_sig0.02_y0.73,steel_free_space|S_eps20_sig0.02|R1_small|D1_shallow,True,dataset_split/images/train/steel_free_space_r0.03_eps20_sig0.02_x2.8_y0.73.png,dataset_split/conditions/train/steel_free_space_r0.03_eps20_sig0.02_x2.8_y0.73.in,train
pvc,free_space,0.05,10,0.005,1.49,0.6,pvc_free_space_r0.05_eps10_sig0.005_x1.49_y0.6,pvc_free_space,S_eps10_sig0.005,0.4,D2_medium,R2_medium_small,hard_weak_pvc,pvc_free_space_r0.05_eps10_sig0.005_y0.6,pvc_free_space|S_eps10_sig0.005|R2_medium_small|D2_medium,True,dataset_split/images/train/pvc_free_space_r0.05_eps10_sig0.005_x1.49_y0.6.png,dataset_split/conditions/train/pvc_free_space_r0.05_eps10_sig0.005_x1.49_y0.6.in,train
pvc,free_space,0.1,5,0.05,2.4,0.49,pvc_free_space_r0.1_eps5_sig0.05_x2.4_y0.49,pvc_free_space,S_eps5_sig0.05,0.51,D2_medium,R4_large,hard_weak_pvc,pvc_free_space_r0.1_eps5_sig0.05_y0.49,pvc_free_space|S_eps5_sig0.05|R4_large|D2_medium,True,dataset_split/images/stress_test/pvc_free_space_r0.1_eps5_sig0.05_x2.4_y0.49.png,dataset_split/conditions/stress_test/pvc_free_space_r0.1_eps5_sig0.05_x2.4_y0.49.in,stress_test
pvc,water,0.1,20,0.02,1.61,0.7,pvc_water_r0.1_eps20_sig0.02_x1.61_y0.7,pvc_water,S_eps20_sig0.02,0.30000000000000004,D2_medium,R4_large,medium_water_filled_pvc,pvc_water_r0.1_eps20_sig0.02_y0.7,pvc_water|S_eps20_sig0.02|R4_large|D2_medium,True,dataset_split/images/val/pvc_water_r0.1_eps20_sig0.02_x1.61_y0.7.png,dataset_split/conditions/val/pvc_water_r0.1_eps20_sig0.02_x1.61_y0.7.in,val
steel,free_space,0.03,4,0.001,2.12,0.65,steel_free_space_r0.03_eps4_sig0.001_x2.12_y0.65,steel_free_space,S_eps4_sig0.001,0.35,D2_medium,R1_small,easy_strong_reflection,steel_free_space_r0.03_eps4_sig0.001_y0.65,steel_free_space|S_eps4_sig0.001|R1_small|D2_medium,True,dataset_split/images/train/steel_free_space_r0.03_eps4_sig0.001_x2.12_y0.65.png,dataset_split/conditions/train/steel_free_space_r0.03_eps4_sig0.001_x2.12_y0.65.in,train
pvc,water,0.05,10,0.005,1.16,0.58,pvc_water_r0.05_eps10_sig0.005_x1.16_y0.58,pvc_water,S_eps10_sig0.005,0.42000000000000004,D2_medium,R2_medium_small,medium_water_filled_pvc,pvc_water_r0.05_eps10_sig0.005_y0.58,pvc_water|S_eps10_sig0.005|R2_medium_small|D2_medium,False,dataset_split/images/train/pvc_water_r0.05_eps10_sig0.005_x1.16_y0.58.png,dataset_split/conditions/train/pvc_water_r0.05_eps10_sig0.005_x1.16_y0.58.in,train
steel,free_space,0.08,10,0.005,2.83,0.72,steel_free_space_r0.08_eps10_sig0.005_x2.83_y0.72,steel_free_space,S_eps10_sig0.005,0.28,D1_shallow,R3_medium_large,easy_strong_reflection,steel_free_space_r0.08_eps10_sig0.005_y0.72,steel_free_space|S_eps10_sig0.005|R3_medium_large|D1_shallow,False,dataset_split/images/train/steel_free_space_r0.08_eps10_sig0.005_x2.83_y0.72.png,dataset_split/conditions/train/steel_free_space_r0.08_eps10_sig0.005_x2.83_y0.72.in,train
pvc,water,0.1,10,0.005,1.19,0.54,pvc_water_r0.1_eps10_sig0.005_x1.19_y0.54,pvc_water,S_eps10_sig0.005,0.45999999999999996,D2_medium,R4_large,medium_water_filled_pvc,pvc_water_r0.1_eps10_sig0.005_y0.54,pvc_water|S_eps10_sig0.005|R4_large|D2_medium,False,dataset_split/images/train/pvc_water_r0.1_eps10_sig0.005_x1.19_y0.54.png,dataset_split/conditions/train/pvc_water_r0.1_eps10_sig0.005_x1.19_y0.54.in,train
pvc,water,0.1,4,0.001,1.56,0.25,pvc_water_r0.1_eps4_sig0.001_x1.56_y0.25,pvc_water,S_eps4_sig0.001,0.75,D3_deep,R4_large,medium_water_filled_pvc,pvc_water_r0.1_eps4_sig0.001_y0.25,pvc_water|S_eps4_sig0.001|R4_large|D3_deep,True,dataset_split/images/test_id/pvc_water_r0.1_eps4_sig0.001_x1.56_y0.25.png,dataset_split/conditions/test_id/pvc_water_r0.1_eps4_sig0.001_x1.56_y0.25.in,test_id
steel,free_space,0.1,4,0.001,2.78,0.58,steel_free_space_r0.1_eps4_sig0.001_x2.78_y0.58,steel_free_space,S_eps4_sig0.001,0.42000000000000004,D2_medium,R4_large,easy_strong_reflection,steel_free_space_r0.1_eps4_sig0.001_y0.58,steel_free_space|S_eps4_sig0.001|R4_large|D2_medium,False,dataset_split/images/train/steel_free_space_r0.1_eps4_sig0.001_x2.78_y0.58.png,dataset_split/conditions/train/steel_free_space_r0.1_eps4_sig0.001_x2.78_y0.58.in,train
pvc,free_space,0.1,20,0.02,1.94,0.63,pvc_free_space_r0.1_eps20_sig0.02_x1.94_y0.63,pvc_free_space,S_eps20_sig0.02,0.37,D2_medium,R4_large,hard_weak_pvc,pvc_free_space_r0.1_eps20_sig0.02_y0.63,pvc_free_space|S_eps20_sig0.02|R4_large|D2_medium,True,dataset_split/images/train/pvc_free_space_r0.1_eps20_sig0.02_x1.94_y0.63.png,dataset_split/conditions/train/pvc_free_space_r0.1_eps20_sig0.02_x1.94_y0.63.in,train
pvc,water,0.1,4,0.001,2.43,0.77,pvc_water_r0.1_eps4_sig0.001_x2.43_y0.77,pvc_water,S_eps4_sig0.001,0.22999999999999998,D1_shallow,R4_large,medium_water_filled_pvc,pvc_water_r0.1_eps4_sig0.001_y0.77,pvc_water|S_eps4_sig0.001|R4_large|D1_shallow,False,dataset_split/images/train/pvc_water_r0.1_eps4_sig0.001_x2.43_y0.77.png,dataset_split/conditions/train/pvc_water_r0.1_eps4_sig0.001_x2.43_y0.77.in,train
pvc,water,0.08,4,0.001,2.15,0.43,pvc_water_r0.08_eps4_sig0.001_x2.15_y0.43,pvc_water,S_eps4_sig0.001,0.5700000000000001,D3_deep,R3_medium_large,medium_water_filled_pvc,pvc_water_r0.08_eps4_sig0.001_y0.43,pvc_water|S_eps4_sig0.001|R3_medium_large|D3_deep,True,dataset_split/images/train/pvc_water_r0.08_eps4_sig0.001_x2.15_y0.43.png,dataset_split/conditions/train/pvc_water_r0.08_eps4_sig0.001_x2.15_y0.43.in,train
pvc,free_space,0.08,10,0.005,1.37,0.45,pvc_free_space_r0.08_eps10_sig0.005_x1.37_y0.45,pvc_free_space,S_eps10_sig0.005,0.55,D2_medium,R3_medium_large,hard_weak_pvc,pvc_free_space_r0.08_eps10_sig0.005_y0.45,pvc_free_space|S_eps10_sig0.005|R3_medium_large|D2_medium,True,dataset_split/images/train/pvc_free_space_r0.08_eps10_sig0.005_x1.37_y0.45.png,dataset_split/conditions/train/pvc_free_space_r0.08_eps10_sig0.005_x1.37_y0.45.in,train
pvc,free_space,0.08,10,0.005,2.31,0.73,pvc_free_space_r0.08_eps10_sig0.005_x2.31_y0.73,pvc_free_space,S_eps10_sig0.005,0.27,D1_shallow,R3_medium_large,hard_weak_pvc,pvc_free_space_r0.08_eps10_sig0.005_y0.73,pvc_free_space|S_eps10_sig0.005|R3_medium_large|D1_shallow,True,dataset_split/images/train/pvc_free_space_r0.08_eps10_sig0.005_x2.31_y0.73.png,dataset_split/conditions/train/pvc_free_space_r0.08_eps10_sig0.005_x2.31_y0.73.in,train
steel,free_space,0.1,10,0.005,2.35,0.5,steel_free_space_r0.1_eps10_sig0.005_x2.35_y0.5,steel_free_space,S_eps10_sig0.005,0.5,D2_medium,R4_large,easy_strong_reflection,steel_free_space_r0.1_eps10_sig0.005_y0.5,steel_free_space|S_eps10_sig0.005|R4_large|D2_medium,False,dataset_split/images/train/steel_free_space_r0.1_eps10_sig0.005_x2.35_y0.5.png,dataset_split/conditions/train/steel_free_space_r0.1_eps10_sig0.005_x2.35_y0.5.in,train
pvc,water,0.08,20,0.02,1.22,0.28,pvc_water_r0.08_eps20_sig0.02_x1.22_y0.28,pvc_water,S_eps20_sig0.02,0.72,D3_deep,R3_medium_large,medium_water_filled_pvc,pvc_water_r0.08_eps20_sig0.02_y0.28,pvc_water|S_eps20_sig0.02|R3_medium_large|D3_deep,True,dataset_split/images/train/pvc_water_r0.08_eps20_sig0.02_x1.22_y0.28.png,dataset_split/conditions/train/pvc_water_r0.08_eps20_sig0.02_x1.22_y0.28.in,train
steel,free_space,0.08,5,0.05,1.96,0.51,steel_free_space_r0.08_eps5_sig0.05_x1.96_y0.51,steel_free_space,S_eps5_sig0.05,0.49,D2_medium,R3_medium_large,easy_strong_reflection,steel_free_space_r0.08_eps5_sig0.05_y0.51,steel_free_space|S_eps5_sig0.05|R3_medium_large|D2_medium,True,dataset_split/images/stress_test/steel_free_space_r0.08_eps5_sig0.05_x1.96_y0.51.png,dataset_split/conditions/stress_test/steel_free_space_r0.08_eps5_sig0.05_x1.96_y0.51.in,stress_test
pvc,free_space,0.05,5,0.05,1.41,0.72,pvc_free_space_r0.05_eps5_sig0.05_x1.41_y0.72,pvc_free_space,S_eps5_sig0.05,0.28,D1_shallow,R2_medium_small,hard_weak_pvc,pvc_free_space_r0.05_eps5_sig0.05_y0.72,pvc_free_space|S_eps5_sig0.05|R2_medium_small|D1_shallow,True,dataset_split/images/stress_test/pvc_free_space_r0.05_eps5_sig0.05_x1.41_y0.72.png,dataset_split/conditions/stress_test/pvc_free_space_r0.05_eps5_sig0.05_x1.41_y0.72.in,stress_test
pvc,free_space,0.03,10,0.005,2.4,0.57,pvc_free_space_r0.03_eps10_sig0.005_x2.4_y0.57,pvc_free_space,S_eps10_sig0.005,0.43000000000000005,D2_medium,R1_small,hard_weak_pvc,pvc_free_space_r0.03_eps10_sig0.005_y0.57,pvc_free_space|S_eps10_sig0.005|R1_small|D2_medium,True,dataset_split/images/train/pvc_free_space_r0.03_eps10_sig0.005_x2.4_y0.57.png,dataset_split/conditions/train/pvc_free_space_r0.03_eps10_sig0.005_x2.4_y0.57.in,train
pvc,free_space,0.03,4,0.001,1.58,0.71,pvc_free_space_r0.03_eps4_sig0.001_x1.58_y0.71,pvc_free_space,S_eps4_sig0.001,0.29000000000000004,D1_shallow,R1_small,hard_weak_pvc,pvc_free_space_r0.03_eps4_sig0.001_y0.71,pvc_free_space|S_eps4_sig0.001|R1_small|D1_shallow,True,dataset_split/images/train/pvc_free_space_r0.03_eps4_sig0.001_x1.58_y0.71.png,dataset_split/conditions/train/pvc_free_space_r0.03_eps4_sig0.001_x1.58_y0.71.in,train
steel,free_space,0.08,4,0.001,2.92,0.54,steel_free_space_r0.08_eps4_sig0.001_x2.92_y0.54,steel_free_space,S_eps4_sig0.001,0.45999999999999996,D2_medium,R3_medium_large,easy_strong_reflection,steel_free_space_r0.08_eps4_sig0.001_y0.54,steel_free_space|S_eps4_sig0.001|R3_medium_large|D2_medium,False,dataset_split/images/val/steel_free_space_r0.08_eps4_sig0.001_x2.92_y0.54.png,dataset_split/conditions/val/steel_free_space_r0.08_eps4_sig0.001_x2.92_y0.54.in,val
steel,free_space,0.08,5,0.05,2.51,0.39,steel_free_space_r0.08_eps5_sig0.05_x2.51_y0.39,steel_free_space,S_eps5_sig0.05,0.61,D3_deep,R3_medium_large,easy_strong_reflection,steel_free_space_r0.08_eps5_sig0.05_y0.39,steel_free_space|S_eps5_sig0.05|R3_medium_large|D3_deep,True,dataset_split/images/stress_test/steel_free_space_r0.08_eps5_sig0.05_x2.51_y0.39.png,dataset_split/conditions/stress_test/steel_free_space_r0.08_eps5_sig0.05_x2.51_y0.39.in,stress_test
pvc,free_space,0.03,4,0.001,1.84,0.54,pvc_free_space_r0.03_eps4_sig0.001_x1.84_y0.54,pvc_free_space,S_eps4_sig0.001,0.45999999999999996,D2_medium,R1_small,hard_weak_pvc,pvc_free_space_r0.03_eps4_sig0.001_y0.54,pvc_free_space|S_eps4_sig0.001|R1_small|D2_medium,True,dataset_split/images/train/pvc_free_space_r0.03_eps4_sig0.001_x1.84_y0.54.png,dataset_split/conditions/train/pvc_free_space_r0.03_eps4_sig0.001_x1.84_y0.54.in,train
pvc,water,0.08,10,0.005,1.42,0.39,pvc_water_r0.08_eps10_sig0.005_x1.42_y0.39,pvc_water,S_eps10_sig0.005,0.61,D3_deep,R3_medium_large,medium_water_filled_pvc,pvc_water_r0.08_eps10_sig0.005_y0.39,pvc_water|S_eps10_sig0.005|R3_medium_large|D3_deep,True,dataset_split/images/val/pvc_water_r0.08_eps10_sig0.005_x1.42_y0.39.png,dataset_split/conditions/val/pvc_water_r0.08_eps10_sig0.005_x1.42_y0.39.in,val
pvc,free_space,0.08,5,0.05,1.01,0.61,pvc_free_space_r0.08_eps5_sig0.05_x1.01_y0.61,pvc_free_space,S_eps5_sig0.05,0.39,D2_medium,R3_medium_large,hard_weak_pvc,pvc_free_space_r0.08_eps5_sig0.05_y0.61,pvc_free_space|S_eps5_sig0.05|R3_medium_large|D2_medium,True,dataset_split/images/stress_test/pvc_free_space_r0.08_eps5_sig0.05_x1.01_y0.61.png,dataset_split/conditions/stress_test/pvc_free_space_r0.08_eps5_sig0.05_x1.01_y0.61.in,stress_test
steel,free_space,0.08,20,0.02,1.22,0.74,steel_free_space_r0.08_eps20_sig0.02_x1.22_y0.74,steel_free_space,S_eps20_sig0.02,0.26,D1_shallow,R3_medium_large,easy_strong_reflection,steel_free_space_r0.08_eps20_sig0.02_y0.74,steel_free_space|S_eps20_sig0.02|R3_medium_large|D1_shallow,True,dataset_split/images/test_id/steel_free_space_r0.08_eps20_sig0.02_x1.22_y0.74.png,dataset_split/conditions/test_id/steel_free_space_r0.08_eps20_sig0.02_x1.22_y0.74.in,test_id
pvc,water,0.08,5,0.05,2.05,0.54,pvc_water_r0.08_eps5_sig0.05_x2.05_y0.54,pvc_water,S_eps5_sig0.05,0.45999999999999996,D2_medium,R3_medium_large,medium_water_filled_pvc,pvc_water_r0.08_eps5_sig0.05_y0.54,pvc_water|S_eps5_sig0.05|R3_medium_large|D2_medium,True,dataset_split/images/stress_test/pvc_water_r0.08_eps5_sig0.05_x2.05_y0.54.png,dataset_split/conditions/stress_test/pvc_water_r0.08_eps5_sig0.05_x2.05_y0.54.in,stress_test
steel,free_space,0.03,5,0.05,2.02,0.38,steel_free_space_r0.03_eps5_sig0.05_x2.02_y0.38,steel_free_space,S_eps5_sig0.05,0.62,D3_deep,R1_small,easy_strong_reflection,steel_free_space_r0.03_eps5_sig0.05_y0.38,steel_free_space|S_eps5_sig0.05|R1_small|D3_deep,True,dataset_split/images/stress_test/steel_free_space_r0.03_eps5_sig0.05_x2.02_y0.38.png,dataset_split/conditions/stress_test/steel_free_space_r0.03_eps5_sig0.05_x2.02_y0.38.in,stress_test
pvc,free_space,0.08,4,0.001,1.26,0.56,pvc_free_space_r0.08_eps4_sig0.001_x1.26_y0.56,pvc_free_space,S_eps4_sig0.001,0.43999999999999995,D2_medium,R3_medium_large,hard_weak_pvc,pvc_free_space_r0.08_eps4_sig0.001_y0.56,pvc_free_space|S_eps4_sig0.001|R3_medium_large|D2_medium,True,dataset_split/images/train/pvc_free_space_r0.08_eps4_sig0.001_x1.26_y0.56.png,dataset_split/conditions/train/pvc_free_space_r0.08_eps4_sig0.001_x1.26_y0.56.in,train
steel,free_space,0.08,10,0.005,1.39,0.59,steel_free_space_r0.08_eps10_sig0.005_x1.39_y0.59,steel_free_space,S_eps10_sig0.005,0.41000000000000003,D2_medium,R3_medium_large,easy_strong_reflection,steel_free_space_r0.08_eps10_sig0.005_y0.59,steel_free_space|S_eps10_sig0.005|R3_medium_large|D2_medium,False,dataset_split/images/train/steel_free_space_r0.08_eps10_sig0.005_x1.39_y0.59.png,dataset_split/conditions/train/steel_free_space_r0.08_eps10_sig0.005_x1.39_y0.59.in,train
steel,free_space,0.08,20,0.02,2.08,0.4,steel_free_space_r0.08_eps20_sig0.02_x2.08_y0.4,steel_free_space,S_eps20_sig0.02,0.6,D3_deep,R3_medium_large,easy_strong_reflection,steel_free_space_r0.08_eps20_sig0.02_y0.4,steel_free_space|S_eps20_sig0.02|R3_medium_large|D3_deep,True,dataset_split/images/train/steel_free_space_r0.08_eps20_sig0.02_x2.08_y0.4.png,dataset_split/conditions/train/steel_free_space_r0.08_eps20_sig0.02_x2.08_y0.4.in,train
pvc,water,0.03,10,0.005,1.19,0.68,pvc_water_r0.03_eps10_sig0.005_x1.19_y0.68,pvc_water,S_eps10_sig0.005,0.31999999999999995,D2_medium,R1_small,medium_water_filled_pvc,pvc_water_r0.03_eps10_sig0.005_y0.68,pvc_water|S_eps10_sig0.005|R1_small|D2_medium,True,dataset_split/images/val/pvc_water_r0.03_eps10_sig0.005_x1.19_y0.68.png,dataset_split/conditions/val/pvc_water_r0.03_eps10_sig0.005_x1.19_y0.68.in,val
pvc,free_space,0.08,10,0.005,1.62,0.55,pvc_free_space_r0.08_eps10_sig0.005_x1.62_y0.55,pvc_free_space,S_eps10_sig0.005,0.44999999999999996,D2_medium,R3_medium_large,hard_weak_pvc,pvc_free_space_r0.08_eps10_sig0.005_y0.55,pvc_free_space|S_eps10_sig0.005|R3_medium_large|D2_medium,True,dataset_split/images/val/pvc_free_space_r0.08_eps10_sig0.005_x1.62_y0.55.png,dataset_split/conditions/val/pvc_free_space_r0.08_eps10_sig0.005_x1.62_y0.55.in,val
pvc,water,0.05,20,0.02,2.18,0.25,pvc_water_r0.05_eps20_sig0.02_x2.18_y0.25,pvc_water,S_eps20_sig0.02,0.75,D3_deep,R2_medium_small,medium_water_filled_pvc,pvc_water_r0.05_eps20_sig0.02_y0.25,pvc_water|S_eps20_sig0.02|R2_medium_small|D3_deep,True,dataset_split/images/train/pvc_water_r0.05_eps20_sig0.02_x2.18_y0.25.png,dataset_split/conditions/train/pvc_water_r0.05_eps20_sig0.02_x2.18_y0.25.in,train
pvc,water,0.05,4,0.001,1.44,0.72,pvc_water_r0.05_eps4_sig0.001_x1.44_y0.72,pvc_water,S_eps4_sig0.001,0.28,D1_shallow,R2_medium_small,medium_water_filled_pvc,pvc_water_r0.05_eps4_sig0.001_y0.72,pvc_water|S_eps4_sig0.001|R2_medium_small|D1_shallow,False,dataset_split/images/test_id/pvc_water_r0.05_eps4_sig0.001_x1.44_y0.72.png,dataset_split/conditions/test_id/pvc_water_r0.05_eps4_sig0.001_x1.44_y0.72.in,test_id
steel,free_space,0.1,4,0.001,2.32,0.57,steel_free_space_r0.1_eps4_sig0.001_x2.32_y0.57,steel_free_space,S_eps4_sig0.001,0.43000000000000005,D2_medium,R4_large,easy_strong_reflection,steel_free_space_r0.1_eps4_sig0.001_y0.57,steel_free_space|S_eps4_sig0.001|R4_large|D2_medium,False,dataset_split/images/train/steel_free_space_r0.1_eps4_sig0.001_x2.32_y0.57.png,dataset_split/conditions/train/steel_free_space_r0.1_eps4_sig0.001_x2.32_y0.57.in,train
pvc,water,0.05,5,0.05,2.16,0.68,pvc_water_r0.05_eps5_sig0.05_x2.16_y0.68,pvc_water,S_eps5_sig0.05,0.31999999999999995,D2_medium,R2_medium_small,medium_water_filled_pvc,pvc_water_r0.05_eps5_sig0.05_y0.68,pvc_water|S_eps5_sig0.05|R2_medium_small|D2_medium,True,dataset_split/images/stress_test/pvc_water_r0.05_eps5_sig0.05_x2.16_y0.68.png,dataset_split/conditions/stress_test/pvc_water_r0.05_eps5_sig0.05_x2.16_y0.68.in,stress_test
pvc,water,0.03,4,0.001,1.6,0.79,pvc_water_r0.03_eps4_sig0.001_x1.6_y0.79,pvc_water,S_eps4_sig0.001,0.20999999999999996,D1_shallow,R1_small,medium_water_filled_pvc,pvc_water_r0.03_eps4_sig0.001_y0.79,pvc_water|S_eps4_sig0.001|R1_small|D1_shallow,True,dataset_split/images/train/pvc_water_r0.03_eps4_sig0.001_x1.6_y0.79.png,dataset_split/conditions/train/pvc_water_r0.03_eps4_sig0.001_x1.6_y0.79.in,train
pvc,free_space,0.03,10,0.005,1.38,0.64,pvc_free_space_r0.03_eps10_sig0.005_x1.38_y0.64,pvc_free_space,S_eps10_sig0.005,0.36,D2_medium,R1_small,hard_weak_pvc,pvc_free_space_r0.03_eps10_sig0.005_y0.64,pvc_free_space|S_eps10_sig0.005|R1_small|D2_medium,True,dataset_split/images/train/pvc_free_space_r0.03_eps10_sig0.005_x1.38_y0.64.png,dataset_split/conditions/train/pvc_free_space_r0.03_eps10_sig0.005_x1.38_y0.64.in,train
pvc,free_space,0.05,20,0.02,2.25,0.76,pvc_free_space_r0.05_eps20_sig0.02_x2.25_y0.76,pvc_free_space,S_eps20_sig0.02,0.24,D1_shallow,R2_medium_small,hard_weak_pvc,pvc_free_space_r0.05_eps20_sig0.02_y0.76,pvc_free_space|S_eps20_sig0.02|R2_medium_small|D1_shallow,True,dataset_split/images/train/pvc_free_space_r0.05_eps20_sig0.02_x2.25_y0.76.png,dataset_split/conditions/train/pvc_free_space_r0.05_eps20_sig0.02_x2.25_y0.76.in,train
pvc,water,0.03,4,0.001,1.16,0.25,pvc_water_r0.03_eps4_sig0.001_x1.16_y0.25,pvc_water,S_eps4_sig0.001,0.75,D3_deep,R1_small,medium_water_filled_pvc,pvc_water_r0.03_eps4_sig0.001_y0.25,pvc_water|S_eps4_sig0.001|R1_small|D3_deep,True,dataset_split/images/train/pvc_water_r0.03_eps4_sig0.001_x1.16_y0.25.png,dataset_split/conditions/train/pvc_water_r0.03_eps4_sig0.001_x1.16_y0.25.in,train
pvc,water,0.03,10,0.005,2.65,0.62,pvc_water_r0.03_eps10_sig0.005_x2.65_y0.62,pvc_water,S_eps10_sig0.005,0.38,D2_medium,R1_small,medium_water_filled_pvc,pvc_water_r0.03_eps10_sig0.005_y0.62,pvc_water|S_eps10_sig0.005|R1_small|D2_medium,True,dataset_split/images/train/pvc_water_r0.03_eps10_sig0.005_x2.65_y0.62.png,dataset_split/conditions/train/pvc_water_r0.03_eps10_sig0.005_x2.65_y0.62.in,train
steel,free_space,0.08,5,0.05,2.37,0.36,steel_free_space_r0.08_eps5_sig0.05_x2.37_y0.36,steel_free_space,S_eps5_sig0.05,0.64,D3_deep,R3_medium_large,easy_strong_reflection,steel_free_space_r0.08_eps5_sig0.05_y0.36,steel_free_space|S_eps5_sig0.05|R3_medium_large|D3_deep,True,dataset_split/images/stress_test/steel_free_space_r0.08_eps5_sig0.05_x2.37_y0.36.png,dataset_split/conditions/stress_test/steel_free_space_r0.08_eps5_sig0.05_x2.37_y0.36.in,stress_test
pvc,free_space,0.08,20,0.02,2.77,0.68,pvc_free_space_r0.08_eps20_sig0.02_x2.77_y0.68,pvc_free_space,S_eps20_sig0.02,0.31999999999999995,D2_medium,R3_medium_large,hard_weak_pvc,pvc_free_space_r0.08_eps20_sig0.02_y0.68,pvc_free_space|S_eps20_sig0.02|R3_medium_large|D2_medium,True,dataset_split/images/val/pvc_free_space_r0.08_eps20_sig0.02_x2.77_y0.68.png,dataset_split/conditions/val/pvc_free_space_r0.08_eps20_sig0.02_x2.77_y0.68.in,val
steel,free_space,0.03,4,0.001,2.95,0.44,steel_free_space_r0.03_eps4_sig0.001_x2.95_y0.44,steel_free_space,S_eps4_sig0.001,0.56,D3_deep,R1_small,easy_strong_reflection,steel_free_space_r0.03_eps4_sig0.001_y0.44,steel_free_space|S_eps4_sig0.001|R1_small|D3_deep,True,dataset_split/images/train/steel_free_space_r0.03_eps4_sig0.001_x2.95_y0.44.png,dataset_split/conditions/train/steel_free_space_r0.03_eps4_sig0.001_x2.95_y0.44.in,train
steel,free_space,0.03,5,0.05,2.29,0.77,steel_free_space_r0.03_eps5_sig0.05_x2.29_y0.77,steel_free_space,S_eps5_sig0.05,0.22999999999999998,D1_shallow,R1_small,easy_strong_reflection,steel_free_space_r0.03_eps5_sig0.05_y0.77,steel_free_space|S_eps5_sig0.05|R1_small|D1_shallow,True,dataset_split/images/stress_test/steel_free_space_r0.03_eps5_sig0.05_x2.29_y0.77.png,dataset_split/conditions/stress_test/steel_free_space_r0.03_eps5_sig0.05_x2.29_y0.77.in,stress_test
pvc,water,0.08,20,0.02,2.93,0.76,pvc_water_r0.08_eps20_sig0.02_x2.93_y0.76,pvc_water,S_eps20_sig0.02,0.24,D1_shallow,R3_medium_large,medium_water_filled_pvc,pvc_water_r0.08_eps20_sig0.02_y0.76,pvc_water|S_eps20_sig0.02|R3_medium_large|D1_shallow,True,dataset_split/images/train/pvc_water_r0.08_eps20_sig0.02_x2.93_y0.76.png,dataset_split/conditions/train/pvc_water_r0.08_eps20_sig0.02_x2.93_y0.76.in,train
steel,free_space,0.1,4,0.001,2.08,0.71,steel_free_space_r0.1_eps4_sig0.001_x2.08_y0.71,steel_free_space,S_eps4_sig0.001,0.29000000000000004,D1_shallow,R4_large,easy_strong_reflection,steel_free_space_r0.1_eps4_sig0.001_y0.71,steel_free_space|S_eps4_sig0.001|R4_large|D1_shallow,False,dataset_split/images/train/steel_free_space_r0.1_eps4_sig0.001_x2.08_y0.71.png,dataset_split/conditions/train/steel_free_space_r0.1_eps4_sig0.001_x2.08_y0.71.in,train
pvc,water,0.05,10,0.005,1.02,0.38,pvc_water_r0.05_eps10_sig0.005_x1.02_y0.38,pvc_water,S_eps10_sig0.005,0.62,D3_deep,R2_medium_small,medium_water_filled_pvc,pvc_water_r0.05_eps10_sig0.005_y0.38,pvc_water|S_eps10_sig0.005|R2_medium_small|D3_deep,True,dataset_split/images/train/pvc_water_r0.05_eps10_sig0.005_x1.02_y0.38.png,dataset_split/conditions/train/pvc_water_r0.05_eps10_sig0.005_x1.02_y0.38.in,train
steel,free_space,0.03,10,0.005,1.11,0.42,steel_free_space_r0.03_eps10_sig0.005_x1.11_y0.42,steel_free_space,S_eps10_sig0.005,0.5800000000000001,D3_deep,R1_small,easy_strong_reflection,steel_free_space_r0.03_eps10_sig0.005_y0.42,steel_free_space|S_eps10_sig0.005|R1_small|D3_deep,True,dataset_split/images/train/steel_free_space_r0.03_eps10_sig0.005_x1.11_y0.42.png,dataset_split/conditions/train/steel_free_space_r0.03_eps10_sig0.005_x1.11_y0.42.in,train
pvc,water,0.03,4,0.001,2.04,0.57,pvc_water_r0.03_eps4_sig0.001_x2.04_y0.57,pvc_water,S_eps4_sig0.001,0.43000000000000005,D2_medium,R1_small,medium_water_filled_pvc,pvc_water_r0.03_eps4_sig0.001_y0.57,pvc_water|S_eps4_sig0.001|R1_small|D2_medium,True,dataset_split/images/train/pvc_water_r0.03_eps4_sig0.001_x2.04_y0.57.png,dataset_split/conditions/train/pvc_water_r0.03_eps4_sig0.001_x2.04_y0.57.in,train
pvc,water,0.1,4,0.001,2.17,0.39,pvc_water_r0.1_eps4_sig0.001_x2.17_y0.39,pvc_water,S_eps4_sig0.001,0.61,D3_deep,R4_large,medium_water_filled_pvc,pvc_water_r0.1_eps4_sig0.001_y0.39,pvc_water|S_eps4_sig0.001|R4_large|D3_deep,True,dataset_split/images/train/pvc_water_r0.1_eps4_sig0.001_x2.17_y0.39.png,dataset_split/conditions/train/pvc_water_r0.1_eps4_sig0.001_x2.17_y0.39.in,train
pvc,water,0.08,10,0.005,2.26,0.64,pvc_water_r0.08_eps10_sig0.005_x2.26_y0.64,pvc_water,S_eps10_sig0.005,0.36,D2_medium,R3_medium_large,medium_water_filled_pvc,pvc_water_r0.08_eps10_sig0.005_y0.64,pvc_water|S_eps10_sig0.005|R3_medium_large|D2_medium,False,dataset_split/images/test_id/pvc_water_r0.08_eps10_sig0.005_x2.26_y0.64.png,dataset_split/conditions/test_id/pvc_water_r0.08_eps10_sig0.005_x2.26_y0.64.in,test_id
steel,free_space,0.03,5,0.05,1.56,0.79,steel_free_space_r0.03_eps5_sig0.05_x1.56_y0.79,steel_free_space,S_eps5_sig0.05,0.20999999999999996,D1_shallow,R1_small,easy_strong_reflection,steel_free_space_r0.03_eps5_sig0.05_y0.79,steel_free_space|S_eps5_sig0.05|R1_small|D1_shallow,True,dataset_split/images/stress_test/steel_free_space_r0.03_eps5_sig0.05_x1.56_y0.79.png,dataset_split/conditions/stress_test/steel_free_space_r0.03_eps5_sig0.05_x1.56_y0.79.in,stress_test
steel,free_space,0.08,20,0.02,1.97,0.57,steel_free_space_r0.08_eps20_sig0.02_x1.97_y0.57,steel_free_space,S_eps20_sig0.02,0.43000000000000005,D2_medium,R3_medium_large,easy_strong_reflection,steel_free_space_r0.08_eps20_sig0.02_y0.57,steel_free_space|S_eps20_sig0.02|R3_medium_large|D2_medium,True,dataset_split/images/val/steel_free_space_r0.08_eps20_sig0.02_x1.97_y0.57.png,dataset_split/conditions/val/steel_free_space_r0.08_eps20_sig0.02_x1.97_y0.57.in,val
pvc,free_space,0.08,4,0.001,2.7,0.38,pvc_free_space_r0.08_eps4_sig0.001_x2.7_y0.38,pvc_free_space,S_eps4_sig0.001,0.62,D3_deep,R3_medium_large,hard_weak_pvc,pvc_free_space_r0.08_eps4_sig0.001_y0.38,pvc_free_space|S_eps4_sig0.001|R3_medium_large|D3_deep,True,dataset_split/images/train/pvc_free_space_r0.08_eps4_sig0.001_x2.7_y0.38.png,dataset_split/conditions/train/pvc_free_space_r0.08_eps4_sig0.001_x2.7_y0.38.in,train
steel,free_space,0.1,5,0.05,1.86,0.74,steel_free_space_r0.1_eps5_sig0.05_x1.86_y0.74,steel_free_space,S_eps5_sig0.05,0.26,D1_shallow,R4_large,easy_strong_reflection,steel_free_space_r0.1_eps5_sig0.05_y0.74,steel_free_space|S_eps5_sig0.05|R4_large|D1_shallow,True,dataset_split/images/stress_test/steel_free_space_r0.1_eps5_sig0.05_x1.86_y0.74.png,dataset_split/conditions/stress_test/steel_free_space_r0.1_eps5_sig0.05_x1.86_y0.74.in,stress_test
steel,free_space,0.03,10,0.005,2.29,0.27,steel_free_space_r0.03_eps10_sig0.005_x2.29_y0.27,steel_free_space,S_eps10_sig0.005,0.73,D3_deep,R1_small,easy_strong_reflection,steel_free_space_r0.03_eps10_sig0.005_y0.27,steel_free_space|S_eps10_sig0.005|R1_small|D3_deep,True,dataset_split/images/train/steel_free_space_r0.03_eps10_sig0.005_x2.29_y0.27.png,dataset_split/conditions/train/steel_free_space_r0.03_eps10_sig0.005_x2.29_y0.27.in,train
pvc,free_space,0.08,5,0.05,2.27,0.29,pvc_free_space_r0.08_eps5_sig0.05_x2.27_y0.29,pvc_free_space,S_eps5_sig0.05,0.71,D3_deep,R3_medium_large,hard_weak_pvc,pvc_free_space_r0.08_eps5_sig0.05_y0.29,pvc_free_space|S_eps5_sig0.05|R3_medium_large|D3_deep,True,dataset_split/images/stress_test/pvc_free_space_r0.08_eps5_sig0.05_x2.27_y0.29.png,dataset_split/conditions/stress_test/pvc_free_space_r0.08_eps5_sig0.05_x2.27_y0.29.in,stress_test
steel,free_space,0.03,5,0.05,1.54,0.73,steel_free_space_r0.03_eps5_sig0.05_x1.54_y0.73,steel_free_space,S_eps5_sig0.05,0.27,D1_shallow,R1_small,easy_strong_reflection,steel_free_space_r0.03_eps5_sig0.05_y0.73,steel_free_space|S_eps5_sig0.05|R1_small|D1_shallow,True,dataset_split/images/stress_test/steel_free_space_r0.03_eps5_sig0.05_x1.54_y0.73.png,dataset_split/conditions/stress_test/steel_free_space_r0.03_eps5_sig0.05_x1.54_y0.73.in,stress_test
pvc,free_space,0.08,5,0.05,2.14,0.61,pvc_free_space_r0.08_eps5_sig0.05_x2.14_y0.61,pvc_free_space,S_eps5_sig0.05,0.39,D2_medium,R3_medium_large,hard_weak_pvc,pvc_free_space_r0.08_eps5_sig0.05_y0.61,pvc_free_space|S_eps5_sig0.05|R3_medium_large|D2_medium,True,dataset_split/images/stress_test/pvc_free_space_r0.08_eps5_sig0.05_x2.14_y0.61.png,dataset_split/conditions/stress_test/pvc_free_space_r0.08_eps5_sig0.05_x2.14_y0.61.in,stress_test
pvc,free_space,0.08,4,0.001,1.86,0.75,pvc_free_space_r0.08_eps4_sig0.001_x1.86_y0.75,pvc_free_space,S_eps4_sig0.001,0.25,D1_shallow,R3_medium_large,hard_weak_pvc,pvc_free_space_r0.08_eps4_sig0.001_y0.75,pvc_free_space|S_eps4_sig0.001|R3_medium_large|D1_shallow,True,dataset_split/images/train/pvc_free_space_r0.08_eps4_sig0.001_x1.86_y0.75.png,dataset_split/conditions/train/pvc_free_space_r0.08_eps4_sig0.001_x1.86_y0.75.in,train
steel,free_space,0.03,10,0.005,2.15,0.58,steel_free_space_r0.03_eps10_sig0.005_x2.15_y0.58,steel_free_space,S_eps10_sig0.005,0.42000000000000004,D2_medium,R1_small,easy_strong_reflection,steel_free_space_r0.03_eps10_sig0.005_y0.58,steel_free_space|S_eps10_sig0.005|R1_small|D2_medium,True,dataset_split/images/train/steel_free_space_r0.03_eps10_sig0.005_x2.15_y0.58.png,dataset_split/conditions/train/steel_free_space_r0.03_eps10_sig0.005_x2.15_y0.58.in,train
steel,free_space,0.08,10,0.005,1.56,0.29,steel_free_space_r0.08_eps10_sig0.005_x1.56_y0.29,steel_free_space,S_eps10_sig0.005,0.71,D3_deep,R3_medium_large,easy_strong_reflection,steel_free_space_r0.08_eps10_sig0.005_y0.29,steel_free_space|S_eps10_sig0.005|R3_medium_large|D3_deep,True,dataset_split/images/val/steel_free_space_r0.08_eps10_sig0.005_x1.56_y0.29.png,dataset_split/conditions/val/steel_free_space_r0.08_eps10_sig0.005_x1.56_y0.29.in,val
pvc,free_space,0.05,10,0.005,1.29,0.28,pvc_free_space_r0.05_eps10_sig0.005_x1.29_y0.28,pvc_free_space,S_eps10_sig0.005,0.72,D3_deep,R2_medium_small,hard_weak_pvc,pvc_free_space_r0.05_eps10_sig0.005_y0.28,pvc_free_space|S_eps10_sig0.005|R2_medium_small|D3_deep,True,dataset_split/images/test_id/pvc_free_space_r0.05_eps10_sig0.005_x1.29_y0.28.png,dataset_split/conditions/test_id/pvc_free_space_r0.05_eps10_sig0.005_x1.29_y0.28.in,test_id
pvc,free_space,0.1,4,0.001,1.1,0.29,pvc_free_space_r0.1_eps4_sig0.001_x1.1_y0.29,pvc_free_space,S_eps4_sig0.001,0.71,D3_deep,R4_large,hard_weak_pvc,pvc_free_space_r0.1_eps4_sig0.001_y0.29,pvc_free_space|S_eps4_sig0.001|R4_large|D3_deep,True,dataset_split/images/train/pvc_free_space_r0.1_eps4_sig0.001_x1.1_y0.29.png,dataset_split/conditions/train/pvc_free_space_r0.1_eps4_sig0.001_x1.1_y0.29.in,train
pvc,free_space,0.03,20,0.02,2.25,0.78,pvc_free_space_r0.03_eps20_sig0.02_x2.25_y0.78,pvc_free_space,S_eps20_sig0.02,0.21999999999999997,D1_shallow,R1_small,hard_weak_pvc,pvc_free_space_r0.03_eps20_sig0.02_y0.78,pvc_free_space|S_eps20_sig0.02|R1_small|D1_shallow,True,dataset_split/images/train/pvc_free_space_r0.03_eps20_sig0.02_x2.25_y0.78.png,dataset_split/conditions/train/pvc_free_space_r0.03_eps20_sig0.02_x2.25_y0.78.in,train
steel,free_space,0.1,4,0.001,1.65,0.76,steel_free_space_r0.1_eps4_sig0.001_x1.65_y0.76,steel_free_space,S_eps4_sig0.001,0.24,D1_shallow,R4_large,easy_strong_reflection,steel_free_space_r0.1_eps4_sig0.001_y0.76,steel_free_space|S_eps4_sig0.001|R4_large|D1_shallow,False,dataset_split/images/train/steel_free_space_r0.1_eps4_sig0.001_x1.65_y0.76.png,dataset_split/conditions/train/steel_free_space_r0.1_eps4_sig0.001_x1.65_y0.76.in,train
steel,free_space,0.1,4,0.001,1.12,0.8,steel_free_space_r0.1_eps4_sig0.001_x1.12_y0.8,steel_free_space,S_eps4_sig0.001,0.19999999999999996,D1_shallow,R4_large,easy_strong_reflection,steel_free_space_r0.1_eps4_sig0.001_y0.8,steel_free_space|S_eps4_sig0.001|R4_large|D1_shallow,False,dataset_split/images/val/steel_free_space_r0.1_eps4_sig0.001_x1.12_y0.8.png,dataset_split/conditions/val/steel_free_space_r0.1_eps4_sig0.001_x1.12_y0.8.in,val
pvc,water,0.1,10,0.005,1.95,0.31,pvc_water_r0.1_eps10_sig0.005_x1.95_y0.31,pvc_water,S_eps10_sig0.005,0.69,D3_deep,R4_large,medium_water_filled_pvc,pvc_water_r0.1_eps10_sig0.005_y0.31,pvc_water|S_eps10_sig0.005|R4_large|D3_deep,True,dataset_split/images/train/pvc_water_r0.1_eps10_sig0.005_x1.95_y0.31.png,dataset_split/conditions/train/pvc_water_r0.1_eps10_sig0.005_x1.95_y0.31.in,train
pvc,water,0.05,10,0.005,2.73,0.65,pvc_water_r0.05_eps10_sig0.005_x2.73_y0.65,pvc_water,S_eps10_sig0.005,0.35,D2_medium,R2_medium_small,medium_water_filled_pvc,pvc_water_r0.05_eps10_sig0.005_y0.65,pvc_water|S_eps10_sig0.005|R2_medium_small|D2_medium,False,dataset_split/images/train/pvc_water_r0.05_eps10_sig0.005_x2.73_y0.65.png,dataset_split/conditions/train/pvc_water_r0.05_eps10_sig0.005_x2.73_y0.65.in,train
pvc,free_space,0.03,20,0.02,1.1,0.75,pvc_free_space_r0.03_eps20_sig0.02_x1.1_y0.75,pvc_free_space,S_eps20_sig0.02,0.25,D1_shallow,R1_small,hard_weak_pvc,pvc_free_space_r0.03_eps20_sig0.02_y0.75,pvc_free_space|S_eps20_sig0.02|R1_small|D1_shallow,True,dataset_split/images/train/pvc_free_space_r0.03_eps20_sig0.02_x1.1_y0.75.png,dataset_split/conditions/train/pvc_free_space_r0.03_eps20_sig0.02_x1.1_y0.75.in,train
steel,free_space,0.03,20,0.02,2.56,0.47,steel_free_space_r0.03_eps20_sig0.02_x2.56_y0.47,steel_free_space,S_eps20_sig0.02,0.53,D2_medium,R1_small,easy_strong_reflection,steel_free_space_r0.03_eps20_sig0.02_y0.47,steel_free_space|S_eps20_sig0.02|R1_small|D2_medium,True,dataset_split/images/train/steel_free_space_r0.03_eps20_sig0.02_x2.56_y0.47.png,dataset_split/conditions/train/steel_free_space_r0.03_eps20_sig0.02_x2.56_y0.47.in,train
pvc,water,0.08,4,0.001,1.63,0.37,pvc_water_r0.08_eps4_sig0.001_x1.63_y0.37,pvc_water,S_eps4_sig0.001,0.63,D3_deep,R3_medium_large,medium_water_filled_pvc,pvc_water_r0.08_eps4_sig0.001_y0.37,pvc_water|S_eps4_sig0.001|R3_medium_large|D3_deep,True,dataset_split/images/val/pvc_water_r0.08_eps4_sig0.001_x1.63_y0.37.png,dataset_split/conditions/val/pvc_water_r0.08_eps4_sig0.001_x1.63_y0.37.in,val
steel,free_space,0.03,10,0.005,1.47,0.38,steel_free_space_r0.03_eps10_sig0.005_x1.47_y0.38,steel_free_space,S_eps10_sig0.005,0.62,D3_deep,R1_small,easy_strong_reflection,steel_free_space_r0.03_eps10_sig0.005_y0.38,steel_free_space|S_eps10_sig0.005|R1_small|D3_deep,True,dataset_split/images/val/steel_free_space_r0.03_eps10_sig0.005_x1.47_y0.38.png,dataset_split/conditions/val/steel_free_space_r0.03_eps10_sig0.005_x1.47_y0.38.in,val
steel,free_space,0.08,4,0.001,1.94,0.29,steel_free_space_r0.08_eps4_sig0.001_x1.94_y0.29,steel_free_space,S_eps4_sig0.001,0.71,D3_deep,R3_medium_large,easy_strong_reflection,steel_free_space_r0.08_eps4_sig0.001_y0.29,steel_free_space|S_eps4_sig0.001|R3_medium_large|D3_deep,True,dataset_split/images/test_id/steel_free_space_r0.08_eps4_sig0.001_x1.94_y0.29.png,dataset_split/conditions/test_id/steel_free_space_r0.08_eps4_sig0.001_x1.94_y0.29.in,test_id
steel,free_space,0.1,20,0.02,1.53,0.39,steel_free_space_r0.1_eps20_sig0.02_x1.53_y0.39,steel_free_space,S_eps20_sig0.02,0.61,D3_deep,R4_large,easy_strong_reflection,steel_free_space_r0.1_eps20_sig0.02_y0.39,steel_free_space|S_eps20_sig0.02|R4_large|D3_deep,True,dataset_split/images/train/steel_free_space_r0.1_eps20_sig0.02_x1.53_y0.39.png,dataset_split/conditions/train/steel_free_space_r0.1_eps20_sig0.02_x1.53_y0.39.in,train
pvc,water,0.08,5,0.05,2.49,0.46,pvc_water_r0.08_eps5_sig0.05_x2.49_y0.46,pvc_water,S_eps5_sig0.05,0.54,D2_medium,R3_medium_large,medium_water_filled_pvc,pvc_water_r0.08_eps5_sig0.05_y0.46,pvc_water|S_eps5_sig0.05|R3_medium_large|D2_medium,True,dataset_split/images/stress_test/pvc_water_r0.08_eps5_sig0.05_x2.49_y0.46.png,dataset_split/conditions/stress_test/pvc_water_r0.08_eps5_sig0.05_x2.49_y0.46.in,stress_test
pvc,free_space,0.1,20,0.02,2.59,0.36,pvc_free_space_r0.1_eps20_sig0.02_x2.59_y0.36,pvc_free_space,S_eps20_sig0.02,0.64,D3_deep,R4_large,hard_weak_pvc,pvc_free_space_r0.1_eps20_sig0.02_y0.36,pvc_free_space|S_eps20_sig0.02|R4_large|D3_deep,True,dataset_split/images/train/pvc_free_space_r0.1_eps20_sig0.02_x2.59_y0.36.png,dataset_split/conditions/train/pvc_free_space_r0.1_eps20_sig0.02_x2.59_y0.36.in,train
pvc,water,0.1,10,0.005,2.06,0.37,pvc_water_r0.1_eps10_sig0.005_x2.06_y0.37,pvc_water,S_eps10_sig0.005,0.63,D3_deep,R4_large,medium_water_filled_pvc,pvc_water_r0.1_eps10_sig0.005_y0.37,pvc_water|S_eps10_sig0.005|R4_large|D3_deep,True,dataset_split/images/train/pvc_water_r0.1_eps10_sig0.005_x2.06_y0.37.png,dataset_split/conditions/train/pvc_water_r0.1_eps10_sig0.005_x2.06_y0.37.in,train
steel,free_space,0.1,4,0.001,1.0,0.26,steel_free_space_r0.1_eps4_sig0.001_x1.0_y0.26,steel_free_space,S_eps4_sig0.001,0.74,D3_deep,R4_large,easy_strong_reflection,steel_free_space_r0.1_eps4_sig0.001_y0.26,steel_free_space|S_eps4_sig0.001|R4_large|D3_deep,True,dataset_split/images/train/steel_free_space_r0.1_eps4_sig0.001_x1.0_y0.26.png,dataset_split/conditions/train/steel_free_space_r0.1_eps4_sig0.001_x1.0_y0.26.in,train
pvc,free_space,0.05,4,0.001,2.57,0.76,pvc_free_space_r0.05_eps4_sig0.001_x2.57_y0.76,pvc_free_space,S_eps4_sig0.001,0.24,D1_shallow,R2_medium_small,hard_weak_pvc,pvc_free_space_r0.05_eps4_sig0.001_y0.76,pvc_free_space|S_eps4_sig0.001|R2_medium_small|D1_shallow,True,dataset_split/images/test_id/pvc_free_space_r0.05_eps4_sig0.001_x2.57_y0.76.png,dataset_split/conditions/test_id/pvc_free_space_r0.05_eps4_sig0.001_x2.57_y0.76.in,test_id
pvc,water,0.08,4,0.001,2.83,0.42,pvc_water_r0.08_eps4_sig0.001_x2.83_y0.42,pvc_water,S_eps4_sig0.001,0.5800000000000001,D3_deep,R3_medium_large,medium_water_filled_pvc,pvc_water_r0.08_eps4_sig0.001_y0.42,pvc_water|S_eps4_sig0.001|R3_medium_large|D3_deep,True,dataset_split/images/train/pvc_water_r0.08_eps4_sig0.001_x2.83_y0.42.png,dataset_split/conditions/train/pvc_water_r0.08_eps4_sig0.001_x2.83_y0.42.in,train
steel,free_space,0.05,4,0.001,1.04,0.72,steel_free_space_r0.05_eps4_sig0.001_x1.04_y0.72,steel_free_space,S_eps4_sig0.001,0.28,D1_shallow,R2_medium_small,easy_strong_reflection,steel_free_space_r0.05_eps4_sig0.001_y0.72,steel_free_space|S_eps4_sig0.001|R2_medium_small|D1_shallow,False,dataset_split/images/train/steel_free_space_r0.05_eps4_sig0.001_x1.04_y0.72.png,dataset_split/conditions/train/steel_free_space_r0.05_eps4_sig0.001_x1.04_y0.72.in,train
pvc,water,0.03,20,0.02,1.43,0.29,pvc_water_r0.03_eps20_sig0.02_x1.43_y0.29,pvc_water,S_eps20_sig0.02,0.71,D3_deep,R1_small,medium_water_filled_pvc,pvc_water_r0.03_eps20_sig0.02_y0.29,pvc_water|S_eps20_sig0.02|R1_small|D3_deep,True,dataset_split/images/train/pvc_water_r0.03_eps20_sig0.02_x1.43_y0.29.png,dataset_split/conditions/train/pvc_water_r0.03_eps20_sig0.02_x1.43_y0.29.in,train
pvc,water,0.1,4,0.001,1.99,0.77,pvc_water_r0.1_eps4_sig0.001_x1.99_y0.77,pvc_water,S_eps4_sig0.001,0.22999999999999998,D1_shallow,R4_large,medium_water_filled_pvc,pvc_water_r0.1_eps4_sig0.001_y0.77,pvc_water|S_eps4_sig0.001|R4_large|D1_shallow,False,dataset_split/images/train/pvc_water_r0.1_eps4_sig0.001_x1.99_y0.77.png,dataset_split/conditions/train/pvc_water_r0.1_eps4_sig0.001_x1.99_y0.77.in,train
pvc,water,0.08,5,0.05,2.69,0.49,pvc_water_r0.08_eps5_sig0.05_x2.69_y0.49,pvc_water,S_eps5_sig0.05,0.51,D2_medium,R3_medium_large,medium_water_filled_pvc,pvc_water_r0.08_eps5_sig0.05_y0.49,pvc_water|S_eps5_sig0.05|R3_medium_large|D2_medium,True,dataset_split/images/stress_test/pvc_water_r0.08_eps5_sig0.05_x2.69_y0.49.png,dataset_split/conditions/stress_test/pvc_water_r0.08_eps5_sig0.05_x2.69_y0.49.in,stress_test
pvc,water,0.03,10,0.005,1.03,0.31,pvc_water_r0.03_eps10_sig0.005_x1.03_y0.31,pvc_water,S_eps10_sig0.005,0.69,D3_deep,R1_small,medium_water_filled_pvc,pvc_water_r0.03_eps10_sig0.005_y0.31,pvc_water|S_eps10_sig0.005|R1_small|D3_deep,True,dataset_split/images/train/pvc_water_r0.03_eps10_sig0.005_x1.03_y0.31.png,dataset_split/conditions/train/pvc_water_r0.03_eps10_sig0.005_x1.03_y0.31.in,train
pvc,free_space,0.08,10,0.005,1.53,0.7,pvc_free_space_r0.08_eps10_sig0.005_x1.53_y0.7,pvc_free_space,S_eps10_sig0.005,0.30000000000000004,D2_medium,R3_medium_large,hard_weak_pvc,pvc_free_space_r0.08_eps10_sig0.005_y0.7,pvc_free_space|S_eps10_sig0.005|R3_medium_large|D2_medium,True,dataset_split/images/train/pvc_free_space_r0.08_eps10_sig0.005_x1.53_y0.7.png,dataset_split/conditions/train/pvc_free_space_r0.08_eps10_sig0.005_x1.53_y0.7.in,train
steel,free_space,0.03,4,0.001,2.87,0.78,steel_free_space_r0.03_eps4_sig0.001_x2.87_y0.78,steel_free_space,S_eps4_sig0.001,0.21999999999999997,D1_shallow,R1_small,easy_strong_reflection,steel_free_space_r0.03_eps4_sig0.001_y0.78,steel_free_space|S_eps4_sig0.001|R1_small|D1_shallow,True,dataset_split/images/train/steel_free_space_r0.03_eps4_sig0.001_x2.87_y0.78.png,dataset_split/conditions/train/steel_free_space_r0.03_eps4_sig0.001_x2.87_y0.78.in,train
pvc,free_space,0.08,4,0.001,2.06,0.43,pvc_free_space_r0.08_eps4_sig0.001_x2.06_y0.43,pvc_free_space,S_eps4_sig0.001,0.5700000000000001,D3_deep,R3_medium_large,hard_weak_pvc,pvc_free_space_r0.08_eps4_sig0.001_y0.43,pvc_free_space|S_eps4_sig0.001|R3_medium_large|D3_deep,True,dataset_split/images/train/pvc_free_space_r0.08_eps4_sig0.001_x2.06_y0.43.png,dataset_split/conditions/train/pvc_free_space_r0.08_eps4_sig0.001_x2.06_y0.43.in,train
steel,free_space,0.05,20,0.02,1.49,0.3,steel_free_space_r0.05_eps20_sig0.02_x1.49_y0.3,steel_free_space,S_eps20_sig0.02,0.7,D3_deep,R2_medium_small,easy_strong_reflection,steel_free_space_r0.05_eps20_sig0.02_y0.3,steel_free_space|S_eps20_sig0.02|R2_medium_small|D3_deep,True,dataset_split/images/train/steel_free_space_r0.05_eps20_sig0.02_x1.49_y0.3.png,dataset_split/conditions/train/steel_free_space_r0.05_eps20_sig0.02_x1.49_y0.3.in,train
pvc,water,0.08,10,0.005,2.62,0.3,pvc_water_r0.08_eps10_sig0.005_x2.62_y0.3,pvc_water,S_eps10_sig0.005,0.7,D3_deep,R3_medium_large,medium_water_filled_pvc,pvc_water_r0.08_eps10_sig0.005_y0.3,pvc_water|S_eps10_sig0.005|R3_medium_large|D3_deep,True,dataset_split/images/train/pvc_water_r0.08_eps10_sig0.005_x2.62_y0.3.png,dataset_split/conditions/train/pvc_water_r0.08_eps10_sig0.005_x2.62_y0.3.in,train
pvc,free_space,0.1,4,0.001,2.8,0.64,pvc_free_space_r0.1_eps4_sig0.001_x2.8_y0.64,pvc_free_space,S_eps4_sig0.001,0.36,D2_medium,R4_large,hard_weak_pvc,pvc_free_space_r0.1_eps4_sig0.001_y0.64,pvc_free_space|S_eps4_sig0.001|R4_large|D2_medium,True,dataset_split/images/val/pvc_free_space_r0.1_eps4_sig0.001_x2.8_y0.64.png,dataset_split/conditions/val/pvc_free_space_r0.1_eps4_sig0.001_x2.8_y0.64.in,val
pvc,water,0.03,5,0.05,2.14,0.56,pvc_water_r0.03_eps5_sig0.05_x2.14_y0.56,pvc_water,S_eps5_sig0.05,0.43999999999999995,D2_medium,R1_small,medium_water_filled_pvc,pvc_water_r0.03_eps5_sig0.05_y0.56,pvc_water|S_eps5_sig0.05|R1_small|D2_medium,True,dataset_split/images/stress_test/pvc_water_r0.03_eps5_sig0.05_x2.14_y0.56.png,dataset_split/conditions/stress_test/pvc_water_r0.03_eps5_sig0.05_x2.14_y0.56.in,stress_test
steel,free_space,0.05,4,0.001,1.97,0.69,steel_free_space_r0.05_eps4_sig0.001_x1.97_y0.69,steel_free_space,S_eps4_sig0.001,0.31000000000000005,D2_medium,R2_medium_small,easy_strong_reflection,steel_free_space_r0.05_eps4_sig0.001_y0.69,steel_free_space|S_eps4_sig0.001|R2_medium_small|D2_medium,False,dataset_split/images/train/steel_free_space_r0.05_eps4_sig0.001_x1.97_y0.69.png,dataset_split/conditions/train/steel_free_space_r0.05_eps4_sig0.001_x1.97_y0.69.in,train
pvc,water,0.03,20,0.02,2.45,0.56,pvc_water_r0.03_eps20_sig0.02_x2.45_y0.56,pvc_water,S_eps20_sig0.02,0.43999999999999995,D2_medium,R1_small,medium_water_filled_pvc,pvc_water_r0.03_eps20_sig0.02_y0.56,pvc_water|S_eps20_sig0.02|R1_small|D2_medium,True,dataset_split/images/train/pvc_water_r0.03_eps20_sig0.02_x2.45_y0.56.png,dataset_split/conditions/train/pvc_water_r0.03_eps20_sig0.02_x2.45_y0.56.in,train
pvc,free_space,0.1,10,0.005,2.88,0.79,pvc_free_space_r0.1_eps10_sig0.005_x2.88_y0.79,pvc_free_space,S_eps10_sig0.005,0.20999999999999996,D1_shallow,R4_large,hard_weak_pvc,pvc_free_space_r0.1_eps10_sig0.005_y0.79,pvc_free_space|S_eps10_sig0.005|R4_large|D1_shallow,True,dataset_split/images/train/pvc_free_space_r0.1_eps10_sig0.005_x2.88_y0.79.png,dataset_split/conditions/train/pvc_free_space_r0.1_eps10_sig0.005_x2.88_y0.79.in,train
pvc,water,0.1,5,0.05,2.87,0.41,pvc_water_r0.1_eps5_sig0.05_x2.87_y0.41,pvc_water,S_eps5_sig0.05,0.5900000000000001,D3_deep,R4_large,medium_water_filled_pvc,pvc_water_r0.1_eps5_sig0.05_y0.41,pvc_water|S_eps5_sig0.05|R4_large|D3_deep,True,dataset_split/images/stress_test/pvc_water_r0.1_eps5_sig0.05_x2.87_y0.41.png,dataset_split/conditions/stress_test/pvc_water_r0.1_eps5_sig0.05_x2.87_y0.41.in,stress_test
pvc,free_space,0.05,10,0.005,2.8,0.67,pvc_free_space_r0.05_eps10_sig0.005_x2.8_y0.67,pvc_free_space,S_eps10_sig0.005,0.32999999999999996,D2_medium,R2_medium_small,hard_weak_pvc,pvc_free_space_r0.05_eps10_sig0.005_y0.67,pvc_free_space|S_eps10_sig0.005|R2_medium_small|D2_medium,True,dataset_split/images/train/pvc_free_space_r0.05_eps10_sig0.005_x2.8_y0.67.png,dataset_split/conditions/train/pvc_free_space_r0.05_eps10_sig0.005_x2.8_y0.67.in,train
pvc,water,0.1,20,0.02,1.48,0.58,pvc_water_r0.1_eps20_sig0.02_x1.48_y0.58,pvc_water,S_eps20_sig0.02,0.42000000000000004,D2_medium,R4_large,medium_water_filled_pvc,pvc_water_r0.1_eps20_sig0.02_y0.58,pvc_water|S_eps20_sig0.02|R4_large|D2_medium,True,dataset_split/images/train/pvc_water_r0.1_eps20_sig0.02_x1.48_y0.58.png,dataset_split/conditions/train/pvc_water_r0.1_eps20_sig0.02_x1.48_y0.58.in,train
steel,free_space,0.05,10,0.005,1.47,0.58,steel_free_space_r0.05_eps10_sig0.005_x1.47_y0.58,steel_free_space,S_eps10_sig0.005,0.42000000000000004,D2_medium,R2_medium_small,easy_strong_reflection,steel_free_space_r0.05_eps10_sig0.005_y0.58,steel_free_space|S_eps10_sig0.005|R2_medium_small|D2_medium,False,dataset_split/images/train/steel_free_space_r0.05_eps10_sig0.005_x1.47_y0.58.png,dataset_split/conditions/train/steel_free_space_r0.05_eps10_sig0.005_x1.47_y0.58.in,train
steel,free_space,0.03,4,0.001,2.75,0.66,steel_free_space_r0.03_eps4_sig0.001_x2.75_y0.66,steel_free_space,S_eps4_sig0.001,0.33999999999999997,D2_medium,R1_small,easy_strong_reflection,steel_free_space_r0.03_eps4_sig0.001_y0.66,steel_free_space|S_eps4_sig0.001|R1_small|D2_medium,True,dataset_split/images/test_id/steel_free_space_r0.03_eps4_sig0.001_x2.75_y0.66.png,dataset_split/conditions/test_id/steel_free_space_r0.03_eps4_sig0.001_x2.75_y0.66.in,test_id
pvc,free_space,0.05,20,0.02,1.17,0.74,pvc_free_space_r0.05_eps20_sig0.02_x1.17_y0.74,pvc_free_space,S_eps20_sig0.02,0.26,D1_shallow,R2_medium_small,hard_weak_pvc,pvc_free_space_r0.05_eps20_sig0.02_y0.74,pvc_free_space|S_eps20_sig0.02|R2_medium_small|D1_shallow,True,dataset_split/images/train/pvc_free_space_r0.05_eps20_sig0.02_x1.17_y0.74.png,dataset_split/conditions/train/pvc_free_space_r0.05_eps20_sig0.02_x1.17_y0.74.in,train
pvc,water,0.1,4,0.001,1.43,0.6,pvc_water_r0.1_eps4_sig0.001_x1.43_y0.6,pvc_water,S_eps4_sig0.001,0.4,D2_medium,R4_large,medium_water_filled_pvc,pvc_water_r0.1_eps4_sig0.001_y0.6,pvc_water|S_eps4_sig0.001|R4_large|D2_medium,False,dataset_split/images/val/pvc_water_r0.1_eps4_sig0.001_x1.43_y0.6.png,dataset_split/conditions/val/pvc_water_r0.1_eps4_sig0.001_x1.43_y0.6.in,val
steel,free_space,0.1,4,0.001,1.15,0.65,steel_free_space_r0.1_eps4_sig0.001_x1.15_y0.65,steel_free_space,S_eps4_sig0.001,0.35,D2_medium,R4_large,easy_strong_reflection,steel_free_space_r0.1_eps4_sig0.001_y0.65,steel_free_space|S_eps4_sig0.001|R4_large|D2_medium,False,dataset_split/images/train/steel_free_space_r0.1_eps4_sig0.001_x1.15_y0.65.png,dataset_split/conditions/train/steel_free_space_r0.1_eps4_sig0.001_x1.15_y0.65.in,train
pvc,water,0.1,5,0.05,2.58,0.35,pvc_water_r0.1_eps5_sig0.05_x2.58_y0.35,pvc_water,S_eps5_sig0.05,0.65,D3_deep,R4_large,medium_water_filled_pvc,pvc_water_r0.1_eps5_sig0.05_y0.35,pvc_water|S_eps5_sig0.05|R4_large|D3_deep,True,dataset_split/images/stress_test/pvc_water_r0.1_eps5_sig0.05_x2.58_y0.35.png,dataset_split/conditions/stress_test/pvc_water_r0.1_eps5_sig0.05_x2.58_y0.35.in,stress_test
steel,free_space,0.05,5,0.05,1.91,0.28,steel_free_space_r0.05_eps5_sig0.05_x1.91_y0.28,steel_free_space,S_eps5_sig0.05,0.72,D3_deep,R2_medium_small,easy_strong_reflection,steel_free_space_r0.05_eps5_sig0.05_y0.28,steel_free_space|S_eps5_sig0.05|R2_medium_small|D3_deep,True,dataset_split/images/stress_test/steel_free_space_r0.05_eps5_sig0.05_x1.91_y0.28.png,dataset_split/conditions/stress_test/steel_free_space_r0.05_eps5_sig0.05_x1.91_y0.28.in,stress_test
steel,free_space,0.05,10,0.005,1.67,0.79,steel_free_space_r0.05_eps10_sig0.005_x1.67_y0.79,steel_free_space,S_eps10_sig0.005,0.20999999999999996,D1_shallow,R2_medium_small,easy_strong_reflection,steel_free_space_r0.05_eps10_sig0.005_y0.79,steel_free_space|S_eps10_sig0.005|R2_medium_small|D1_shallow,False,dataset_split/images/train/steel_free_space_r0.05_eps10_sig0.005_x1.67_y0.79.png,dataset_split/conditions/train/steel_free_space_r0.05_eps10_sig0.005_x1.67_y0.79.in,train
steel,free_space,0.05,4,0.001,2.15,0.8,steel_free_space_r0.05_eps4_sig0.001_x2.15_y0.8,steel_free_space,S_eps4_sig0.001,0.19999999999999996,D1_shallow,R2_medium_small,easy_strong_reflection,steel_free_space_r0.05_eps4_sig0.001_y0.8,steel_free_space|S_eps4_sig0.001|R2_medium_small|D1_shallow,False,dataset_split/images/train/steel_free_space_r0.05_eps4_sig0.001_x2.15_y0.8.png,dataset_split/conditions/train/steel_free_space_r0.05_eps4_sig0.001_x2.15_y0.8.in,train
steel,free_space,0.05,4,0.001,1.63,0.34,steel_free_space_r0.05_eps4_sig0.001_x1.63_y0.34,steel_free_space,S_eps4_sig0.001,0.6599999999999999,D3_deep,R2_medium_small,easy_strong_reflection,steel_free_space_r0.05_eps4_sig0.001_y0.34,steel_free_space|S_eps4_sig0.001|R2_medium_small|D3_deep,True,dataset_split/images/train/steel_free_space_r0.05_eps4_sig0.001_x1.63_y0.34.png,dataset_split/conditions/train/steel_free_space_r0.05_eps4_sig0.001_x1.63_y0.34.in,train
pvc,free_space,0.05,20,0.02,2.03,0.74,pvc_free_space_r0.05_eps20_sig0.02_x2.03_y0.74,pvc_free_space,S_eps20_sig0.02,0.26,D1_shallow,R2_medium_small,hard_weak_pvc,pvc_free_space_r0.05_eps20_sig0.02_y0.74,pvc_free_space|S_eps20_sig0.02|R2_medium_small|D1_shallow,True,dataset_split/images/train/pvc_free_space_r0.05_eps20_sig0.02_x2.03_y0.74.png,dataset_split/conditions/train/pvc_free_space_r0.05_eps20_sig0.02_x2.03_y0.74.in,train
steel,free_space,0.03,20,0.02,2.92,0.73,steel_free_space_r0.03_eps20_sig0.02_x2.92_y0.73,steel_free_space,S_eps20_sig0.02,0.27,D1_shallow,R1_small,easy_strong_reflection,steel_free_space_r0.03_eps20_sig0.02_y0.73,steel_free_space|S_eps20_sig0.02|R1_small|D1_shallow,True,dataset_split/images/train/steel_free_space_r0.03_eps20_sig0.02_x2.92_y0.73.png,dataset_split/conditions/train/steel_free_space_r0.03_eps20_sig0.02_x2.92_y0.73.in,train
pvc,water,0.08,10,0.005,2.12,0.78,pvc_water_r0.08_eps10_sig0.005_x2.12_y0.78,pvc_water,S_eps10_sig0.005,0.21999999999999997,D1_shallow,R3_medium_large,medium_water_filled_pvc,pvc_water_r0.08_eps10_sig0.005_y0.78,pvc_water|S_eps10_sig0.005|R3_medium_large|D1_shallow,False,dataset_split/images/test_id/pvc_water_r0.08_eps10_sig0.005_x2.12_y0.78.png,dataset_split/conditions/test_id/pvc_water_r0.08_eps10_sig0.005_x2.12_y0.78.in,test_id
steel,free_space,0.03,10,0.005,2.81,0.37,steel_free_space_r0.03_eps10_sig0.005_x2.81_y0.37,steel_free_space,S_eps10_sig0.005,0.63,D3_deep,R1_small,easy_strong_reflection,steel_free_space_r0.03_eps10_sig0.005_y0.37,steel_free_space|S_eps10_sig0.005|R1_small|D3_deep,True,dataset_split/images/train/steel_free_space_r0.03_eps10_sig0.005_x2.81_y0.37.png,dataset_split/conditions/train/steel_free_space_r0.03_eps10_sig0.005_x2.81_y0.37.in,train
steel,free_space,0.03,5,0.05,1.37,0.75,steel_free_space_r0.03_eps5_sig0.05_x1.37_y0.75,steel_free_space,S_eps5_sig0.05,0.25,D1_shallow,R1_small,easy_strong_reflection,steel_free_space_r0.03_eps5_sig0.05_y0.75,steel_free_space|S_eps5_sig0.05|R1_small|D1_shallow,True,dataset_split/images/stress_test/steel_free_space_r0.03_eps5_sig0.05_x1.37_y0.75.png,dataset_split/conditions/stress_test/steel_free_space_r0.03_eps5_sig0.05_x1.37_y0.75.in,stress_test
pvc,free_space,0.05,4,0.001,2.15,0.79,pvc_free_space_r0.05_eps4_sig0.001_x2.15_y0.79,pvc_free_space,S_eps4_sig0.001,0.20999999999999996,D1_shallow,R2_medium_small,hard_weak_pvc,pvc_free_space_r0.05_eps4_sig0.001_y0.79,pvc_free_space|S_eps4_sig0.001|R2_medium_small|D1_shallow,True,dataset_split/images/train/pvc_free_space_r0.05_eps4_sig0.001_x2.15_y0.79.png,dataset_split/conditions/train/pvc_free_space_r0.05_eps4_sig0.001_x2.15_y0.79.in,train
steel,free_space,0.1,5,0.05,1.16,0.4,steel_free_space_r0.1_eps5_sig0.05_x1.16_y0.4,steel_free_space,S_eps5_sig0.05,0.6,D3_deep,R4_large,easy_strong_reflection,steel_free_space_r0.1_eps5_sig0.05_y0.4,steel_free_space|S_eps5_sig0.05|R4_large|D3_deep,True,dataset_split/images/stress_test/steel_free_space_r0.1_eps5_sig0.05_x1.16_y0.4.png,dataset_split/conditions/stress_test/steel_free_space_r0.1_eps5_sig0.05_x1.16_y0.4.in,stress_test
pvc,water,0.08,10,0.005,2.87,0.61,pvc_water_r0.08_eps10_sig0.005_x2.87_y0.61,pvc_water,S_eps10_sig0.005,0.39,D2_medium,R3_medium_large,medium_water_filled_pvc,pvc_water_r0.08_eps10_sig0.005_y0.61,pvc_water|S_eps10_sig0.005|R3_medium_large|D2_medium,False,dataset_split/images/train/pvc_water_r0.08_eps10_sig0.005_x2.87_y0.61.png,dataset_split/conditions/train/pvc_water_r0.08_eps10_sig0.005_x2.87_y0.61.in,train
pvc,water,0.03,5,0.05,2.07,0.45,pvc_water_r0.03_eps5_sig0.05_x2.07_y0.45,pvc_water,S_eps5_sig0.05,0.55,D2_medium,R1_small,medium_water_filled_pvc,pvc_water_r0.03_eps5_sig0.05_y0.45,pvc_water|S_eps5_sig0.05|R1_small|D2_medium,True,dataset_split/images/stress_test/pvc_water_r0.03_eps5_sig0.05_x2.07_y0.45.png,dataset_split/conditions/stress_test/pvc_water_r0.03_eps5_sig0.05_x2.07_y0.45.in,stress_test
steel,free_space,0.03,10,0.005,2.37,0.65,steel_free_space_r0.03_eps10_sig0.005_x2.37_y0.65,steel_free_space,S_eps10_sig0.005,0.35,D2_medium,R1_small,easy_strong_reflection,steel_free_space_r0.03_eps10_sig0.005_y0.65,steel_free_space|S_eps10_sig0.005|R1_small|D2_medium,True,dataset_split/images/test_id/steel_free_space_r0.03_eps10_sig0.005_x2.37_y0.65.png,dataset_split/conditions/test_id/steel_free_space_r0.03_eps10_sig0.005_x2.37_y0.65.in,test_id
steel,free_space,0.08,20,0.02,1.84,0.34,steel_free_space_r0.08_eps20_sig0.02_x1.84_y0.34,steel_free_space,S_eps20_sig0.02,0.6599999999999999,D3_deep,R3_medium_large,easy_strong_reflection,steel_free_space_r0.08_eps20_sig0.02_y0.34,steel_free_space|S_eps20_sig0.02|R3_medium_large|D3_deep,True,dataset_split/images/val/steel_free_space_r0.08_eps20_sig0.02_x1.84_y0.34.png,dataset_split/conditions/val/steel_free_space_r0.08_eps20_sig0.02_x1.84_y0.34.in,val
pvc,free_space,0.05,4,0.001,1.83,0.66,pvc_free_space_r0.05_eps4_sig0.001_x1.83_y0.66,pvc_free_space,S_eps4_sig0.001,0.33999999999999997,D2_medium,R2_medium_small,hard_weak_pvc,pvc_free_space_r0.05_eps4_sig0.001_y0.66,pvc_free_space|S_eps4_sig0.001|R2_medium_small|D2_medium,True,dataset_split/images/val/pvc_free_space_r0.05_eps4_sig0.001_x1.83_y0.66.png,dataset_split/conditions/val/pvc_free_space_r0.05_eps4_sig0.001_x1.83_y0.66.in,val
pvc,free_space,0.03,4,0.001,1.86,0.4,pvc_free_space_r0.03_eps4_sig0.001_x1.86_y0.4,pvc_free_space,S_eps4_sig0.001,0.6,D3_deep,R1_small,hard_weak_pvc,pvc_free_space_r0.03_eps4_sig0.001_y0.4,pvc_free_space|S_eps4_sig0.001|R1_small|D3_deep,True,dataset_split/images/test_id/pvc_free_space_r0.03_eps4_sig0.001_x1.86_y0.4.png,dataset_split/conditions/test_id/pvc_free_space_r0.03_eps4_sig0.001_x1.86_y0.4.in,test_id
pvc,water,0.03,20,0.02,1.26,0.73,pvc_water_r0.03_eps20_sig0.02_x1.26_y0.73,pvc_water,S_eps20_sig0.02,0.27,D1_shallow,R1_small,medium_water_filled_pvc,pvc_water_r0.03_eps20_sig0.02_y0.73,pvc_water|S_eps20_sig0.02|R1_small|D1_shallow,True,dataset_split/images/train/pvc_water_r0.03_eps20_sig0.02_x1.26_y0.73.png,dataset_split/conditions/train/pvc_water_r0.03_eps20_sig0.02_x1.26_y0.73.in,train
pvc,water,0.1,10,0.005,1.41,0.55,pvc_water_r0.1_eps10_sig0.005_x1.41_y0.55,pvc_water,S_eps10_sig0.005,0.44999999999999996,D2_medium,R4_large,medium_water_filled_pvc,pvc_water_r0.1_eps10_sig0.005_y0.55,pvc_water|S_eps10_sig0.005|R4_large|D2_medium,False,dataset_split/images/train/pvc_water_r0.1_eps10_sig0.005_x1.41_y0.55.png,dataset_split/conditions/train/pvc_water_r0.1_eps10_sig0.005_x1.41_y0.55.in,train
pvc,water,0.05,5,0.05,1.84,0.28,pvc_water_r0.05_eps5_sig0.05_x1.84_y0.28,pvc_water,S_eps5_sig0.05,0.72,D3_deep,R2_medium_small,medium_water_filled_pvc,pvc_water_r0.05_eps5_sig0.05_y0.28,pvc_water|S_eps5_sig0.05|R2_medium_small|D3_deep,True,dataset_split/images/stress_test/pvc_water_r0.05_eps5_sig0.05_x1.84_y0.28.png,dataset_split/conditions/stress_test/pvc_water_r0.05_eps5_sig0.05_x1.84_y0.28.in,stress_test
steel,free_space,0.03,4,0.001,1.47,0.73,steel_free_space_r0.03_eps4_sig0.001_x1.47_y0.73,steel_free_space,S_eps4_sig0.001,0.27,D1_shallow,R1_small,easy_strong_reflection,steel_free_space_r0.03_eps4_sig0.001_y0.73,steel_free_space|S_eps4_sig0.001|R1_small|D1_shallow,True,dataset_split/images/train/steel_free_space_r0.03_eps4_sig0.001_x1.47_y0.73.png,dataset_split/conditions/train/steel_free_space_r0.03_eps4_sig0.001_x1.47_y0.73.in,train
pvc,free_space,0.08,10,0.005,2.48,0.43,pvc_free_space_r0.08_eps10_sig0.005_x2.48_y0.43,pvc_free_space,S_eps10_sig0.005,0.5700000000000001,D3_deep,R3_medium_large,hard_weak_pvc,pvc_free_space_r0.08_eps10_sig0.005_y0.43,pvc_free_space|S_eps10_sig0.005|R3_medium_large|D3_deep,True,dataset_split/images/test_id/pvc_free_space_r0.08_eps10_sig0.005_x2.48_y0.43.png,dataset_split/conditions/test_id/pvc_free_space_r0.08_eps10_sig0.005_x2.48_y0.43.in,test_id
steel,free_space,0.1,4,0.001,1.89,0.62,steel_free_space_r0.1_eps4_sig0.001_x1.89_y0.62,steel_free_space,S_eps4_sig0.001,0.38,D2_medium,R4_large,easy_strong_reflection,steel_free_space_r0.1_eps4_sig0.001_y0.62,steel_free_space|S_eps4_sig0.001|R4_large|D2_medium,False,dataset_split/images/train/steel_free_space_r0.1_eps4_sig0.001_x1.89_y0.62.png,dataset_split/conditions/train/steel_free_space_r0.1_eps4_sig0.001_x1.89_y0.62.in,train
pvc,free_space,0.05,20,0.02,2.54,0.53,pvc_free_space_r0.05_eps20_sig0.02_x2.54_y0.53,pvc_free_space,S_eps20_sig0.02,0.47,D2_medium,R2_medium_small,hard_weak_pvc,pvc_free_space_r0.05_eps20_sig0.02_y0.53,pvc_free_space|S_eps20_sig0.02|R2_medium_small|D2_medium,True,dataset_split/images/test_id/pvc_free_space_r0.05_eps20_sig0.02_x2.54_y0.53.png,dataset_split/conditions/test_id/pvc_free_space_r0.05_eps20_sig0.02_x2.54_y0.53.in,test_id
steel,free_space,0.1,5,0.05,2.72,0.64,steel_free_space_r0.1_eps5_sig0.05_x2.72_y0.64,steel_free_space,S_eps5_sig0.05,0.36,D2_medium,R4_large,easy_strong_reflection,steel_free_space_r0.1_eps5_sig0.05_y0.64,steel_free_space|S_eps5_sig0.05|R4_large|D2_medium,True,dataset_split/images/stress_test/steel_free_space_r0.1_eps5_sig0.05_x2.72_y0.64.png,dataset_split/conditions/stress_test/steel_free_space_r0.1_eps5_sig0.05_x2.72_y0.64.in,stress_test
pvc,water,0.05,10,0.005,2.91,0.46,pvc_water_r0.05_eps10_sig0.005_x2.91_y0.46,pvc_water,S_eps10_sig0.005,0.54,D2_medium,R2_medium_small,medium_water_filled_pvc,pvc_water_r0.05_eps10_sig0.005_y0.46,pvc_water|S_eps10_sig0.005|R2_medium_small|D2_medium,False,dataset_split/images/val/pvc_water_r0.05_eps10_sig0.005_x2.91_y0.46.png,dataset_split/conditions/val/pvc_water_r0.05_eps10_sig0.005_x2.91_y0.46.in,val
steel,free_space,0.08,4,0.001,1.49,0.66,steel_free_space_r0.08_eps4_sig0.001_x1.49_y0.66,steel_free_space,S_eps4_sig0.001,0.33999999999999997,D2_medium,R3_medium_large,easy_strong_reflection,steel_free_space_r0.08_eps4_sig0.001_y0.66,steel_free_space|S_eps4_sig0.001|R3_medium_large|D2_medium,False,dataset_split/images/train/steel_free_space_r0.08_eps4_sig0.001_x1.49_y0.66.png,dataset_split/conditions/train/steel_free_space_r0.08_eps4_sig0.001_x1.49_y0.66.in,train
steel,free_space,0.03,4,0.001,2.17,0.53,steel_free_space_r0.03_eps4_sig0.001_x2.17_y0.53,steel_free_space,S_eps4_sig0.001,0.47,D2_medium,R1_small,easy_strong_reflection,steel_free_space_r0.03_eps4_sig0.001_y0.53,steel_free_space|S_eps4_sig0.001|R1_small|D2_medium,True,dataset_split/images/train/steel_free_space_r0.03_eps4_sig0.001_x2.17_y0.53.png,dataset_split/conditions/train/steel_free_space_r0.03_eps4_sig0.001_x2.17_y0.53.in,train
steel,free_space,0.08,20,0.02,2.4,0.58,steel_free_space_r0.08_eps20_sig0.02_x2.4_y0.58,steel_free_space,S_eps20_sig0.02,0.42000000000000004,D2_medium,R3_medium_large,easy_strong_reflection,steel_free_space_r0.08_eps20_sig0.02_y0.58,steel_free_space|S_eps20_sig0.02|R3_medium_large|D2_medium,True,dataset_split/images/train/steel_free_space_r0.08_eps20_sig0.02_x2.4_y0.58.png,dataset_split/conditions/train/steel_free_space_r0.08_eps20_sig0.02_x2.4_y0.58.in,train
steel,free_space,0.03,5,0.05,2.25,0.26,steel_free_space_r0.03_eps5_sig0.05_x2.25_y0.26,steel_free_space,S_eps5_sig0.05,0.74,D3_deep,R1_small,easy_strong_reflection,steel_free_space_r0.03_eps5_sig0.05_y0.26,steel_free_space|S_eps5_sig0.05|R1_small|D3_deep,True,dataset_split/images/stress_test/steel_free_space_r0.03_eps5_sig0.05_x2.25_y0.26.png,dataset_split/conditions/stress_test/steel_free_space_r0.03_eps5_sig0.05_x2.25_y0.26.in,stress_test
steel,free_space,0.1,5,0.05,2.0,0.37,steel_free_space_r0.1_eps5_sig0.05_x2.0_y0.37,steel_free_space,S_eps5_sig0.05,0.63,D3_deep,R4_large,easy_strong_reflection,steel_free_space_r0.1_eps5_sig0.05_y0.37,steel_free_space|S_eps5_sig0.05|R4_large|D3_deep,True,dataset_split/images/stress_test/steel_free_space_r0.1_eps5_sig0.05_x2.0_y0.37.png,dataset_split/conditions/stress_test/steel_free_space_r0.1_eps5_sig0.05_x2.0_y0.37.in,stress_test
steel,free_space,0.08,5,0.05,2.17,0.27,steel_free_space_r0.08_eps5_sig0.05_x2.17_y0.27,steel_free_space,S_eps5_sig0.05,0.73,D3_deep,R3_medium_large,easy_strong_reflection,steel_free_space_r0.08_eps5_sig0.05_y0.27,steel_free_space|S_eps5_sig0.05|R3_medium_large|D3_deep,True,dataset_split/images/stress_test/steel_free_space_r0.08_eps5_sig0.05_x2.17_y0.27.png,dataset_split/conditions/stress_test/steel_free_space_r0.08_eps5_sig0.05_x2.17_y0.27.in,stress_test
pvc,water,0.1,5,0.05,1.88,0.64,pvc_water_r0.1_eps5_sig0.05_x1.88_y0.64,pvc_water,S_eps5_sig0.05,0.36,D2_medium,R4_large,medium_water_filled_pvc,pvc_water_r0.1_eps5_sig0.05_y0.64,pvc_water|S_eps5_sig0.05|R4_large|D2_medium,True,dataset_split/images/stress_test/pvc_water_r0.1_eps5_sig0.05_x1.88_y0.64.png,dataset_split/conditions/stress_test/pvc_water_r0.1_eps5_sig0.05_x1.88_y0.64.in,stress_test
steel,free_space,0.1,4,0.001,1.74,0.65,steel_free_space_r0.1_eps4_sig0.001_x1.74_y0.65,steel_free_space,S_eps4_sig0.001,0.35,D2_medium,R4_large,easy_strong_reflection,steel_free_space_r0.1_eps4_sig0.001_y0.65,steel_free_space|S_eps4_sig0.001|R4_large|D2_medium,False,dataset_split/images/train/steel_free_space_r0.1_eps4_sig0.001_x1.74_y0.65.png,dataset_split/conditions/train/steel_free_space_r0.1_eps4_sig0.001_x1.74_y0.65.in,train
pvc,free_space,0.1,10,0.005,2.93,0.56,pvc_free_space_r0.1_eps10_sig0.005_x2.93_y0.56,pvc_free_space,S_eps10_sig0.005,0.43999999999999995,D2_medium,R4_large,hard_weak_pvc,pvc_free_space_r0.1_eps10_sig0.005_y0.56,pvc_free_space|S_eps10_sig0.005|R4_large|D2_medium,True,dataset_split/images/train/pvc_free_space_r0.1_eps10_sig0.005_x2.93_y0.56.png,dataset_split/conditions/train/pvc_free_space_r0.1_eps10_sig0.005_x2.93_y0.56.in,train
pvc,water,0.05,5,0.05,2.87,0.28,pvc_water_r0.05_eps5_sig0.05_x2.87_y0.28,pvc_water,S_eps5_sig0.05,0.72,D3_deep,R2_medium_small,medium_water_filled_pvc,pvc_water_r0.05_eps5_sig0.05_y0.28,pvc_water|S_eps5_sig0.05|R2_medium_small|D3_deep,True,dataset_split/images/stress_test/pvc_water_r0.05_eps5_sig0.05_x2.87_y0.28.png,dataset_split/conditions/stress_test/pvc_water_r0.05_eps5_sig0.05_x2.87_y0.28.in,stress_test
steel,free_space,0.1,5,0.05,2.51,0.32,steel_free_space_r0.1_eps5_sig0.05_x2.51_y0.32,steel_free_space,S_eps5_sig0.05,0.6799999999999999,D3_deep,R4_large,easy_strong_reflection,steel_free_space_r0.1_eps5_sig0.05_y0.32,steel_free_space|S_eps5_sig0.05|R4_large|D3_deep,True,dataset_split/images/stress_test/steel_free_space_r0.1_eps5_sig0.05_x2.51_y0.32.png,dataset_split/conditions/stress_test/steel_free_space_r0.1_eps5_sig0.05_x2.51_y0.32.in,stress_test
steel,free_space,0.03,20,0.02,2.43,0.42,steel_free_space_r0.03_eps20_sig0.02_x2.43_y0.42,steel_free_space,S_eps20_sig0.02,0.5800000000000001,D3_deep,R1_small,easy_strong_reflection,steel_free_space_r0.03_eps20_sig0.02_y0.42,steel_free_space|S_eps20_sig0.02|R1_small|D3_deep,True,dataset_split/images/test_id/steel_free_space_r0.03_eps20_sig0.02_x2.43_y0.42.png,dataset_split/conditions/test_id/steel_free_space_r0.03_eps20_sig0.02_x2.43_y0.42.in,test_id
pvc,water,0.08,5,0.05,1.43,0.27,pvc_water_r0.08_eps5_sig0.05_x1.43_y0.27,pvc_water,S_eps5_sig0.05,0.73,D3_deep,R3_medium_large,medium_water_filled_pvc,pvc_water_r0.08_eps5_sig0.05_y0.27,pvc_water|S_eps5_sig0.05|R3_medium_large|D3_deep,True,dataset_split/images/stress_test/pvc_water_r0.08_eps5_sig0.05_x1.43_y0.27.png,dataset_split/conditions/stress_test/pvc_water_r0.08_eps5_sig0.05_x1.43_y0.27.in,stress_test
pvc,water,0.05,5,0.05,2.13,0.52,pvc_water_r0.05_eps5_sig0.05_x2.13_y0.52,pvc_water,S_eps5_sig0.05,0.48,D2_medium,R2_medium_small,medium_water_filled_pvc,pvc_water_r0.05_eps5_sig0.05_y0.52,pvc_water|S_eps5_sig0.05|R2_medium_small|D2_medium,True,dataset_split/images/stress_test/pvc_water_r0.05_eps5_sig0.05_x2.13_y0.52.png,dataset_split/conditions/stress_test/pvc_water_r0.05_eps5_sig0.05_x2.13_y0.52.in,stress_test
steel,free_space,0.1,20,0.02,2.98,0.45,steel_free_space_r0.1_eps20_sig0.02_x2.98_y0.45,steel_free_space,S_eps20_sig0.02,0.55,D2_medium,R4_large,easy_strong_reflection,steel_free_space_r0.1_eps20_sig0.02_y0.45,steel_free_space|S_eps20_sig0.02|R4_large|D2_medium,True,dataset_split/images/test_id/steel_free_space_r0.1_eps20_sig0.02_x2.98_y0.45.png,dataset_split/conditions/test_id/steel_free_space_r0.1_eps20_sig0.02_x2.98_y0.45.in,test_id
pvc,free_space,0.08,5,0.05,2.75,0.75,pvc_free_space_r0.08_eps5_sig0.05_x2.75_y0.75,pvc_free_space,S_eps5_sig0.05,0.25,D1_shallow,R3_medium_large,hard_weak_pvc,pvc_free_space_r0.08_eps5_sig0.05_y0.75,pvc_free_space|S_eps5_sig0.05|R3_medium_large|D1_shallow,True,dataset_split/images/stress_test/pvc_free_space_r0.08_eps5_sig0.05_x2.75_y0.75.png,dataset_split/conditions/stress_test/pvc_free_space_r0.08_eps5_sig0.05_x2.75_y0.75.in,stress_test
pvc,water,0.03,4,0.001,1.89,0.25,pvc_water_r0.03_eps4_sig0.001_x1.89_y0.25,pvc_water,S_eps4_sig0.001,0.75,D3_deep,R1_small,medium_water_filled_pvc,pvc_water_r0.03_eps4_sig0.001_y0.25,pvc_water|S_eps4_sig0.001|R1_small|D3_deep,True,dataset_split/images/train/pvc_water_r0.03_eps4_sig0.001_x1.89_y0.25.png,dataset_split/conditions/train/pvc_water_r0.03_eps4_sig0.001_x1.89_y0.25.in,train
pvc,water,0.08,5,0.05,2.7,0.71,pvc_water_r0.08_eps5_sig0.05_x2.7_y0.71,pvc_water,S_eps5_sig0.05,0.29000000000000004,D1_shallow,R3_medium_large,medium_water_filled_pvc,pvc_water_r0.08_eps5_sig0.05_y0.71,pvc_water|S_eps5_sig0.05|R3_medium_large|D1_shallow,True,dataset_split/images/stress_test/pvc_water_r0.08_eps5_sig0.05_x2.7_y0.71.png,dataset_split/conditions/stress_test/pvc_water_r0.08_eps5_sig0.05_x2.7_y0.71.in,stress_test
pvc,free_space,0.05,20,0.02,2.56,0.25,pvc_free_space_r0.05_eps20_sig0.02_x2.56_y0.25,pvc_free_space,S_eps20_sig0.02,0.75,D3_deep,R2_medium_small,hard_weak_pvc,pvc_free_space_r0.05_eps20_sig0.02_y0.25,pvc_free_space|S_eps20_sig0.02|R2_medium_small|D3_deep,True,dataset_split/images/train/pvc_free_space_r0.05_eps20_sig0.02_x2.56_y0.25.png,dataset_split/conditions/train/pvc_free_space_r0.05_eps20_sig0.02_x2.56_y0.25.in,train
steel,free_space,0.03,10,0.005,1.06,0.52,steel_free_space_r0.03_eps10_sig0.005_x1.06_y0.52,steel_free_space,S_eps10_sig0.005,0.48,D2_medium,R1_small,easy_strong_reflection,steel_free_space_r0.03_eps10_sig0.005_y0.52,steel_free_space|S_eps10_sig0.005|R1_small|D2_medium,True,dataset_split/images/train/steel_free_space_r0.03_eps10_sig0.005_x1.06_y0.52.png,dataset_split/conditions/train/steel_free_space_r0.03_eps10_sig0.005_x1.06_y0.52.in,train
pvc,free_space,0.08,4,0.001,1.03,0.37,pvc_free_space_r0.08_eps4_sig0.001_x1.03_y0.37,pvc_free_space,S_eps4_sig0.001,0.63,D3_deep,R3_medium_large,hard_weak_pvc,pvc_free_space_r0.08_eps4_sig0.001_y0.37,pvc_free_space|S_eps4_sig0.001|R3_medium_large|D3_deep,True,dataset_split/images/val/pvc_free_space_r0.08_eps4_sig0.001_x1.03_y0.37.png,dataset_split/conditions/val/pvc_free_space_r0.08_eps4_sig0.001_x1.03_y0.37.in,val
steel,free_space,0.1,10,0.005,1.36,0.39,steel_free_space_r0.1_eps10_sig0.005_x1.36_y0.39,steel_free_space,S_eps10_sig0.005,0.61,D3_deep,R4_large,easy_strong_reflection,steel_free_space_r0.1_eps10_sig0.005_y0.39,steel_free_space|S_eps10_sig0.005|R4_large|D3_deep,True,dataset_split/images/train/steel_free_space_r0.1_eps10_sig0.005_x1.36_y0.39.png,dataset_split/conditions/train/steel_free_space_r0.1_eps10_sig0.005_x1.36_y0.39.in,train
steel,free_space,0.1,5,0.05,1.03,0.69,steel_free_space_r0.1_eps5_sig0.05_x1.03_y0.69,steel_free_space,S_eps5_sig0.05,0.31000000000000005,D2_medium,R4_large,easy_strong_reflection,steel_free_space_r0.1_eps5_sig0.05_y0.69,steel_free_space|S_eps5_sig0.05|R4_large|D2_medium,True,dataset_split/images/stress_test/steel_free_space_r0.1_eps5_sig0.05_x1.03_y0.69.png,dataset_split/conditions/stress_test/steel_free_space_r0.1_eps5_sig0.05_x1.03_y0.69.in,stress_test
pvc,free_space,0.1,5,0.05,2.4,0.57,pvc_free_space_r0.1_eps5_sig0.05_x2.4_y0.57,pvc_free_space,S_eps5_sig0.05,0.43000000000000005,D2_medium,R4_large,hard_weak_pvc,pvc_free_space_r0.1_eps5_sig0.05_y0.57,pvc_free_space|S_eps5_sig0.05|R4_large|D2_medium,True,dataset_split/images/stress_test/pvc_free_space_r0.1_eps5_sig0.05_x2.4_y0.57.png,dataset_split/conditions/stress_test/pvc_free_space_r0.1_eps5_sig0.05_x2.4_y0.57.in,stress_test
pvc,water,0.08,4,0.001,1.28,0.45,pvc_water_r0.08_eps4_sig0.001_x1.28_y0.45,pvc_water,S_eps4_sig0.001,0.55,D2_medium,R3_medium_large,medium_water_filled_pvc,pvc_water_r0.08_eps4_sig0.001_y0.45,pvc_water|S_eps4_sig0.001|R3_medium_large|D2_medium,False,dataset_split/images/train/pvc_water_r0.08_eps4_sig0.001_x1.28_y0.45.png,dataset_split/conditions/train/pvc_water_r0.08_eps4_sig0.001_x1.28_y0.45.in,train
pvc,free_space,0.1,20,0.02,1.05,0.33,pvc_free_space_r0.1_eps20_sig0.02_x1.05_y0.33,pvc_free_space,S_eps20_sig0.02,0.6699999999999999,D3_deep,R4_large,hard_weak_pvc,pvc_free_space_r0.1_eps20_sig0.02_y0.33,pvc_free_space|S_eps20_sig0.02|R4_large|D3_deep,True,dataset_split/images/val/pvc_free_space_r0.1_eps20_sig0.02_x1.05_y0.33.png,dataset_split/conditions/val/pvc_free_space_r0.1_eps20_sig0.02_x1.05_y0.33.in,val
steel,free_space,0.1,10,0.005,2.0,0.36,steel_free_space_r0.1_eps10_sig0.005_x2.0_y0.36,steel_free_space,S_eps10_sig0.005,0.64,D3_deep,R4_large,easy_strong_reflection,steel_free_space_r0.1_eps10_sig0.005_y0.36,steel_free_space|S_eps10_sig0.005|R4_large|D3_deep,True,dataset_split/images/train/steel_free_space_r0.1_eps10_sig0.005_x2.0_y0.36.png,dataset_split/conditions/train/steel_free_space_r0.1_eps10_sig0.005_x2.0_y0.36.in,train
pvc,free_space,0.03,10,0.005,1.89,0.48,pvc_free_space_r0.03_eps10_sig0.005_x1.89_y0.48,pvc_free_space,S_eps10_sig0.005,0.52,D2_medium,R1_small,hard_weak_pvc,pvc_free_space_r0.03_eps10_sig0.005_y0.48,pvc_free_space|S_eps10_sig0.005|R1_small|D2_medium,True,dataset_split/images/val/pvc_free_space_r0.03_eps10_sig0.005_x1.89_y0.48.png,dataset_split/conditions/val/pvc_free_space_r0.03_eps10_sig0.005_x1.89_y0.48.in,val
pvc,free_space,0.1,10,0.005,1.89,0.56,pvc_free_space_r0.1_eps10_sig0.005_x1.89_y0.56,pvc_free_space,S_eps10_sig0.005,0.43999999999999995,D2_medium,R4_large,hard_weak_pvc,pvc_free_space_r0.1_eps10_sig0.005_y0.56,pvc_free_space|S_eps10_sig0.005|R4_large|D2_medium,True,dataset_split/images/train/pvc_free_space_r0.1_eps10_sig0.005_x1.89_y0.56.png,dataset_split/conditions/train/pvc_free_space_r0.1_eps10_sig0.005_x1.89_y0.56.in,train
pvc,free_space,0.03,20,0.02,1.97,0.47,pvc_free_space_r0.03_eps20_sig0.02_x1.97_y0.47,pvc_free_space,S_eps20_sig0.02,0.53,D2_medium,R1_small,hard_weak_pvc,pvc_free_space_r0.03_eps20_sig0.02_y0.47,pvc_free_space|S_eps20_sig0.02|R1_small|D2_medium,True,dataset_split/images/test_id/pvc_free_space_r0.03_eps20_sig0.02_x1.97_y0.47.png,dataset_split/conditions/test_id/pvc_free_space_r0.03_eps20_sig0.02_x1.97_y0.47.in,test_id
steel,free_space,0.05,5,0.05,1.98,0.28,steel_free_space_r0.05_eps5_sig0.05_x1.98_y0.28,steel_free_space,S_eps5_sig0.05,0.72,D3_deep,R2_medium_small,easy_strong_reflection,steel_free_space_r0.05_eps5_sig0.05_y0.28,steel_free_space|S_eps5_sig0.05|R2_medium_small|D3_deep,True,dataset_split/images/stress_test/steel_free_space_r0.05_eps5_sig0.05_x1.98_y0.28.png,dataset_split/conditions/stress_test/steel_free_space_r0.05_eps5_sig0.05_x1.98_y0.28.in,stress_test
steel,free_space,0.05,20,0.02,2.26,0.39,steel_free_space_r0.05_eps20_sig0.02_x2.26_y0.39,steel_free_space,S_eps20_sig0.02,0.61,D3_deep,R2_medium_small,easy_strong_reflection,steel_free_space_r0.05_eps20_sig0.02_y0.39,steel_free_space|S_eps20_sig0.02|R2_medium_small|D3_deep,True,dataset_split/images/train/steel_free_space_r0.05_eps20_sig0.02_x2.26_y0.39.png,dataset_split/conditions/train/steel_free_space_r0.05_eps20_sig0.02_x2.26_y0.39.in,train
steel,free_space,0.05,10,0.005,2.54,0.43,steel_free_space_r0.05_eps10_sig0.005_x2.54_y0.43,steel_free_space,S_eps10_sig0.005,0.5700000000000001,D3_deep,R2_medium_small,easy_strong_reflection,steel_free_space_r0.05_eps10_sig0.005_y0.43,steel_free_space|S_eps10_sig0.005|R2_medium_small|D3_deep,True,dataset_split/images/train/steel_free_space_r0.05_eps10_sig0.005_x2.54_y0.43.png,dataset_split/conditions/train/steel_free_space_r0.05_eps10_sig0.005_x2.54_y0.43.in,train
steel,free_space,0.05,10,0.005,2.02,0.5,steel_free_space_r0.05_eps10_sig0.005_x2.02_y0.5,steel_free_space,S_eps10_sig0.005,0.5,D2_medium,R2_medium_small,easy_strong_reflection,steel_free_space_r0.05_eps10_sig0.005_y0.5,steel_free_space|S_eps10_sig0.005|R2_medium_small|D2_medium,False,dataset_split/images/val/steel_free_space_r0.05_eps10_sig0.005_x2.02_y0.5.png,dataset_split/conditions/val/steel_free_space_r0.05_eps10_sig0.005_x2.02_y0.5.in,val
pvc,free_space,0.1,5,0.05,1.43,0.59,pvc_free_space_r0.1_eps5_sig0.05_x1.43_y0.59,pvc_free_space,S_eps5_sig0.05,0.41000000000000003,D2_medium,R4_large,hard_weak_pvc,pvc_free_space_r0.1_eps5_sig0.05_y0.59,pvc_free_space|S_eps5_sig0.05|R4_large|D2_medium,True,dataset_split/images/stress_test/pvc_free_space_r0.1_eps5_sig0.05_x1.43_y0.59.png,dataset_split/conditions/stress_test/pvc_free_space_r0.1_eps5_sig0.05_x1.43_y0.59.in,stress_test
steel,free_space,0.1,10,0.005,1.03,0.58,steel_free_space_r0.1_eps10_sig0.005_x1.03_y0.58,steel_free_space,S_eps10_sig0.005,0.42000000000000004,D2_medium,R4_large,easy_strong_reflection,steel_free_space_r0.1_eps10_sig0.005_y0.58,steel_free_space|S_eps10_sig0.005|R4_large|D2_medium,False,dataset_split/images/train/steel_free_space_r0.1_eps10_sig0.005_x1.03_y0.58.png,dataset_split/conditions/train/steel_free_space_r0.1_eps10_sig0.005_x1.03_y0.58.in,train
pvc,water,0.03,20,0.02,1.92,0.64,pvc_water_r0.03_eps20_sig0.02_x1.92_y0.64,pvc_water,S_eps20_sig0.02,0.36,D2_medium,R1_small,medium_water_filled_pvc,pvc_water_r0.03_eps20_sig0.02_y0.64,pvc_water|S_eps20_sig0.02|R1_small|D2_medium,True,dataset_split/images/train/pvc_water_r0.03_eps20_sig0.02_x1.92_y0.64.png,dataset_split/conditions/train/pvc_water_r0.03_eps20_sig0.02_x1.92_y0.64.in,train
steel,free_space,0.1,4,0.001,1.41,0.3,steel_free_space_r0.1_eps4_sig0.001_x1.41_y0.3,steel_free_space,S_eps4_sig0.001,0.7,D3_deep,R4_large,easy_strong_reflection,steel_free_space_r0.1_eps4_sig0.001_y0.3,steel_free_space|S_eps4_sig0.001|R4_large|D3_deep,True,dataset_split/images/train/steel_free_space_r0.1_eps4_sig0.001_x1.41_y0.3.png,dataset_split/conditions/train/steel_free_space_r0.1_eps4_sig0.001_x1.41_y0.3.in,train
steel,free_space,0.08,20,0.02,2.37,0.58,steel_free_space_r0.08_eps20_sig0.02_x2.37_y0.58,steel_free_space,S_eps20_sig0.02,0.42000000000000004,D2_medium,R3_medium_large,easy_strong_reflection,steel_free_space_r0.08_eps20_sig0.02_y0.58,steel_free_space|S_eps20_sig0.02|R3_medium_large|D2_medium,True,dataset_split/images/train/steel_free_space_r0.08_eps20_sig0.02_x2.37_y0.58.png,dataset_split/conditions/train/steel_free_space_r0.08_eps20_sig0.02_x2.37_y0.58.in,train
steel,free_space,0.05,5,0.05,2.76,0.26,steel_free_space_r0.05_eps5_sig0.05_x2.76_y0.26,steel_free_space,S_eps5_sig0.05,0.74,D3_deep,R2_medium_small,easy_strong_reflection,steel_free_space_r0.05_eps5_sig0.05_y0.26,steel_free_space|S_eps5_sig0.05|R2_medium_small|D3_deep,True,dataset_split/images/stress_test/steel_free_space_r0.05_eps5_sig0.05_x2.76_y0.26.png,dataset_split/conditions/stress_test/steel_free_space_r0.05_eps5_sig0.05_x2.76_y0.26.in,stress_test
steel,free_space,0.05,4,0.001,1.84,0.66,steel_free_space_r0.05_eps4_sig0.001_x1.84_y0.66,steel_free_space,S_eps4_sig0.001,0.33999999999999997,D2_medium,R2_medium_small,easy_strong_reflection,steel_free_space_r0.05_eps4_sig0.001_y0.66,steel_free_space|S_eps4_sig0.001|R2_medium_small|D2_medium,False,dataset_split/images/train/steel_free_space_r0.05_eps4_sig0.001_x1.84_y0.66.png,dataset_split/conditions/train/steel_free_space_r0.05_eps4_sig0.001_x1.84_y0.66.in,train
steel,free_space,0.05,10,0.005,1.6,0.38,steel_free_space_r0.05_eps10_sig0.005_x1.6_y0.38,steel_free_space,S_eps10_sig0.005,0.62,D3_deep,R2_medium_small,easy_strong_reflection,steel_free_space_r0.05_eps10_sig0.005_y0.38,steel_free_space|S_eps10_sig0.005|R2_medium_small|D3_deep,True,dataset_split/images/train/steel_free_space_r0.05_eps10_sig0.005_x1.6_y0.38.png,dataset_split/conditions/train/steel_free_space_r0.05_eps10_sig0.005_x1.6_y0.38.in,train
steel,free_space,0.1,20,0.02,2.51,0.36,steel_free_space_r0.1_eps20_sig0.02_x2.51_y0.36,steel_free_space,S_eps20_sig0.02,0.64,D3_deep,R4_large,easy_strong_reflection,steel_free_space_r0.1_eps20_sig0.02_y0.36,steel_free_space|S_eps20_sig0.02|R4_large|D3_deep,True,dataset_split/images/val/steel_free_space_r0.1_eps20_sig0.02_x2.51_y0.36.png,dataset_split/conditions/val/steel_free_space_r0.1_eps20_sig0.02_x2.51_y0.36.in,val
steel,free_space,0.03,20,0.02,1.06,0.79,steel_free_space_r0.03_eps20_sig0.02_x1.06_y0.79,steel_free_space,S_eps20_sig0.02,0.20999999999999996,D1_shallow,R1_small,easy_strong_reflection,steel_free_space_r0.03_eps20_sig0.02_y0.79,steel_free_space|S_eps20_sig0.02|R1_small|D1_shallow,True,dataset_split/images/train/steel_free_space_r0.03_eps20_sig0.02_x1.06_y0.79.png,dataset_split/conditions/train/steel_free_space_r0.03_eps20_sig0.02_x1.06_y0.79.in,train
steel,free_space,0.03,20,0.02,1.49,0.32,steel_free_space_r0.03_eps20_sig0.02_x1.49_y0.32,steel_free_space,S_eps20_sig0.02,0.6799999999999999,D3_deep,R1_small,easy_strong_reflection,steel_free_space_r0.03_eps20_sig0.02_y0.32,steel_free_space|S_eps20_sig0.02|R1_small|D3_deep,True,dataset_split/images/train/steel_free_space_r0.03_eps20_sig0.02_x1.49_y0.32.png,dataset_split/conditions/train/steel_free_space_r0.03_eps20_sig0.02_x1.49_y0.32.in,train
pvc,free_space,0.03,20,0.02,2.97,0.61,pvc_free_space_r0.03_eps20_sig0.02_x2.97_y0.61,pvc_free_space,S_eps20_sig0.02,0.39,D2_medium,R1_small,hard_weak_pvc,pvc_free_space_r0.03_eps20_sig0.02_y0.61,pvc_free_space|S_eps20_sig0.02|R1_small|D2_medium,True,dataset_split/images/train/pvc_free_space_r0.03_eps20_sig0.02_x2.97_y0.61.png,dataset_split/conditions/train/pvc_free_space_r0.03_eps20_sig0.02_x2.97_y0.61.in,train
pvc,free_space,0.08,5,0.05,2.82,0.46,pvc_free_space_r0.08_eps5_sig0.05_x2.82_y0.46,pvc_free_space,S_eps5_sig0.05,0.54,D2_medium,R3_medium_large,hard_weak_pvc,pvc_free_space_r0.08_eps5_sig0.05_y0.46,pvc_free_space|S_eps5_sig0.05|R3_medium_large|D2_medium,True,dataset_split/images/stress_test/pvc_free_space_r0.08_eps5_sig0.05_x2.82_y0.46.png,dataset_split/conditions/stress_test/pvc_free_space_r0.08_eps5_sig0.05_x2.82_y0.46.in,stress_test
pvc,water,0.1,4,0.001,1.31,0.29,pvc_water_r0.1_eps4_sig0.001_x1.31_y0.29,pvc_water,S_eps4_sig0.001,0.71,D3_deep,R4_large,medium_water_filled_pvc,pvc_water_r0.1_eps4_sig0.001_y0.29,pvc_water|S_eps4_sig0.001|R4_large|D3_deep,True,dataset_split/images/train/pvc_water_r0.1_eps4_sig0.001_x1.31_y0.29.png,dataset_split/conditions/train/pvc_water_r0.1_eps4_sig0.001_x1.31_y0.29.in,train
steel,free_space,0.08,10,0.005,1.63,0.67,steel_free_space_r0.08_eps10_sig0.005_x1.63_y0.67,steel_free_space,S_eps10_sig0.005,0.32999999999999996,D2_medium,R3_medium_large,easy_strong_reflection,steel_free_space_r0.08_eps10_sig0.005_y0.67,steel_free_space|S_eps10_sig0.005|R3_medium_large|D2_medium,False,dataset_split/images/train/steel_free_space_r0.08_eps10_sig0.005_x1.63_y0.67.png,dataset_split/conditions/train/steel_free_space_r0.08_eps10_sig0.005_x1.63_y0.67.in,train
pvc,water,0.05,5,0.05,1.19,0.63,pvc_water_r0.05_eps5_sig0.05_x1.19_y0.63,pvc_water,S_eps5_sig0.05,0.37,D2_medium,R2_medium_small,medium_water_filled_pvc,pvc_water_r0.05_eps5_sig0.05_y0.63,pvc_water|S_eps5_sig0.05|R2_medium_small|D2_medium,True,dataset_split/images/stress_test/pvc_water_r0.05_eps5_sig0.05_x1.19_y0.63.png,dataset_split/conditions/stress_test/pvc_water_r0.05_eps5_sig0.05_x1.19_y0.63.in,stress_test
steel,free_space,0.03,20,0.02,2.55,0.77,steel_free_space_r0.03_eps20_sig0.02_x2.55_y0.77,steel_free_space,S_eps20_sig0.02,0.22999999999999998,D1_shallow,R1_small,easy_strong_reflection,steel_free_space_r0.03_eps20_sig0.02_y0.77,steel_free_space|S_eps20_sig0.02|R1_small|D1_shallow,True,dataset_split/images/train/steel_free_space_r0.03_eps20_sig0.02_x2.55_y0.77.png,dataset_split/conditions/train/steel_free_space_r0.03_eps20_sig0.02_x2.55_y0.77.in,train
steel,free_space,0.08,5,0.05,1.3,0.42,steel_free_space_r0.08_eps5_sig0.05_x1.3_y0.42,steel_free_space,S_eps5_sig0.05,0.5800000000000001,D3_deep,R3_medium_large,easy_strong_reflection,steel_free_space_r0.08_eps5_sig0.05_y0.42,steel_free_space|S_eps5_sig0.05|R3_medium_large|D3_deep,True,dataset_split/images/stress_test/steel_free_space_r0.08_eps5_sig0.05_x1.3_y0.42.png,dataset_split/conditions/stress_test/steel_free_space_r0.08_eps5_sig0.05_x1.3_y0.42.in,stress_test
pvc,free_space,0.03,10,0.005,1.57,0.66,pvc_free_space_r0.03_eps10_sig0.005_x1.57_y0.66,pvc_free_space,S_eps10_sig0.005,0.33999999999999997,D2_medium,R1_small,hard_weak_pvc,pvc_free_space_r0.03_eps10_sig0.005_y0.66,pvc_free_space|S_eps10_sig0.005|R1_small|D2_medium,True,dataset_split/images/train/pvc_free_space_r0.03_eps10_sig0.005_x1.57_y0.66.png,dataset_split/conditions/train/pvc_free_space_r0.03_eps10_sig0.005_x1.57_y0.66.in,train
steel,free_space,0.03,10,0.005,2.66,0.44,steel_free_space_r0.03_eps10_sig0.005_x2.66_y0.44,steel_free_space,S_eps10_sig0.005,0.56,D3_deep,R1_small,easy_strong_reflection,steel_free_space_r0.03_eps10_sig0.005_y0.44,steel_free_space|S_eps10_sig0.005|R1_small|D3_deep,True,dataset_split/images/test_id/steel_free_space_r0.03_eps10_sig0.005_x2.66_y0.44.png,dataset_split/conditions/test_id/steel_free_space_r0.03_eps10_sig0.005_x2.66_y0.44.in,test_id
steel,free_space,0.03,4,0.001,2.46,0.75,steel_free_space_r0.03_eps4_sig0.001_x2.46_y0.75,steel_free_space,S_eps4_sig0.001,0.25,D1_shallow,R1_small,easy_strong_reflection,steel_free_space_r0.03_eps4_sig0.001_y0.75,steel_free_space|S_eps4_sig0.001|R1_small|D1_shallow,True,dataset_split/images/train/steel_free_space_r0.03_eps4_sig0.001_x2.46_y0.75.png,dataset_split/conditions/train/steel_free_space_r0.03_eps4_sig0.001_x2.46_y0.75.in,train
steel,free_space,0.08,5,0.05,2.74,0.47,steel_free_space_r0.08_eps5_sig0.05_x2.74_y0.47,steel_free_space,S_eps5_sig0.05,0.53,D2_medium,R3_medium_large,easy_strong_reflection,steel_free_space_r0.08_eps5_sig0.05_y0.47,steel_free_space|S_eps5_sig0.05|R3_medium_large|D2_medium,True,dataset_split/images/stress_test/steel_free_space_r0.08_eps5_sig0.05_x2.74_y0.47.png,dataset_split/conditions/stress_test/steel_free_space_r0.08_eps5_sig0.05_x2.74_y0.47.in,stress_test
steel,free_space,0.1,20,0.02,1.98,0.29,steel_free_space_r0.1_eps20_sig0.02_x1.98_y0.29,steel_free_space,S_eps20_sig0.02,0.71,D3_deep,R4_large,easy_strong_reflection,steel_free_space_r0.1_eps20_sig0.02_y0.29,steel_free_space|S_eps20_sig0.02|R4_large|D3_deep,True,dataset_split/images/test_id/steel_free_space_r0.1_eps20_sig0.02_x1.98_y0.29.png,dataset_split/conditions/test_id/steel_free_space_r0.1_eps20_sig0.02_x1.98_y0.29.in,test_id
pvc,free_space,0.03,20,0.02,2.33,0.51,pvc_free_space_r0.03_eps20_sig0.02_x2.33_y0.51,pvc_free_space,S_eps20_sig0.02,0.49,D2_medium,R1_small,hard_weak_pvc,pvc_free_space_r0.03_eps20_sig0.02_y0.51,pvc_free_space|S_eps20_sig0.02|R1_small|D2_medium,True,dataset_split/images/val/pvc_free_space_r0.03_eps20_sig0.02_x2.33_y0.51.png,dataset_split/conditions/val/pvc_free_space_r0.03_eps20_sig0.02_x2.33_y0.51.in,val
pvc,water,0.05,20,0.02,2.98,0.26,pvc_water_r0.05_eps20_sig0.02_x2.98_y0.26,pvc_water,S_eps20_sig0.02,0.74,D3_deep,R2_medium_small,medium_water_filled_pvc,pvc_water_r0.05_eps20_sig0.02_y0.26,pvc_water|S_eps20_sig0.02|R2_medium_small|D3_deep,True,dataset_split/images/val/pvc_water_r0.05_eps20_sig0.02_x2.98_y0.26.png,dataset_split/conditions/val/pvc_water_r0.05_eps20_sig0.02_x2.98_y0.26.in,val
steel,free_space,0.05,10,0.005,2.45,0.48,steel_free_space_r0.05_eps10_sig0.005_x2.45_y0.48,steel_free_space,S_eps10_sig0.005,0.52,D2_medium,R2_medium_small,easy_strong_reflection,steel_free_space_r0.05_eps10_sig0.005_y0.48,steel_free_space|S_eps10_sig0.005|R2_medium_small|D2_medium,False,dataset_split/images/train/steel_free_space_r0.05_eps10_sig0.005_x2.45_y0.48.png,dataset_split/conditions/train/steel_free_space_r0.05_eps10_sig0.005_x2.45_y0.48.in,train
steel,free_space,0.05,10,0.005,2.08,0.62,steel_free_space_r0.05_eps10_sig0.005_x2.08_y0.62,steel_free_space,S_eps10_sig0.005,0.38,D2_medium,R2_medium_small,easy_strong_reflection,steel_free_space_r0.05_eps10_sig0.005_y0.62,steel_free_space|S_eps10_sig0.005|R2_medium_small|D2_medium,False,dataset_split/images/test_id/steel_free_space_r0.05_eps10_sig0.005_x2.08_y0.62.png,dataset_split/conditions/test_id/steel_free_space_r0.05_eps10_sig0.005_x2.08_y0.62.in,test_id
steel,free_space,0.08,4,0.001,1.71,0.51,steel_free_space_r0.08_eps4_sig0.001_x1.71_y0.51,steel_free_space,S_eps4_sig0.001,0.49,D2_medium,R3_medium_large,easy_strong_reflection,steel_free_space_r0.08_eps4_sig0.001_y0.51,steel_free_space|S_eps4_sig0.001|R3_medium_large|D2_medium,False,dataset_split/images/train/steel_free_space_r0.08_eps4_sig0.001_x1.71_y0.51.png,dataset_split/conditions/train/steel_free_space_r0.08_eps4_sig0.001_x1.71_y0.51.in,train
steel,free_space,0.03,4,0.001,1.14,0.67,steel_free_space_r0.03_eps4_sig0.001_x1.14_y0.67,steel_free_space,S_eps4_sig0.001,0.32999999999999996,D2_medium,R1_small,easy_strong_reflection,steel_free_space_r0.03_eps4_sig0.001_y0.67,steel_free_space|S_eps4_sig0.001|R1_small|D2_medium,True,dataset_split/images/train/steel_free_space_r0.03_eps4_sig0.001_x1.14_y0.67.png,dataset_split/conditions/train/steel_free_space_r0.03_eps4_sig0.001_x1.14_y0.67.in,train
pvc,free_space,0.1,4,0.001,1.85,0.3,pvc_free_space_r0.1_eps4_sig0.001_x1.85_y0.3,pvc_free_space,S_eps4_sig0.001,0.7,D3_deep,R4_large,hard_weak_pvc,pvc_free_space_r0.1_eps4_sig0.001_y0.3,pvc_free_space|S_eps4_sig0.001|R4_large|D3_deep,True,dataset_split/images/val/pvc_free_space_r0.1_eps4_sig0.001_x1.85_y0.3.png,dataset_split/conditions/val/pvc_free_space_r0.1_eps4_sig0.001_x1.85_y0.3.in,val
steel,free_space,0.05,4,0.001,2.41,0.67,steel_free_space_r0.05_eps4_sig0.001_x2.41_y0.67,steel_free_space,S_eps4_sig0.001,0.32999999999999996,D2_medium,R2_medium_small,easy_strong_reflection,steel_free_space_r0.05_eps4_sig0.001_y0.67,steel_free_space|S_eps4_sig0.001|R2_medium_small|D2_medium,False,dataset_split/images/test_id/steel_free_space_r0.05_eps4_sig0.001_x2.41_y0.67.png,dataset_split/conditions/test_id/steel_free_space_r0.05_eps4_sig0.001_x2.41_y0.67.in,test_id
steel,free_space,0.03,4,0.001,1.16,0.44,steel_free_space_r0.03_eps4_sig0.001_x1.16_y0.44,steel_free_space,S_eps4_sig0.001,0.56,D3_deep,R1_small,easy_strong_reflection,steel_free_space_r0.03_eps4_sig0.001_y0.44,steel_free_space|S_eps4_sig0.001|R1_small|D3_deep,True,dataset_split/images/train/steel_free_space_r0.03_eps4_sig0.001_x1.16_y0.44.png,dataset_split/conditions/train/steel_free_space_r0.03_eps4_sig0.001_x1.16_y0.44.in,train
pvc,water,0.1,4,0.001,2.75,0.56,pvc_water_r0.1_eps4_sig0.001_x2.75_y0.56,pvc_water,S_eps4_sig0.001,0.43999999999999995,D2_medium,R4_large,medium_water_filled_pvc,pvc_water_r0.1_eps4_sig0.001_y0.56,pvc_water|S_eps4_sig0.001|R4_large|D2_medium,False,dataset_split/images/train/pvc_water_r0.1_eps4_sig0.001_x2.75_y0.56.png,dataset_split/conditions/train/pvc_water_r0.1_eps4_sig0.001_x2.75_y0.56.in,train
steel,free_space,0.08,5,0.05,1.68,0.56,steel_free_space_r0.08_eps5_sig0.05_x1.68_y0.56,steel_free_space,S_eps5_sig0.05,0.43999999999999995,D2_medium,R3_medium_large,easy_strong_reflection,steel_free_space_r0.08_eps5_sig0.05_y0.56,steel_free_space|S_eps5_sig0.05|R3_medium_large|D2_medium,True,dataset_split/images/stress_test/steel_free_space_r0.08_eps5_sig0.05_x1.68_y0.56.png,dataset_split/conditions/stress_test/steel_free_space_r0.08_eps5_sig0.05_x1.68_y0.56.in,stress_test
pvc,free_space,0.05,20,0.02,2.78,0.4,pvc_free_space_r0.05_eps20_sig0.02_x2.78_y0.4,pvc_free_space,S_eps20_sig0.02,0.6,D3_deep,R2_medium_small,hard_weak_pvc,pvc_free_space_r0.05_eps20_sig0.02_y0.4,pvc_free_space|S_eps20_sig0.02|R2_medium_small|D3_deep,True,dataset_split/images/val/pvc_free_space_r0.05_eps20_sig0.02_x2.78_y0.4.png,dataset_split/conditions/val/pvc_free_space_r0.05_eps20_sig0.02_x2.78_y0.4.in,val
steel,free_space,0.03,20,0.02,2.13,0.78,steel_free_space_r0.03_eps20_sig0.02_x2.13_y0.78,steel_free_space,S_eps20_sig0.02,0.21999999999999997,D1_shallow,R1_small,easy_strong_reflection,steel_free_space_r0.03_eps20_sig0.02_y0.78,steel_free_space|S_eps20_sig0.02|R1_small|D1_shallow,True,dataset_split/images/train/steel_free_space_r0.03_eps20_sig0.02_x2.13_y0.78.png,dataset_split/conditions/train/steel_free_space_r0.03_eps20_sig0.02_x2.13_y0.78.in,train
pvc,water,0.1,20,0.02,1.09,0.39,pvc_water_r0.1_eps20_sig0.02_x1.09_y0.39,pvc_water,S_eps20_sig0.02,0.61,D3_deep,R4_large,medium_water_filled_pvc,pvc_water_r0.1_eps20_sig0.02_y0.39,pvc_water|S_eps20_sig0.02|R4_large|D3_deep,True,dataset_split/images/train/pvc_water_r0.1_eps20_sig0.02_x1.09_y0.39.png,dataset_split/conditions/train/pvc_water_r0.1_eps20_sig0.02_x1.09_y0.39.in,train
steel,free_space,0.03,10,0.005,1.35,0.48,steel_free_space_r0.03_eps10_sig0.005_x1.35_y0.48,steel_free_space,S_eps10_sig0.005,0.52,D2_medium,R1_small,easy_strong_reflection,steel_free_space_r0.03_eps10_sig0.005_y0.48,steel_free_space|S_eps10_sig0.005|R1_small|D2_medium,True,dataset_split/images/train/steel_free_space_r0.03_eps10_sig0.005_x1.35_y0.48.png,dataset_split/conditions/train/steel_free_space_r0.03_eps10_sig0.005_x1.35_y0.48.in,train
pvc,water,0.08,5,0.05,2.82,0.26,pvc_water_r0.08_eps5_sig0.05_x2.82_y0.26,pvc_water,S_eps5_sig0.05,0.74,D3_deep,R3_medium_large,medium_water_filled_pvc,pvc_water_r0.08_eps5_sig0.05_y0.26,pvc_water|S_eps5_sig0.05|R3_medium_large|D3_deep,True,dataset_split/images/stress_test/pvc_water_r0.08_eps5_sig0.05_x2.82_y0.26.png,dataset_split/conditions/stress_test/pvc_water_r0.08_eps5_sig0.05_x2.82_y0.26.in,stress_test
steel,free_space,0.08,20,0.02,1.5,0.64,steel_free_space_r0.08_eps20_sig0.02_x1.5_y0.64,steel_free_space,S_eps20_sig0.02,0.36,D2_medium,R3_medium_large,easy_strong_reflection,steel_free_space_r0.08_eps20_sig0.02_y0.64,steel_free_space|S_eps20_sig0.02|R3_medium_large|D2_medium,True,dataset_split/images/test_id/steel_free_space_r0.08_eps20_sig0.02_x1.5_y0.64.png,dataset_split/conditions/test_id/steel_free_space_r0.08_eps20_sig0.02_x1.5_y0.64.in,test_id
pvc,water,0.03,20,0.02,2.83,0.62,pvc_water_r0.03_eps20_sig0.02_x2.83_y0.62,pvc_water,S_eps20_sig0.02,0.38,D2_medium,R1_small,medium_water_filled_pvc,pvc_water_r0.03_eps20_sig0.02_y0.62,pvc_water|S_eps20_sig0.02|R1_small|D2_medium,True,dataset_split/images/val/pvc_water_r0.03_eps20_sig0.02_x2.83_y0.62.png,dataset_split/conditions/val/pvc_water_r0.03_eps20_sig0.02_x2.83_y0.62.in,val
pvc,free_space,0.1,5,0.05,1.58,0.43,pvc_free_space_r0.1_eps5_sig0.05_x1.58_y0.43,pvc_free_space,S_eps5_sig0.05,0.5700000000000001,D3_deep,R4_large,hard_weak_pvc,pvc_free_space_r0.1_eps5_sig0.05_y0.43,pvc_free_space|S_eps5_sig0.05|R4_large|D3_deep,True,dataset_split/images/stress_test/pvc_free_space_r0.1_eps5_sig0.05_x1.58_y0.43.png,dataset_split/conditions/stress_test/pvc_free_space_r0.1_eps5_sig0.05_x1.58_y0.43.in,stress_test
steel,free_space,0.1,10,0.005,1.44,0.29,steel_free_space_r0.1_eps10_sig0.005_x1.44_y0.29,steel_free_space,S_eps10_sig0.005,0.71,D3_deep,R4_large,easy_strong_reflection,steel_free_space_r0.1_eps10_sig0.005_y0.29,steel_free_space|S_eps10_sig0.005|R4_large|D3_deep,True,dataset_split/images/test_id/steel_free_space_r0.1_eps10_sig0.005_x1.44_y0.29.png,dataset_split/conditions/test_id/steel_free_space_r0.1_eps10_sig0.005_x1.44_y0.29.in,test_id
pvc,water,0.05,4,0.001,1.15,0.33,pvc_water_r0.05_eps4_sig0.001_x1.15_y0.33,pvc_water,S_eps4_sig0.001,0.6699999999999999,D3_deep,R2_medium_small,medium_water_filled_pvc,pvc_water_r0.05_eps4_sig0.001_y0.33,pvc_water|S_eps4_sig0.001|R2_medium_small|D3_deep,True,dataset_split/images/train/pvc_water_r0.05_eps4_sig0.001_x1.15_y0.33.png,dataset_split/conditions/train/pvc_water_r0.05_eps4_sig0.001_x1.15_y0.33.in,train
pvc,water,0.08,10,0.005,1.46,0.36,pvc_water_r0.08_eps10_sig0.005_x1.46_y0.36,pvc_water,S_eps10_sig0.005,0.64,D3_deep,R3_medium_large,medium_water_filled_pvc,pvc_water_r0.08_eps10_sig0.005_y0.36,pvc_water|S_eps10_sig0.005|R3_medium_large|D3_deep,True,dataset_split/images/train/pvc_water_r0.08_eps10_sig0.005_x1.46_y0.36.png,dataset_split/conditions/train/pvc_water_r0.08_eps10_sig0.005_x1.46_y0.36.in,train
steel,free_space,0.03,4,0.001,2.44,0.49,steel_free_space_r0.03_eps4_sig0.001_x2.44_y0.49,steel_free_space,S_eps4_sig0.001,0.51,D2_medium,R1_small,easy_strong_reflection,steel_free_space_r0.03_eps4_sig0.001_y0.49,steel_free_space|S_eps4_sig0.001|R1_small|D2_medium,True,dataset_split/images/train/steel_free_space_r0.03_eps4_sig0.001_x2.44_y0.49.png,dataset_split/conditions/train/steel_free_space_r0.03_eps4_sig0.001_x2.44_y0.49.in,train
steel,free_space,0.05,4,0.001,2.19,0.52,steel_free_space_r0.05_eps4_sig0.001_x2.19_y0.52,steel_free_space,S_eps4_sig0.001,0.48,D2_medium,R2_medium_small,easy_strong_reflection,steel_free_space_r0.05_eps4_sig0.001_y0.52,steel_free_space|S_eps4_sig0.001|R2_medium_small|D2_medium,False,dataset_split/images/train/steel_free_space_r0.05_eps4_sig0.001_x2.19_y0.52.png,dataset_split/conditions/train/steel_free_space_r0.05_eps4_sig0.001_x2.19_y0.52.in,train
steel,free_space,0.08,5,0.05,2.01,0.75,steel_free_space_r0.08_eps5_sig0.05_x2.01_y0.75,steel_free_space,S_eps5_sig0.05,0.25,D1_shallow,R3_medium_large,easy_strong_reflection,steel_free_space_r0.08_eps5_sig0.05_y0.75,steel_free_space|S_eps5_sig0.05|R3_medium_large|D1_shallow,True,dataset_split/images/stress_test/steel_free_space_r0.08_eps5_sig0.05_x2.01_y0.75.png,dataset_split/conditions/stress_test/steel_free_space_r0.08_eps5_sig0.05_x2.01_y0.75.in,stress_test
pvc,water,0.05,5,0.05,1.89,0.4,pvc_water_r0.05_eps5_sig0.05_x1.89_y0.4,pvc_water,S_eps5_sig0.05,0.6,D3_deep,R2_medium_small,medium_water_filled_pvc,pvc_water_r0.05_eps5_sig0.05_y0.4,pvc_water|S_eps5_sig0.05|R2_medium_small|D3_deep,True,dataset_split/images/stress_test/pvc_water_r0.05_eps5_sig0.05_x1.89_y0.4.png,dataset_split/conditions/stress_test/pvc_water_r0.05_eps5_sig0.05_x1.89_y0.4.in,stress_test
pvc,water,0.08,4,0.001,1.32,0.35,pvc_water_r0.08_eps4_sig0.001_x1.32_y0.35,pvc_water,S_eps4_sig0.001,0.65,D3_deep,R3_medium_large,medium_water_filled_pvc,pvc_water_r0.08_eps4_sig0.001_y0.35,pvc_water|S_eps4_sig0.001|R3_medium_large|D3_deep,True,dataset_split/images/train/pvc_water_r0.08_eps4_sig0.001_x1.32_y0.35.png,dataset_split/conditions/train/pvc_water_r0.08_eps4_sig0.001_x1.32_y0.35.in,train
pvc,free_space,0.08,4,0.001,2.65,0.62,pvc_free_space_r0.08_eps4_sig0.001_x2.65_y0.62,pvc_free_space,S_eps4_sig0.001,0.38,D2_medium,R3_medium_large,hard_weak_pvc,pvc_free_space_r0.08_eps4_sig0.001_y0.62,pvc_free_space|S_eps4_sig0.001|R3_medium_large|D2_medium,True,dataset_split/images/val/pvc_free_space_r0.08_eps4_sig0.001_x2.65_y0.62.png,dataset_split/conditions/val/pvc_free_space_r0.08_eps4_sig0.001_x2.65_y0.62.in,val
steel,free_space,0.08,5,0.05,1.16,0.32,steel_free_space_r0.08_eps5_sig0.05_x1.16_y0.32,steel_free_space,S_eps5_sig0.05,0.6799999999999999,D3_deep,R3_medium_large,easy_strong_reflection,steel_free_space_r0.08_eps5_sig0.05_y0.32,steel_free_space|S_eps5_sig0.05|R3_medium_large|D3_deep,True,dataset_split/images/stress_test/steel_free_space_r0.08_eps5_sig0.05_x1.16_y0.32.png,dataset_split/conditions/stress_test/steel_free_space_r0.08_eps5_sig0.05_x1.16_y0.32.in,stress_test
pvc,free_space,0.08,10,0.005,2.54,0.51,pvc_free_space_r0.08_eps10_sig0.005_x2.54_y0.51,pvc_free_space,S_eps10_sig0.005,0.49,D2_medium,R3_medium_large,hard_weak_pvc,pvc_free_space_r0.08_eps10_sig0.005_y0.51,pvc_free_space|S_eps10_sig0.005|R3_medium_large|D2_medium,True,dataset_split/images/train/pvc_free_space_r0.08_eps10_sig0.005_x2.54_y0.51.png,dataset_split/conditions/train/pvc_free_space_r0.08_eps10_sig0.005_x2.54_y0.51.in,train
pvc,water,0.08,5,0.05,1.12,0.43,pvc_water_r0.08_eps5_sig0.05_x1.12_y0.43,pvc_water,S_eps5_sig0.05,0.5700000000000001,D3_deep,R3_medium_large,medium_water_filled_pvc,pvc_water_r0.08_eps5_sig0.05_y0.43,pvc_water|S_eps5_sig0.05|R3_medium_large|D3_deep,True,dataset_split/images/stress_test/pvc_water_r0.08_eps5_sig0.05_x1.12_y0.43.png,dataset_split/conditions/stress_test/pvc_water_r0.08_eps5_sig0.05_x1.12_y0.43.in,stress_test
pvc,water,0.1,5,0.05,2.26,0.77,pvc_water_r0.1_eps5_sig0.05_x2.26_y0.77,pvc_water,S_eps5_sig0.05,0.22999999999999998,D1_shallow,R4_large,medium_water_filled_pvc,pvc_water_r0.1_eps5_sig0.05_y0.77,pvc_water|S_eps5_sig0.05|R4_large|D1_shallow,True,dataset_split/images/stress_test/pvc_water_r0.1_eps5_sig0.05_x2.26_y0.77.png,dataset_split/conditions/stress_test/pvc_water_r0.1_eps5_sig0.05_x2.26_y0.77.in,stress_test
steel,free_space,0.05,5,0.05,2.88,0.66,steel_free_space_r0.05_eps5_sig0.05_x2.88_y0.66,steel_free_space,S_eps5_sig0.05,0.33999999999999997,D2_medium,R2_medium_small,easy_strong_reflection,steel_free_space_r0.05_eps5_sig0.05_y0.66,steel_free_space|S_eps5_sig0.05|R2_medium_small|D2_medium,True,dataset_split/images/stress_test/steel_free_space_r0.05_eps5_sig0.05_x2.88_y0.66.png,dataset_split/conditions/stress_test/steel_free_space_r0.05_eps5_sig0.05_x2.88_y0.66.in,stress_test
pvc,water,0.08,4,0.001,2.25,0.68,pvc_water_r0.08_eps4_sig0.001_x2.25_y0.68,pvc_water,S_eps4_sig0.001,0.31999999999999995,D2_medium,R3_medium_large,medium_water_filled_pvc,pvc_water_r0.08_eps4_sig0.001_y0.68,pvc_water|S_eps4_sig0.001|R3_medium_large|D2_medium,False,dataset_split/images/val/pvc_water_r0.08_eps4_sig0.001_x2.25_y0.68.png,dataset_split/conditions/val/pvc_water_r0.08_eps4_sig0.001_x2.25_y0.68.in,val
steel,free_space,0.1,4,0.001,1.09,0.72,steel_free_space_r0.1_eps4_sig0.001_x1.09_y0.72,steel_free_space,S_eps4_sig0.001,0.28,D1_shallow,R4_large,easy_strong_reflection,steel_free_space_r0.1_eps4_sig0.001_y0.72,steel_free_space|S_eps4_sig0.001|R4_large|D1_shallow,False,dataset_split/images/test_id/steel_free_space_r0.1_eps4_sig0.001_x1.09_y0.72.png,dataset_split/conditions/test_id/steel_free_space_r0.1_eps4_sig0.001_x1.09_y0.72.in,test_id
steel,free_space,0.1,4,0.001,1.83,0.61,steel_free_space_r0.1_eps4_sig0.001_x1.83_y0.61,steel_free_space,S_eps4_sig0.001,0.39,D2_medium,R4_large,easy_strong_reflection,steel_free_space_r0.1_eps4_sig0.001_y0.61,steel_free_space|S_eps4_sig0.001|R4_large|D2_medium,False,dataset_split/images/val/steel_free_space_r0.1_eps4_sig0.001_x1.83_y0.61.png,dataset_split/conditions/val/steel_free_space_r0.1_eps4_sig0.001_x1.83_y0.61.in,val
steel,free_space,0.08,4,0.001,1.59,0.66,steel_free_space_r0.08_eps4_sig0.001_x1.59_y0.66,steel_free_space,S_eps4_sig0.001,0.33999999999999997,D2_medium,R3_medium_large,easy_strong_reflection,steel_free_space_r0.08_eps4_sig0.001_y0.66,steel_free_space|S_eps4_sig0.001|R3_medium_large|D2_medium,False,dataset_split/images/train/steel_free_space_r0.08_eps4_sig0.001_x1.59_y0.66.png,dataset_split/conditions/train/steel_free_space_r0.08_eps4_sig0.001_x1.59_y0.66.in,train
pvc,water,0.1,4,0.001,1.72,0.5,pvc_water_r0.1_eps4_sig0.001_x1.72_y0.5,pvc_water,S_eps4_sig0.001,0.5,D2_medium,R4_large,medium_water_filled_pvc,pvc_water_r0.1_eps4_sig0.001_y0.5,pvc_water|S_eps4_sig0.001|R4_large|D2_medium,False,dataset_split/images/train/pvc_water_r0.1_eps4_sig0.001_x1.72_y0.5.png,dataset_split/conditions/train/pvc_water_r0.1_eps4_sig0.001_x1.72_y0.5.in,train
pvc,water,0.08,5,0.05,1.81,0.38,pvc_water_r0.08_eps5_sig0.05_x1.81_y0.38,pvc_water,S_eps5_sig0.05,0.62,D3_deep,R3_medium_large,medium_water_filled_pvc,pvc_water_r0.08_eps5_sig0.05_y0.38,pvc_water|S_eps5_sig0.05|R3_medium_large|D3_deep,True,dataset_split/images/stress_test/pvc_water_r0.08_eps5_sig0.05_x1.81_y0.38.png,dataset_split/conditions/stress_test/pvc_water_r0.08_eps5_sig0.05_x1.81_y0.38.in,stress_test
steel,free_space,0.03,5,0.05,1.41,0.57,steel_free_space_r0.03_eps5_sig0.05_x1.41_y0.57,steel_free_space,S_eps5_sig0.05,0.43000000000000005,D2_medium,R1_small,easy_strong_reflection,steel_free_space_r0.03_eps5_sig0.05_y0.57,steel_free_space|S_eps5_sig0.05|R1_small|D2_medium,True,dataset_split/images/stress_test/steel_free_space_r0.03_eps5_sig0.05_x1.41_y0.57.png,dataset_split/conditions/stress_test/steel_free_space_r0.03_eps5_sig0.05_x1.41_y0.57.in,stress_test
steel,free_space,0.03,5,0.05,1.84,0.39,steel_free_space_r0.03_eps5_sig0.05_x1.84_y0.39,steel_free_space,S_eps5_sig0.05,0.61,D3_deep,R1_small,easy_strong_reflection,steel_free_space_r0.03_eps5_sig0.05_y0.39,steel_free_space|S_eps5_sig0.05|R1_small|D3_deep,True,dataset_split/images/stress_test/steel_free_space_r0.03_eps5_sig0.05_x1.84_y0.39.png,dataset_split/conditions/stress_test/steel_free_space_r0.03_eps5_sig0.05_x1.84_y0.39.in,stress_test
steel,free_space,0.03,20,0.02,1.52,0.68,steel_free_space_r0.03_eps20_sig0.02_x1.52_y0.68,steel_free_space,S_eps20_sig0.02,0.31999999999999995,D2_medium,R1_small,easy_strong_reflection,steel_free_space_r0.03_eps20_sig0.02_y0.68,steel_free_space|S_eps20_sig0.02|R1_small|D2_medium,True,dataset_split/images/train/steel_free_space_r0.03_eps20_sig0.02_x1.52_y0.68.png,dataset_split/conditions/train/steel_free_space_r0.03_eps20_sig0.02_x1.52_y0.68.in,train
steel,free_space,0.08,10,0.005,2.0,0.57,steel_free_space_r0.08_eps10_sig0.005_x2.0_y0.57,steel_free_space,S_eps10_sig0.005,0.43000000000000005,D2_medium,R3_medium_large,easy_strong_reflection,steel_free_space_r0.08_eps10_sig0.005_y0.57,steel_free_space|S_eps10_sig0.005|R3_medium_large|D2_medium,False,dataset_split/images/val/steel_free_space_r0.08_eps10_sig0.005_x2.0_y0.57.png,dataset_split/conditions/val/steel_free_space_r0.08_eps10_sig0.005_x2.0_y0.57.in,val
pvc,free_space,0.05,5,0.05,1.97,0.51,pvc_free_space_r0.05_eps5_sig0.05_x1.97_y0.51,pvc_free_space,S_eps5_sig0.05,0.49,D2_medium,R2_medium_small,hard_weak_pvc,pvc_free_space_r0.05_eps5_sig0.05_y0.51,pvc_free_space|S_eps5_sig0.05|R2_medium_small|D2_medium,True,dataset_split/images/stress_test/pvc_free_space_r0.05_eps5_sig0.05_x1.97_y0.51.png,dataset_split/conditions/stress_test/pvc_free_space_r0.05_eps5_sig0.05_x1.97_y0.51.in,stress_test
steel,free_space,0.1,4,0.001,2.54,0.79,steel_free_space_r0.1_eps4_sig0.001_x2.54_y0.79,steel_free_space,S_eps4_sig0.001,0.20999999999999996,D1_shallow,R4_large,easy_strong_reflection,steel_free_space_r0.1_eps4_sig0.001_y0.79,steel_free_space|S_eps4_sig0.001|R4_large|D1_shallow,False,dataset_split/images/train/steel_free_space_r0.1_eps4_sig0.001_x2.54_y0.79.png,dataset_split/conditions/train/steel_free_space_r0.1_eps4_sig0.001_x2.54_y0.79.in,train
pvc,water,0.03,10,0.005,1.63,0.57,pvc_water_r0.03_eps10_sig0.005_x1.63_y0.57,pvc_water,S_eps10_sig0.005,0.43000000000000005,D2_medium,R1_small,medium_water_filled_pvc,pvc_water_r0.03_eps10_sig0.005_y0.57,pvc_water|S_eps10_sig0.005|R1_small|D2_medium,True,dataset_split/images/train/pvc_water_r0.03_eps10_sig0.005_x1.63_y0.57.png,dataset_split/conditions/train/pvc_water_r0.03_eps10_sig0.005_x1.63_y0.57.in,train
pvc,free_space,0.05,20,0.02,1.23,0.39,pvc_free_space_r0.05_eps20_sig0.02_x1.23_y0.39,pvc_free_space,S_eps20_sig0.02,0.61,D3_deep,R2_medium_small,hard_weak_pvc,pvc_free_space_r0.05_eps20_sig0.02_y0.39,pvc_free_space|S_eps20_sig0.02|R2_medium_small|D3_deep,True,dataset_split/images/test_id/pvc_free_space_r0.05_eps20_sig0.02_x1.23_y0.39.png,dataset_split/conditions/test_id/pvc_free_space_r0.05_eps20_sig0.02_x1.23_y0.39.in,test_id
steel,free_space,0.03,20,0.02,2.7,0.49,steel_free_space_r0.03_eps20_sig0.02_x2.7_y0.49,steel_free_space,S_eps20_sig0.02,0.51,D2_medium,R1_small,easy_strong_reflection,steel_free_space_r0.03_eps20_sig0.02_y0.49,steel_free_space|S_eps20_sig0.02|R1_small|D2_medium,True,dataset_split/images/train/steel_free_space_r0.03_eps20_sig0.02_x2.7_y0.49.png,dataset_split/conditions/train/steel_free_space_r0.03_eps20_sig0.02_x2.7_y0.49.in,train
steel,free_space,0.1,10,0.005,2.17,0.74,steel_free_space_r0.1_eps10_sig0.005_x2.17_y0.74,steel_free_space,S_eps10_sig0.005,0.26,D1_shallow,R4_large,easy_strong_reflection,steel_free_space_r0.1_eps10_sig0.005_y0.74,steel_free_space|S_eps10_sig0.005|R4_large|D1_shallow,False,dataset_split/images/test_id/steel_free_space_r0.1_eps10_sig0.005_x2.17_y0.74.png,dataset_split/conditions/test_id/steel_free_space_r0.1_eps10_sig0.005_x2.17_y0.74.in,test_id
steel,free_space,0.1,5,0.05,1.65,0.6,steel_free_space_r0.1_eps5_sig0.05_x1.65_y0.6,steel_free_space,S_eps5_sig0.05,0.4,D2_medium,R4_large,easy_strong_reflection,steel_free_space_r0.1_eps5_sig0.05_y0.6,steel_free_space|S_eps5_sig0.05|R4_large|D2_medium,True,dataset_split/images/stress_test/steel_free_space_r0.1_eps5_sig0.05_x1.65_y0.6.png,dataset_split/conditions/stress_test/steel_free_space_r0.1_eps5_sig0.05_x1.65_y0.6.in,stress_test
steel,free_space,0.1,20,0.02,2.68,0.65,steel_free_space_r0.1_eps20_sig0.02_x2.68_y0.65,steel_free_space,S_eps20_sig0.02,0.35,D2_medium,R4_large,easy_strong_reflection,steel_free_space_r0.1_eps20_sig0.02_y0.65,steel_free_space|S_eps20_sig0.02|R4_large|D2_medium,True,dataset_split/images/val/steel_free_space_r0.1_eps20_sig0.02_x2.68_y0.65.png,dataset_split/conditions/val/steel_free_space_r0.1_eps20_sig0.02_x2.68_y0.65.in,val
steel,free_space,0.08,4,0.001,1.06,0.42,steel_free_space_r0.08_eps4_sig0.001_x1.06_y0.42,steel_free_space,S_eps4_sig0.001,0.5800000000000001,D3_deep,R3_medium_large,easy_strong_reflection,steel_free_space_r0.08_eps4_sig0.001_y0.42,steel_free_space|S_eps4_sig0.001|R3_medium_large|D3_deep,True,dataset_split/images/train/steel_free_space_r0.08_eps4_sig0.001_x1.06_y0.42.png,dataset_split/conditions/train/steel_free_space_r0.08_eps4_sig0.001_x1.06_y0.42.in,train
steel,free_space,0.08,20,0.02,1.63,0.35,steel_free_space_r0.08_eps20_sig0.02_x1.63_y0.35,steel_free_space,S_eps20_sig0.02,0.65,D3_deep,R3_medium_large,easy_strong_reflection,steel_free_space_r0.08_eps20_sig0.02_y0.35,steel_free_space|S_eps20_sig0.02|R3_medium_large|D3_deep,True,dataset_split/images/train/steel_free_space_r0.08_eps20_sig0.02_x1.63_y0.35.png,dataset_split/conditions/train/steel_free_space_r0.08_eps20_sig0.02_x1.63_y0.35.in,train
pvc,free_space,0.05,20,0.02,2.49,0.38,pvc_free_space_r0.05_eps20_sig0.02_x2.49_y0.38,pvc_free_space,S_eps20_sig0.02,0.62,D3_deep,R2_medium_small,hard_weak_pvc,pvc_free_space_r0.05_eps20_sig0.02_y0.38,pvc_free_space|S_eps20_sig0.02|R2_medium_small|D3_deep,True,dataset_split/images/train/pvc_free_space_r0.05_eps20_sig0.02_x2.49_y0.38.png,dataset_split/conditions/train/pvc_free_space_r0.05_eps20_sig0.02_x2.49_y0.38.in,train
steel,free_space,0.08,4,0.001,2.36,0.67,steel_free_space_r0.08_eps4_sig0.001_x2.36_y0.67,steel_free_space,S_eps4_sig0.001,0.32999999999999996,D2_medium,R3_medium_large,easy_strong_reflection,steel_free_space_r0.08_eps4_sig0.001_y0.67,steel_free_space|S_eps4_sig0.001|R3_medium_large|D2_medium,False,dataset_split/images/train/steel_free_space_r0.08_eps4_sig0.001_x2.36_y0.67.png,dataset_split/conditions/train/steel_free_space_r0.08_eps4_sig0.001_x2.36_y0.67.in,train
steel,free_space,0.08,20,0.02,1.62,0.36,steel_free_space_r0.08_eps20_sig0.02_x1.62_y0.36,steel_free_space,S_eps20_sig0.02,0.64,D3_deep,R3_medium_large,easy_strong_reflection,steel_free_space_r0.08_eps20_sig0.02_y0.36,steel_free_space|S_eps20_sig0.02|R3_medium_large|D3_deep,True,dataset_split/images/train/steel_free_space_r0.08_eps20_sig0.02_x1.62_y0.36.png,dataset_split/conditions/train/steel_free_space_r0.08_eps20_sig0.02_x1.62_y0.36.in,train
pvc,water,0.03,10,0.005,1.5,0.32,pvc_water_r0.03_eps10_sig0.005_x1.5_y0.32,pvc_water,S_eps10_sig0.005,0.6799999999999999,D3_deep,R1_small,medium_water_filled_pvc,pvc_water_r0.03_eps10_sig0.005_y0.32,pvc_water|S_eps10_sig0.005|R1_small|D3_deep,True,dataset_split/images/train/pvc_water_r0.03_eps10_sig0.005_x1.5_y0.32.png,dataset_split/conditions/train/pvc_water_r0.03_eps10_sig0.005_x1.5_y0.32.in,train
steel,free_space,0.1,10,0.005,1.93,0.71,steel_free_space_r0.1_eps10_sig0.005_x1.93_y0.71,steel_free_space,S_eps10_sig0.005,0.29000000000000004,D1_shallow,R4_large,easy_strong_reflection,steel_free_space_r0.1_eps10_sig0.005_y0.71,steel_free_space|S_eps10_sig0.005|R4_large|D1_shallow,False,dataset_split/images/train/steel_free_space_r0.1_eps10_sig0.005_x1.93_y0.71.png,dataset_split/conditions/train/steel_free_space_r0.1_eps10_sig0.005_x1.93_y0.71.in,train
steel,free_space,0.05,4,0.001,1.56,0.61,steel_free_space_r0.05_eps4_sig0.001_x1.56_y0.61,steel_free_space,S_eps4_sig0.001,0.39,D2_medium,R2_medium_small,easy_strong_reflection,steel_free_space_r0.05_eps4_sig0.001_y0.61,steel_free_space|S_eps4_sig0.001|R2_medium_small|D2_medium,False,dataset_split/images/val/steel_free_space_r0.05_eps4_sig0.001_x1.56_y0.61.png,dataset_split/conditions/val/steel_free_space_r0.05_eps4_sig0.001_x1.56_y0.61.in,val
pvc,free_space,0.1,4,0.001,1.05,0.36,pvc_free_space_r0.1_eps4_sig0.001_x1.05_y0.36,pvc_free_space,S_eps4_sig0.001,0.64,D3_deep,R4_large,hard_weak_pvc,pvc_free_space_r0.1_eps4_sig0.001_y0.36,pvc_free_space|S_eps4_sig0.001|R4_large|D3_deep,True,dataset_split/images/train/pvc_free_space_r0.1_eps4_sig0.001_x1.05_y0.36.png,dataset_split/conditions/train/pvc_free_space_r0.1_eps4_sig0.001_x1.05_y0.36.in,train
steel,free_space,0.08,5,0.05,2.99,0.68,steel_free_space_r0.08_eps5_sig0.05_x2.99_y0.68,steel_free_space,S_eps5_sig0.05,0.31999999999999995,D2_medium,R3_medium_large,easy_strong_reflection,steel_free_space_r0.08_eps5_sig0.05_y0.68,steel_free_space|S_eps5_sig0.05|R3_medium_large|D2_medium,True,dataset_split/images/stress_test/steel_free_space_r0.08_eps5_sig0.05_x2.99_y0.68.png,dataset_split/conditions/stress_test/steel_free_space_r0.08_eps5_sig0.05_x2.99_y0.68.in,stress_test
steel,free_space,0.1,5,0.05,2.25,0.42,steel_free_space_r0.1_eps5_sig0.05_x2.25_y0.42,steel_free_space,S_eps5_sig0.05,0.5800000000000001,D3_deep,R4_large,easy_strong_reflection,steel_free_space_r0.1_eps5_sig0.05_y0.42,steel_free_space|S_eps5_sig0.05|R4_large|D3_deep,True,dataset_split/images/stress_test/steel_free_space_r0.1_eps5_sig0.05_x2.25_y0.42.png,dataset_split/conditions/stress_test/steel_free_space_r0.1_eps5_sig0.05_x2.25_y0.42.in,stress_test
pvc,water,0.1,10,0.005,2.08,0.79,pvc_water_r0.1_eps10_sig0.005_x2.08_y0.79,pvc_water,S_eps10_sig0.005,0.20999999999999996,D1_shallow,R4_large,medium_water_filled_pvc,pvc_water_r0.1_eps10_sig0.005_y0.79,pvc_water|S_eps10_sig0.005|R4_large|D1_shallow,False,dataset_split/images/train/pvc_water_r0.1_eps10_sig0.005_x2.08_y0.79.png,dataset_split/conditions/train/pvc_water_r0.1_eps10_sig0.005_x2.08_y0.79.in,train
steel,free_space,0.05,4,0.001,1.07,0.58,steel_free_space_r0.05_eps4_sig0.001_x1.07_y0.58,steel_free_space,S_eps4_sig0.001,0.42000000000000004,D2_medium,R2_medium_small,easy_strong_reflection,steel_free_space_r0.05_eps4_sig0.001_y0.58,steel_free_space|S_eps4_sig0.001|R2_medium_small|D2_medium,False,dataset_split/images/train/steel_free_space_r0.05_eps4_sig0.001_x1.07_y0.58.png,dataset_split/conditions/train/steel_free_space_r0.05_eps4_sig0.001_x1.07_y0.58.in,train
pvc,free_space,0.05,10,0.005,2.31,0.51,pvc_free_space_r0.05_eps10_sig0.005_x2.31_y0.51,pvc_free_space,S_eps10_sig0.005,0.49,D2_medium,R2_medium_small,hard_weak_pvc,pvc_free_space_r0.05_eps10_sig0.005_y0.51,pvc_free_space|S_eps10_sig0.005|R2_medium_small|D2_medium,True,dataset_split/images/train/pvc_free_space_r0.05_eps10_sig0.005_x2.31_y0.51.png,dataset_split/conditions/train/pvc_free_space_r0.05_eps10_sig0.005_x2.31_y0.51.in,train
pvc,free_space,0.1,10,0.005,2.68,0.7,pvc_free_space_r0.1_eps10_sig0.005_x2.68_y0.7,pvc_free_space,S_eps10_sig0.005,0.30000000000000004,D2_medium,R4_large,hard_weak_pvc,pvc_free_space_r0.1_eps10_sig0.005_y0.7,pvc_free_space|S_eps10_sig0.005|R4_large|D2_medium,True,dataset_split/images/test_id/pvc_free_space_r0.1_eps10_sig0.005_x2.68_y0.7.png,dataset_split/conditions/test_id/pvc_free_space_r0.1_eps10_sig0.005_x2.68_y0.7.in,test_id
pvc,water,0.1,20,0.02,2.32,0.44,pvc_water_r0.1_eps20_sig0.02_x2.32_y0.44,pvc_water,S_eps20_sig0.02,0.56,D3_deep,R4_large,medium_water_filled_pvc,pvc_water_r0.1_eps20_sig0.02_y0.44,pvc_water|S_eps20_sig0.02|R4_large|D3_deep,True,dataset_split/images/val/pvc_water_r0.1_eps20_sig0.02_x2.32_y0.44.png,dataset_split/conditions/val/pvc_water_r0.1_eps20_sig0.02_x2.32_y0.44.in,val
steel,free_space,0.1,20,0.02,2.93,0.67,steel_free_space_r0.1_eps20_sig0.02_x2.93_y0.67,steel_free_space,S_eps20_sig0.02,0.32999999999999996,D2_medium,R4_large,easy_strong_reflection,steel_free_space_r0.1_eps20_sig0.02_y0.67,steel_free_space|S_eps20_sig0.02|R4_large|D2_medium,True,dataset_split/images/train/steel_free_space_r0.1_eps20_sig0.02_x2.93_y0.67.png,dataset_split/conditions/train/steel_free_space_r0.1_eps20_sig0.02_x2.93_y0.67.in,train
steel,free_space,0.08,10,0.005,1.41,0.58,steel_free_space_r0.08_eps10_sig0.005_x1.41_y0.58,steel_free_space,S_eps10_sig0.005,0.42000000000000004,D2_medium,R3_medium_large,easy_strong_reflection,steel_free_space_r0.08_eps10_sig0.005_y0.58,steel_free_space|S_eps10_sig0.005|R3_medium_large|D2_medium,False,dataset_split/images/train/steel_free_space_r0.08_eps10_sig0.005_x1.41_y0.58.png,dataset_split/conditions/train/steel_free_space_r0.08_eps10_sig0.005_x1.41_y0.58.in,train
pvc,free_space,0.1,4,0.001,1.22,0.33,pvc_free_space_r0.1_eps4_sig0.001_x1.22_y0.33,pvc_free_space,S_eps4_sig0.001,0.6699999999999999,D3_deep,R4_large,hard_weak_pvc,pvc_free_space_r0.1_eps4_sig0.001_y0.33,pvc_free_space|S_eps4_sig0.001|R4_large|D3_deep,True,dataset_split/images/train/pvc_free_space_r0.1_eps4_sig0.001_x1.22_y0.33.png,dataset_split/conditions/train/pvc_free_space_r0.1_eps4_sig0.001_x1.22_y0.33.in,train
pvc,free_space,0.08,10,0.005,1.86,0.31,pvc_free_space_r0.08_eps10_sig0.005_x1.86_y0.31,pvc_free_space,S_eps10_sig0.005,0.69,D3_deep,R3_medium_large,hard_weak_pvc,pvc_free_space_r0.08_eps10_sig0.005_y0.31,pvc_free_space|S_eps10_sig0.005|R3_medium_large|D3_deep,True,dataset_split/images/train/pvc_free_space_r0.08_eps10_sig0.005_x1.86_y0.31.png,dataset_split/conditions/train/pvc_free_space_r0.08_eps10_sig0.005_x1.86_y0.31.in,train
steel,free_space,0.03,5,0.05,1.54,0.37,steel_free_space_r0.03_eps5_sig0.05_x1.54_y0.37,steel_free_space,S_eps5_sig0.05,0.63,D3_deep,R1_small,easy_strong_reflection,steel_free_space_r0.03_eps5_sig0.05_y0.37,steel_free_space|S_eps5_sig0.05|R1_small|D3_deep,True,dataset_split/images/stress_test/steel_free_space_r0.03_eps5_sig0.05_x1.54_y0.37.png,dataset_split/conditions/stress_test/steel_free_space_r0.03_eps5_sig0.05_x1.54_y0.37.in,stress_test
pvc,water,0.1,20,0.02,2.68,0.43,pvc_water_r0.1_eps20_sig0.02_x2.68_y0.43,pvc_water,S_eps20_sig0.02,0.5700000000000001,D3_deep,R4_large,medium_water_filled_pvc,pvc_water_r0.1_eps20_sig0.02_y0.43,pvc_water|S_eps20_sig0.02|R4_large|D3_deep,True,dataset_split/images/train/pvc_water_r0.1_eps20_sig0.02_x2.68_y0.43.png,dataset_split/conditions/train/pvc_water_r0.1_eps20_sig0.02_x2.68_y0.43.in,train
steel,free_space,0.05,20,0.02,2.03,0.3,steel_free_space_r0.05_eps20_sig0.02_x2.03_y0.3,steel_free_space,S_eps20_sig0.02,0.7,D3_deep,R2_medium_small,easy_strong_reflection,steel_free_space_r0.05_eps20_sig0.02_y0.3,steel_free_space|S_eps20_sig0.02|R2_medium_small|D3_deep,True,dataset_split/images/train/steel_free_space_r0.05_eps20_sig0.02_x2.03_y0.3.png,dataset_split/conditions/train/steel_free_space_r0.05_eps20_sig0.02_x2.03_y0.3.in,train
steel,free_space,0.08,4,0.001,1.94,0.27,steel_free_space_r0.08_eps4_sig0.001_x1.94_y0.27,steel_free_space,S_eps4_sig0.001,0.73,D3_deep,R3_medium_large,easy_strong_reflection,steel_free_space_r0.08_eps4_sig0.001_y0.27,steel_free_space|S_eps4_sig0.001|R3_medium_large|D3_deep,True,dataset_split/images/train/steel_free_space_r0.08_eps4_sig0.001_x1.94_y0.27.png,dataset_split/conditions/train/steel_free_space_r0.08_eps4_sig0.001_x1.94_y0.27.in,train
steel,free_space,0.05,20,0.02,1.26,0.7,steel_free_space_r0.05_eps20_sig0.02_x1.26_y0.7,steel_free_space,S_eps20_sig0.02,0.30000000000000004,D2_medium,R2_medium_small,easy_strong_reflection,steel_free_space_r0.05_eps20_sig0.02_y0.7,steel_free_space|S_eps20_sig0.02|R2_medium_small|D2_medium,True,dataset_split/images/train/steel_free_space_r0.05_eps20_sig0.02_x1.26_y0.7.png,dataset_split/conditions/train/steel_free_space_r0.05_eps20_sig0.02_x1.26_y0.7.in,train
pvc,free_space,0.03,20,0.02,1.43,0.57,pvc_free_space_r0.03_eps20_sig0.02_x1.43_y0.57,pvc_free_space,S_eps20_sig0.02,0.43000000000000005,D2_medium,R1_small,hard_weak_pvc,pvc_free_space_r0.03_eps20_sig0.02_y0.57,pvc_free_space|S_eps20_sig0.02|R1_small|D2_medium,True,dataset_split/images/train/pvc_free_space_r0.03_eps20_sig0.02_x1.43_y0.57.png,dataset_split/conditions/train/pvc_free_space_r0.03_eps20_sig0.02_x1.43_y0.57.in,train
pvc,free_space,0.03,20,0.02,1.2,0.75,pvc_free_space_r0.03_eps20_sig0.02_x1.2_y0.75,pvc_free_space,S_eps20_sig0.02,0.25,D1_shallow,R1_small,hard_weak_pvc,pvc_free_space_r0.03_eps20_sig0.02_y0.75,pvc_free_space|S_eps20_sig0.02|R1_small|D1_shallow,True,dataset_split/images/train/pvc_free_space_r0.03_eps20_sig0.02_x1.2_y0.75.png,dataset_split/conditions/train/pvc_free_space_r0.03_eps20_sig0.02_x1.2_y0.75.in,train
pvc,free_space,0.1,10,0.005,2.58,0.3,pvc_free_space_r0.1_eps10_sig0.005_x2.58_y0.3,pvc_free_space,S_eps10_sig0.005,0.7,D3_deep,R4_large,hard_weak_pvc,pvc_free_space_r0.1_eps10_sig0.005_y0.3,pvc_free_space|S_eps10_sig0.005|R4_large|D3_deep,True,dataset_split/images/train/pvc_free_space_r0.1_eps10_sig0.005_x2.58_y0.3.png,dataset_split/conditions/train/pvc_free_space_r0.1_eps10_sig0.005_x2.58_y0.3.in,train
pvc,free_space,0.1,10,0.005,2.31,0.42,pvc_free_space_r0.1_eps10_sig0.005_x2.31_y0.42,pvc_free_space,S_eps10_sig0.005,0.5800000000000001,D3_deep,R4_large,hard_weak_pvc,pvc_free_space_r0.1_eps10_sig0.005_y0.42,pvc_free_space|S_eps10_sig0.005|R4_large|D3_deep,True,dataset_split/images/test_id/pvc_free_space_r0.1_eps10_sig0.005_x2.31_y0.42.png,dataset_split/conditions/test_id/pvc_free_space_r0.1_eps10_sig0.005_x2.31_y0.42.in,test_id
pvc,water,0.1,5,0.05,2.09,0.62,pvc_water_r0.1_eps5_sig0.05_x2.09_y0.62,pvc_water,S_eps5_sig0.05,0.38,D2_medium,R4_large,medium_water_filled_pvc,pvc_water_r0.1_eps5_sig0.05_y0.62,pvc_water|S_eps5_sig0.05|R4_large|D2_medium,True,dataset_split/images/stress_test/pvc_water_r0.1_eps5_sig0.05_x2.09_y0.62.png,dataset_split/conditions/stress_test/pvc_water_r0.1_eps5_sig0.05_x2.09_y0.62.in,stress_test
steel,free_space,0.05,5,0.05,2.53,0.67,steel_free_space_r0.05_eps5_sig0.05_x2.53_y0.67,steel_free_space,S_eps5_sig0.05,0.32999999999999996,D2_medium,R2_medium_small,easy_strong_reflection,steel_free_space_r0.05_eps5_sig0.05_y0.67,steel_free_space|S_eps5_sig0.05|R2_medium_small|D2_medium,True,dataset_split/images/stress_test/steel_free_space_r0.05_eps5_sig0.05_x2.53_y0.67.png,dataset_split/conditions/stress_test/steel_free_space_r0.05_eps5_sig0.05_x2.53_y0.67.in,stress_test
pvc,free_space,0.08,20,0.02,1.23,0.4,pvc_free_space_r0.08_eps20_sig0.02_x1.23_y0.4,pvc_free_space,S_eps20_sig0.02,0.6,D3_deep,R3_medium_large,hard_weak_pvc,pvc_free_space_r0.08_eps20_sig0.02_y0.4,pvc_free_space|S_eps20_sig0.02|R3_medium_large|D3_deep,True,dataset_split/images/train/pvc_free_space_r0.08_eps20_sig0.02_x1.23_y0.4.png,dataset_split/conditions/train/pvc_free_space_r0.08_eps20_sig0.02_x1.23_y0.4.in,train
steel,free_space,0.05,5,0.05,1.6,0.79,steel_free_space_r0.05_eps5_sig0.05_x1.6_y0.79,steel_free_space,S_eps5_sig0.05,0.20999999999999996,D1_shallow,R2_medium_small,easy_strong_reflection,steel_free_space_r0.05_eps5_sig0.05_y0.79,steel_free_space|S_eps5_sig0.05|R2_medium_small|D1_shallow,True,dataset_split/images/stress_test/steel_free_space_r0.05_eps5_sig0.05_x1.6_y0.79.png,dataset_split/conditions/stress_test/steel_free_space_r0.05_eps5_sig0.05_x1.6_y0.79.in,stress_test
pvc,water,0.08,10,0.005,2.91,0.73,pvc_water_r0.08_eps10_sig0.005_x2.91_y0.73,pvc_water,S_eps10_sig0.005,0.27,D1_shallow,R3_medium_large,medium_water_filled_pvc,pvc_water_r0.08_eps10_sig0.005_y0.73,pvc_water|S_eps10_sig0.005|R3_medium_large|D1_shallow,False,dataset_split/images/train/pvc_water_r0.08_eps10_sig0.005_x2.91_y0.73.png,dataset_split/conditions/train/pvc_water_r0.08_eps10_sig0.005_x2.91_y0.73.in,train
pvc,water,0.1,10,0.005,2.5,0.7,pvc_water_r0.1_eps10_sig0.005_x2.5_y0.7,pvc_water,S_eps10_sig0.005,0.30000000000000004,D2_medium,R4_large,medium_water_filled_pvc,pvc_water_r0.1_eps10_sig0.005_y0.7,pvc_water|S_eps10_sig0.005|R4_large|D2_medium,False,dataset_split/images/val/pvc_water_r0.1_eps10_sig0.005_x2.5_y0.7.png,dataset_split/conditions/val/pvc_water_r0.1_eps10_sig0.005_x2.5_y0.7.in,val
steel,free_space,0.05,10,0.005,1.31,0.58,steel_free_space_r0.05_eps10_sig0.005_x1.31_y0.58,steel_free_space,S_eps10_sig0.005,0.42000000000000004,D2_medium,R2_medium_small,easy_strong_reflection,steel_free_space_r0.05_eps10_sig0.005_y0.58,steel_free_space|S_eps10_sig0.005|R2_medium_small|D2_medium,False,dataset_split/images/train/steel_free_space_r0.05_eps10_sig0.005_x1.31_y0.58.png,dataset_split/conditions/train/steel_free_space_r0.05_eps10_sig0.005_x1.31_y0.58.in,train
steel,free_space,0.03,5,0.05,2.43,0.53,steel_free_space_r0.03_eps5_sig0.05_x2.43_y0.53,steel_free_space,S_eps5_sig0.05,0.47,D2_medium,R1_small,easy_strong_reflection,steel_free_space_r0.03_eps5_sig0.05_y0.53,steel_free_space|S_eps5_sig0.05|R1_small|D2_medium,True,dataset_split/images/stress_test/steel_free_space_r0.03_eps5_sig0.05_x2.43_y0.53.png,dataset_split/conditions/stress_test/steel_free_space_r0.03_eps5_sig0.05_x2.43_y0.53.in,stress_test
pvc,water,0.05,20,0.02,1.04,0.33,pvc_water_r0.05_eps20_sig0.02_x1.04_y0.33,pvc_water,S_eps20_sig0.02,0.6699999999999999,D3_deep,R2_medium_small,medium_water_filled_pvc,pvc_water_r0.05_eps20_sig0.02_y0.33,pvc_water|S_eps20_sig0.02|R2_medium_small|D3_deep,True,dataset_split/images/train/pvc_water_r0.05_eps20_sig0.02_x1.04_y0.33.png,dataset_split/conditions/train/pvc_water_r0.05_eps20_sig0.02_x1.04_y0.33.in,train
steel,free_space,0.08,20,0.02,1.29,0.41,steel_free_space_r0.08_eps20_sig0.02_x1.29_y0.41,steel_free_space,S_eps20_sig0.02,0.5900000000000001,D3_deep,R3_medium_large,easy_strong_reflection,steel_free_space_r0.08_eps20_sig0.02_y0.41,steel_free_space|S_eps20_sig0.02|R3_medium_large|D3_deep,True,dataset_split/images/train/steel_free_space_r0.08_eps20_sig0.02_x1.29_y0.41.png,dataset_split/conditions/train/steel_free_space_r0.08_eps20_sig0.02_x1.29_y0.41.in,train
steel,free_space,0.03,5,0.05,1.65,0.61,steel_free_space_r0.03_eps5_sig0.05_x1.65_y0.61,steel_free_space,S_eps5_sig0.05,0.39,D2_medium,R1_small,easy_strong_reflection,steel_free_space_r0.03_eps5_sig0.05_y0.61,steel_free_space|S_eps5_sig0.05|R1_small|D2_medium,True,dataset_split/images/stress_test/steel_free_space_r0.03_eps5_sig0.05_x1.65_y0.61.png,dataset_split/conditions/stress_test/steel_free_space_r0.03_eps5_sig0.05_x1.65_y0.61.in,stress_test
pvc,free_space,0.03,4,0.001,2.81,0.56,pvc_free_space_r0.03_eps4_sig0.001_x2.81_y0.56,pvc_free_space,S_eps4_sig0.001,0.43999999999999995,D2_medium,R1_small,hard_weak_pvc,pvc_free_space_r0.03_eps4_sig0.001_y0.56,pvc_free_space|S_eps4_sig0.001|R1_small|D2_medium,True,dataset_split/images/test_id/pvc_free_space_r0.03_eps4_sig0.001_x2.81_y0.56.png,dataset_split/conditions/test_id/pvc_free_space_r0.03_eps4_sig0.001_x2.81_y0.56.in,test_id
steel,free_space,0.1,10,0.005,1.53,0.54,steel_free_space_r0.1_eps10_sig0.005_x1.53_y0.54,steel_free_space,S_eps10_sig0.005,0.45999999999999996,D2_medium,R4_large,easy_strong_reflection,steel_free_space_r0.1_eps10_sig0.005_y0.54,steel_free_space|S_eps10_sig0.005|R4_large|D2_medium,False,dataset_split/images/train/steel_free_space_r0.1_eps10_sig0.005_x1.53_y0.54.png,dataset_split/conditions/train/steel_free_space_r0.1_eps10_sig0.005_x1.53_y0.54.in,train
steel,free_space,0.1,20,0.02,2.13,0.54,steel_free_space_r0.1_eps20_sig0.02_x2.13_y0.54,steel_free_space,S_eps20_sig0.02,0.45999999999999996,D2_medium,R4_large,easy_strong_reflection,steel_free_space_r0.1_eps20_sig0.02_y0.54,steel_free_space|S_eps20_sig0.02|R4_large|D2_medium,True,dataset_split/images/train/steel_free_space_r0.1_eps20_sig0.02_x2.13_y0.54.png,dataset_split/conditions/train/steel_free_space_r0.1_eps20_sig0.02_x2.13_y0.54.in,train
steel,free_space,0.1,5,0.05,2.67,0.67,steel_free_space_r0.1_eps5_sig0.05_x2.67_y0.67,steel_free_space,S_eps5_sig0.05,0.32999999999999996,D2_medium,R4_large,easy_strong_reflection,steel_free_space_r0.1_eps5_sig0.05_y0.67,steel_free_space|S_eps5_sig0.05|R4_large|D2_medium,True,dataset_split/images/stress_test/steel_free_space_r0.1_eps5_sig0.05_x2.67_y0.67.png,dataset_split/conditions/stress_test/steel_free_space_r0.1_eps5_sig0.05_x2.67_y0.67.in,stress_test
pvc,free_space,0.05,10,0.005,1.96,0.61,pvc_free_space_r0.05_eps10_sig0.005_x1.96_y0.61,pvc_free_space,S_eps10_sig0.005,0.39,D2_medium,R2_medium_small,hard_weak_pvc,pvc_free_space_r0.05_eps10_sig0.005_y0.61,pvc_free_space|S_eps10_sig0.005|R2_medium_small|D2_medium,True,dataset_split/images/val/pvc_free_space_r0.05_eps10_sig0.005_x1.96_y0.61.png,dataset_split/conditions/val/pvc_free_space_r0.05_eps10_sig0.005_x1.96_y0.61.in,val
steel,free_space,0.1,4,0.001,2.09,0.35,steel_free_space_r0.1_eps4_sig0.001_x2.09_y0.35,steel_free_space,S_eps4_sig0.001,0.65,D3_deep,R4_large,easy_strong_reflection,steel_free_space_r0.1_eps4_sig0.001_y0.35,steel_free_space|S_eps4_sig0.001|R4_large|D3_deep,True,dataset_split/images/train/steel_free_space_r0.1_eps4_sig0.001_x2.09_y0.35.png,dataset_split/conditions/train/steel_free_space_r0.1_eps4_sig0.001_x2.09_y0.35.in,train
pvc,free_space,0.03,5,0.05,2.22,0.73,pvc_free_space_r0.03_eps5_sig0.05_x2.22_y0.73,pvc_free_space,S_eps5_sig0.05,0.27,D1_shallow,R1_small,hard_weak_pvc,pvc_free_space_r0.03_eps5_sig0.05_y0.73,pvc_free_space|S_eps5_sig0.05|R1_small|D1_shallow,True,dataset_split/images/stress_test/pvc_free_space_r0.03_eps5_sig0.05_x2.22_y0.73.png,dataset_split/conditions/stress_test/pvc_free_space_r0.03_eps5_sig0.05_x2.22_y0.73.in,stress_test
pvc,water,0.03,4,0.001,1.85,0.32,pvc_water_r0.03_eps4_sig0.001_x1.85_y0.32,pvc_water,S_eps4_sig0.001,0.6799999999999999,D3_deep,R1_small,medium_water_filled_pvc,pvc_water_r0.03_eps4_sig0.001_y0.32,pvc_water|S_eps4_sig0.001|R1_small|D3_deep,True,dataset_split/images/test_id/pvc_water_r0.03_eps4_sig0.001_x1.85_y0.32.png,dataset_split/conditions/test_id/pvc_water_r0.03_eps4_sig0.001_x1.85_y0.32.in,test_id
steel,free_space,0.03,4,0.001,1.21,0.39,steel_free_space_r0.03_eps4_sig0.001_x1.21_y0.39,steel_free_space,S_eps4_sig0.001,0.61,D3_deep,R1_small,easy_strong_reflection,steel_free_space_r0.03_eps4_sig0.001_y0.39,steel_free_space|S_eps4_sig0.001|R1_small|D3_deep,True,dataset_split/images/train/steel_free_space_r0.03_eps4_sig0.001_x1.21_y0.39.png,dataset_split/conditions/train/steel_free_space_r0.03_eps4_sig0.001_x1.21_y0.39.in,train
pvc,free_space,0.08,10,0.005,1.08,0.27,pvc_free_space_r0.08_eps10_sig0.005_x1.08_y0.27,pvc_free_space,S_eps10_sig0.005,0.73,D3_deep,R3_medium_large,hard_weak_pvc,pvc_free_space_r0.08_eps10_sig0.005_y0.27,pvc_free_space|S_eps10_sig0.005|R3_medium_large|D3_deep,True,dataset_split/images/train/pvc_free_space_r0.08_eps10_sig0.005_x1.08_y0.27.png,dataset_split/conditions/train/pvc_free_space_r0.08_eps10_sig0.005_x1.08_y0.27.in,train
pvc,water,0.03,4,0.001,1.45,0.7,pvc_water_r0.03_eps4_sig0.001_x1.45_y0.7,pvc_water,S_eps4_sig0.001,0.30000000000000004,D2_medium,R1_small,medium_water_filled_pvc,pvc_water_r0.03_eps4_sig0.001_y0.7,pvc_water|S_eps4_sig0.001|R1_small|D2_medium,True,dataset_split/images/train/pvc_water_r0.03_eps4_sig0.001_x1.45_y0.7.png,dataset_split/conditions/train/pvc_water_r0.03_eps4_sig0.001_x1.45_y0.7.in,train
steel,free_space,0.03,5,0.05,1.61,0.3,steel_free_space_r0.03_eps5_sig0.05_x1.61_y0.3,steel_free_space,S_eps5_sig0.05,0.7,D3_deep,R1_small,easy_strong_reflection,steel_free_space_r0.03_eps5_sig0.05_y0.3,steel_free_space|S_eps5_sig0.05|R1_small|D3_deep,True,dataset_split/images/stress_test/steel_free_space_r0.03_eps5_sig0.05_x1.61_y0.3.png,dataset_split/conditions/stress_test/steel_free_space_r0.03_eps5_sig0.05_x1.61_y0.3.in,stress_test
pvc,free_space,0.1,5,0.05,1.78,0.28,pvc_free_space_r0.1_eps5_sig0.05_x1.78_y0.28,pvc_free_space,S_eps5_sig0.05,0.72,D3_deep,R4_large,hard_weak_pvc,pvc_free_space_r0.1_eps5_sig0.05_y0.28,pvc_free_space|S_eps5_sig0.05|R4_large|D3_deep,True,dataset_split/images/stress_test/pvc_free_space_r0.1_eps5_sig0.05_x1.78_y0.28.png,dataset_split/conditions/stress_test/pvc_free_space_r0.1_eps5_sig0.05_x1.78_y0.28.in,stress_test
steel,free_space,0.1,20,0.02,2.69,0.42,steel_free_space_r0.1_eps20_sig0.02_x2.69_y0.42,steel_free_space,S_eps20_sig0.02,0.5800000000000001,D3_deep,R4_large,easy_strong_reflection,steel_free_space_r0.1_eps20_sig0.02_y0.42,steel_free_space|S_eps20_sig0.02|R4_large|D3_deep,True,dataset_split/images/train/steel_free_space_r0.1_eps20_sig0.02_x2.69_y0.42.png,dataset_split/conditions/train/steel_free_space_r0.1_eps20_sig0.02_x2.69_y0.42.in,train
pvc,free_space,0.05,4,0.001,2.09,0.52,pvc_free_space_r0.05_eps4_sig0.001_x2.09_y0.52,pvc_free_space,S_eps4_sig0.001,0.48,D2_medium,R2_medium_small,hard_weak_pvc,pvc_free_space_r0.05_eps4_sig0.001_y0.52,pvc_free_space|S_eps4_sig0.001|R2_medium_small|D2_medium,True,dataset_split/images/train/pvc_free_space_r0.05_eps4_sig0.001_x2.09_y0.52.png,dataset_split/conditions/train/pvc_free_space_r0.05_eps4_sig0.001_x2.09_y0.52.in,train
steel,free_space,0.08,5,0.05,2.46,0.53,steel_free_space_r0.08_eps5_sig0.05_x2.46_y0.53,steel_free_space,S_eps5_sig0.05,0.47,D2_medium,R3_medium_large,easy_strong_reflection,steel_free_space_r0.08_eps5_sig0.05_y0.53,steel_free_space|S_eps5_sig0.05|R3_medium_large|D2_medium,True,dataset_split/images/stress_test/steel_free_space_r0.08_eps5_sig0.05_x2.46_y0.53.png,dataset_split/conditions/stress_test/steel_free_space_r0.08_eps5_sig0.05_x2.46_y0.53.in,stress_test
pvc,water,0.1,5,0.05,1.94,0.72,pvc_water_r0.1_eps5_sig0.05_x1.94_y0.72,pvc_water,S_eps5_sig0.05,0.28,D1_shallow,R4_large,medium_water_filled_pvc,pvc_water_r0.1_eps5_sig0.05_y0.72,pvc_water|S_eps5_sig0.05|R4_large|D1_shallow,True,dataset_split/images/stress_test/pvc_water_r0.1_eps5_sig0.05_x1.94_y0.72.png,dataset_split/conditions/stress_test/pvc_water_r0.1_eps5_sig0.05_x1.94_y0.72.in,stress_test
pvc,free_space,0.08,5,0.05,1.96,0.72,pvc_free_space_r0.08_eps5_sig0.05_x1.96_y0.72,pvc_free_space,S_eps5_sig0.05,0.28,D1_shallow,R3_medium_large,hard_weak_pvc,pvc_free_space_r0.08_eps5_sig0.05_y0.72,pvc_free_space|S_eps5_sig0.05|R3_medium_large|D1_shallow,True,dataset_split/images/stress_test/pvc_free_space_r0.08_eps5_sig0.05_x1.96_y0.72.png,dataset_split/conditions/stress_test/pvc_free_space_r0.08_eps5_sig0.05_x1.96_y0.72.in,stress_test
pvc,water,0.03,10,0.005,2.23,0.73,pvc_water_r0.03_eps10_sig0.005_x2.23_y0.73,pvc_water,S_eps10_sig0.005,0.27,D1_shallow,R1_small,medium_water_filled_pvc,pvc_water_r0.03_eps10_sig0.005_y0.73,pvc_water|S_eps10_sig0.005|R1_small|D1_shallow,True,dataset_split/images/train/pvc_water_r0.03_eps10_sig0.005_x2.23_y0.73.png,dataset_split/conditions/train/pvc_water_r0.03_eps10_sig0.005_x2.23_y0.73.in,train
pvc,free_space,0.05,5,0.05,1.09,0.67,pvc_free_space_r0.05_eps5_sig0.05_x1.09_y0.67,pvc_free_space,S_eps5_sig0.05,0.32999999999999996,D2_medium,R2_medium_small,hard_weak_pvc,pvc_free_space_r0.05_eps5_sig0.05_y0.67,pvc_free_space|S_eps5_sig0.05|R2_medium_small|D2_medium,True,dataset_split/images/stress_test/pvc_free_space_r0.05_eps5_sig0.05_x1.09_y0.67.png,dataset_split/conditions/stress_test/pvc_free_space_r0.05_eps5_sig0.05_x1.09_y0.67.in,stress_test
pvc,water,0.1,20,0.02,2.65,0.77,pvc_water_r0.1_eps20_sig0.02_x2.65_y0.77,pvc_water,S_eps20_sig0.02,0.22999999999999998,D1_shallow,R4_large,medium_water_filled_pvc,pvc_water_r0.1_eps20_sig0.02_y0.77,pvc_water|S_eps20_sig0.02|R4_large|D1_shallow,True,dataset_split/images/train/pvc_water_r0.1_eps20_sig0.02_x2.65_y0.77.png,dataset_split/conditions/train/pvc_water_r0.1_eps20_sig0.02_x2.65_y0.77.in,train
steel,free_space,0.05,4,0.001,1.98,0.33,steel_free_space_r0.05_eps4_sig0.001_x1.98_y0.33,steel_free_space,S_eps4_sig0.001,0.6699999999999999,D3_deep,R2_medium_small,easy_strong_reflection,steel_free_space_r0.05_eps4_sig0.001_y0.33,steel_free_space|S_eps4_sig0.001|R2_medium_small|D3_deep,True,dataset_split/images/train/steel_free_space_r0.05_eps4_sig0.001_x1.98_y0.33.png,dataset_split/conditions/train/steel_free_space_r0.05_eps4_sig0.001_x1.98_y0.33.in,train
pvc,free_space,0.1,4,0.001,2.36,0.73,pvc_free_space_r0.1_eps4_sig0.001_x2.36_y0.73,pvc_free_space,S_eps4_sig0.001,0.27,D1_shallow,R4_large,hard_weak_pvc,pvc_free_space_r0.1_eps4_sig0.001_y0.73,pvc_free_space|S_eps4_sig0.001|R4_large|D1_shallow,True,dataset_split/images/train/pvc_free_space_r0.1_eps4_sig0.001_x2.36_y0.73.png,dataset_split/conditions/train/pvc_free_space_r0.1_eps4_sig0.001_x2.36_y0.73.in,train
pvc,free_space,0.03,10,0.005,2.34,0.74,pvc_free_space_r0.03_eps10_sig0.005_x2.34_y0.74,pvc_free_space,S_eps10_sig0.005,0.26,D1_shallow,R1_small,hard_weak_pvc,pvc_free_space_r0.03_eps10_sig0.005_y0.74,pvc_free_space|S_eps10_sig0.005|R1_small|D1_shallow,True,dataset_split/images/train/pvc_free_space_r0.03_eps10_sig0.005_x2.34_y0.74.png,dataset_split/conditions/train/pvc_free_space_r0.03_eps10_sig0.005_x2.34_y0.74.in,train
pvc,water,0.03,10,0.005,2.92,0.75,pvc_water_r0.03_eps10_sig0.005_x2.92_y0.75,pvc_water,S_eps10_sig0.005,0.25,D1_shallow,R1_small,medium_water_filled_pvc,pvc_water_r0.03_eps10_sig0.005_y0.75,pvc_water|S_eps10_sig0.005|R1_small|D1_shallow,True,dataset_split/images/test_id/pvc_water_r0.03_eps10_sig0.005_x2.92_y0.75.png,dataset_split/conditions/test_id/pvc_water_r0.03_eps10_sig0.005_x2.92_y0.75.in,test_id
pvc,free_space,0.03,4,0.001,2.55,0.29,pvc_free_space_r0.03_eps4_sig0.001_x2.55_y0.29,pvc_free_space,S_eps4_sig0.001,0.71,D3_deep,R1_small,hard_weak_pvc,pvc_free_space_r0.03_eps4_sig0.001_y0.29,pvc_free_space|S_eps4_sig0.001|R1_small|D3_deep,True,dataset_split/images/train/pvc_free_space_r0.03_eps4_sig0.001_x2.55_y0.29.png,dataset_split/conditions/train/pvc_free_space_r0.03_eps4_sig0.001_x2.55_y0.29.in,train
pvc,water,0.05,4,0.001,2.64,0.39,pvc_water_r0.05_eps4_sig0.001_x2.64_y0.39,pvc_water,S_eps4_sig0.001,0.61,D3_deep,R2_medium_small,medium_water_filled_pvc,pvc_water_r0.05_eps4_sig0.001_y0.39,pvc_water|S_eps4_sig0.001|R2_medium_small|D3_deep,True,dataset_split/images/train/pvc_water_r0.05_eps4_sig0.001_x2.64_y0.39.png,dataset_split/conditions/train/pvc_water_r0.05_eps4_sig0.001_x2.64_y0.39.in,train
steel,free_space,0.08,5,0.05,1.74,0.31,steel_free_space_r0.08_eps5_sig0.05_x1.74_y0.31,steel_free_space,S_eps5_sig0.05,0.69,D3_deep,R3_medium_large,easy_strong_reflection,steel_free_space_r0.08_eps5_sig0.05_y0.31,steel_free_space|S_eps5_sig0.05|R3_medium_large|D3_deep,True,dataset_split/images/stress_test/steel_free_space_r0.08_eps5_sig0.05_x1.74_y0.31.png,dataset_split/conditions/stress_test/steel_free_space_r0.08_eps5_sig0.05_x1.74_y0.31.in,stress_test
pvc,free_space,0.08,20,0.02,2.72,0.27,pvc_free_space_r0.08_eps20_sig0.02_x2.72_y0.27,pvc_free_space,S_eps20_sig0.02,0.73,D3_deep,R3_medium_large,hard_weak_pvc,pvc_free_space_r0.08_eps20_sig0.02_y0.27,pvc_free_space|S_eps20_sig0.02|R3_medium_large|D3_deep,True,dataset_split/images/train/pvc_free_space_r0.08_eps20_sig0.02_x2.72_y0.27.png,dataset_split/conditions/train/pvc_free_space_r0.08_eps20_sig0.02_x2.72_y0.27.in,train
pvc,free_space,0.08,4,0.001,2.11,0.75,pvc_free_space_r0.08_eps4_sig0.001_x2.11_y0.75,pvc_free_space,S_eps4_sig0.001,0.25,D1_shallow,R3_medium_large,hard_weak_pvc,pvc_free_space_r0.08_eps4_sig0.001_y0.75,pvc_free_space|S_eps4_sig0.001|R3_medium_large|D1_shallow,True,dataset_split/images/train/pvc_free_space_r0.08_eps4_sig0.001_x2.11_y0.75.png,dataset_split/conditions/train/pvc_free_space_r0.08_eps4_sig0.001_x2.11_y0.75.in,train
pvc,free_space,0.08,20,0.02,2.28,0.58,pvc_free_space_r0.08_eps20_sig0.02_x2.28_y0.58,pvc_free_space,S_eps20_sig0.02,0.42000000000000004,D2_medium,R3_medium_large,hard_weak_pvc,pvc_free_space_r0.08_eps20_sig0.02_y0.58,pvc_free_space|S_eps20_sig0.02|R3_medium_large|D2_medium,True,dataset_split/images/train/pvc_free_space_r0.08_eps20_sig0.02_x2.28_y0.58.png,dataset_split/conditions/train/pvc_free_space_r0.08_eps20_sig0.02_x2.28_y0.58.in,train
steel,free_space,0.1,5,0.05,2.1,0.47,steel_free_space_r0.1_eps5_sig0.05_x2.1_y0.47,steel_free_space,S_eps5_sig0.05,0.53,D2_medium,R4_large,easy_strong_reflection,steel_free_space_r0.1_eps5_sig0.05_y0.47,steel_free_space|S_eps5_sig0.05|R4_large|D2_medium,True,dataset_split/images/stress_test/steel_free_space_r0.1_eps5_sig0.05_x2.1_y0.47.png,dataset_split/conditions/stress_test/steel_free_space_r0.1_eps5_sig0.05_x2.1_y0.47.in,stress_test
pvc,water,0.05,10,0.005,2.89,0.7,pvc_water_r0.05_eps10_sig0.005_x2.89_y0.7,pvc_water,S_eps10_sig0.005,0.30000000000000004,D2_medium,R2_medium_small,medium_water_filled_pvc,pvc_water_r0.05_eps10_sig0.005_y0.7,pvc_water|S_eps10_sig0.005|R2_medium_small|D2_medium,False,dataset_split/images/train/pvc_water_r0.05_eps10_sig0.005_x2.89_y0.7.png,dataset_split/conditions/train/pvc_water_r0.05_eps10_sig0.005_x2.89_y0.7.in,train
steel,free_space,0.03,4,0.001,2.22,0.25,steel_free_space_r0.03_eps4_sig0.001_x2.22_y0.25,steel_free_space,S_eps4_sig0.001,0.75,D3_deep,R1_small,easy_strong_reflection,steel_free_space_r0.03_eps4_sig0.001_y0.25,steel_free_space|S_eps4_sig0.001|R1_small|D3_deep,True,dataset_split/images/train/steel_free_space_r0.03_eps4_sig0.001_x2.22_y0.25.png,dataset_split/conditions/train/steel_free_space_r0.03_eps4_sig0.001_x2.22_y0.25.in,train
steel,free_space,0.1,4,0.001,2.54,0.29,steel_free_space_r0.1_eps4_sig0.001_x2.54_y0.29,steel_free_space,S_eps4_sig0.001,0.71,D3_deep,R4_large,easy_strong_reflection,steel_free_space_r0.1_eps4_sig0.001_y0.29,steel_free_space|S_eps4_sig0.001|R4_large|D3_deep,True,dataset_split/images/val/steel_free_space_r0.1_eps4_sig0.001_x2.54_y0.29.png,dataset_split/conditions/val/steel_free_space_r0.1_eps4_sig0.001_x2.54_y0.29.in,val
pvc,free_space,0.1,10,0.005,2.8,0.49,pvc_free_space_r0.1_eps10_sig0.005_x2.8_y0.49,pvc_free_space,S_eps10_sig0.005,0.51,D2_medium,R4_large,hard_weak_pvc,pvc_free_space_r0.1_eps10_sig0.005_y0.49,pvc_free_space|S_eps10_sig0.005|R4_large|D2_medium,True,dataset_split/images/train/pvc_free_space_r0.1_eps10_sig0.005_x2.8_y0.49.png,dataset_split/conditions/train/pvc_free_space_r0.1_eps10_sig0.005_x2.8_y0.49.in,train
pvc,water,0.1,4,0.001,1.6,0.39,pvc_water_r0.1_eps4_sig0.001_x1.6_y0.39,pvc_water,S_eps4_sig0.001,0.61,D3_deep,R4_large,medium_water_filled_pvc,pvc_water_r0.1_eps4_sig0.001_y0.39,pvc_water|S_eps4_sig0.001|R4_large|D3_deep,True,dataset_split/images/train/pvc_water_r0.1_eps4_sig0.001_x1.6_y0.39.png,dataset_split/conditions/train/pvc_water_r0.1_eps4_sig0.001_x1.6_y0.39.in,train
pvc,free_space,0.08,10,0.005,2.86,0.37,pvc_free_space_r0.08_eps10_sig0.005_x2.86_y0.37,pvc_free_space,S_eps10_sig0.005,0.63,D3_deep,R3_medium_large,hard_weak_pvc,pvc_free_space_r0.08_eps10_sig0.005_y0.37,pvc_free_space|S_eps10_sig0.005|R3_medium_large|D3_deep,True,dataset_split/images/train/pvc_free_space_r0.08_eps10_sig0.005_x2.86_y0.37.png,dataset_split/conditions/train/pvc_free_space_r0.08_eps10_sig0.005_x2.86_y0.37.in,train
pvc,water,0.05,4,0.001,1.78,0.76,pvc_water_r0.05_eps4_sig0.001_x1.78_y0.76,pvc_water,S_eps4_sig0.001,0.24,D1_shallow,R2_medium_small,medium_water_filled_pvc,pvc_water_r0.05_eps4_sig0.001_y0.76,pvc_water|S_eps4_sig0.001|R2_medium_small|D1_shallow,False,dataset_split/images/train/pvc_water_r0.05_eps4_sig0.001_x1.78_y0.76.png,dataset_split/conditions/train/pvc_water_r0.05_eps4_sig0.001_x1.78_y0.76.in,train
steel,free_space,0.05,4,0.001,2.95,0.41,steel_free_space_r0.05_eps4_sig0.001_x2.95_y0.41,steel_free_space,S_eps4_sig0.001,0.5900000000000001,D3_deep,R2_medium_small,easy_strong_reflection,steel_free_space_r0.05_eps4_sig0.001_y0.41,steel_free_space|S_eps4_sig0.001|R2_medium_small|D3_deep,True,dataset_split/images/train/steel_free_space_r0.05_eps4_sig0.001_x2.95_y0.41.png,dataset_split/conditions/train/steel_free_space_r0.05_eps4_sig0.001_x2.95_y0.41.in,train
pvc,water,0.1,20,0.02,2.64,0.56,pvc_water_r0.1_eps20_sig0.02_x2.64_y0.56,pvc_water,S_eps20_sig0.02,0.43999999999999995,D2_medium,R4_large,medium_water_filled_pvc,pvc_water_r0.1_eps20_sig0.02_y0.56,pvc_water|S_eps20_sig0.02|R4_large|D2_medium,True,dataset_split/images/train/pvc_water_r0.1_eps20_sig0.02_x2.64_y0.56.png,dataset_split/conditions/train/pvc_water_r0.1_eps20_sig0.02_x2.64_y0.56.in,train
pvc,free_space,0.1,20,0.02,1.84,0.38,pvc_free_space_r0.1_eps20_sig0.02_x1.84_y0.38,pvc_free_space,S_eps20_sig0.02,0.62,D3_deep,R4_large,hard_weak_pvc,pvc_free_space_r0.1_eps20_sig0.02_y0.38,pvc_free_space|S_eps20_sig0.02|R4_large|D3_deep,True,dataset_split/images/train/pvc_free_space_r0.1_eps20_sig0.02_x1.84_y0.38.png,dataset_split/conditions/train/pvc_free_space_r0.1_eps20_sig0.02_x1.84_y0.38.in,train
steel,free_space,0.1,10,0.005,2.95,0.32,steel_free_space_r0.1_eps10_sig0.005_x2.95_y0.32,steel_free_space,S_eps10_sig0.005,0.6799999999999999,D3_deep,R4_large,easy_strong_reflection,steel_free_space_r0.1_eps10_sig0.005_y0.32,steel_free_space|S_eps10_sig0.005|R4_large|D3_deep,True,dataset_split/images/train/steel_free_space_r0.1_eps10_sig0.005_x2.95_y0.32.png,dataset_split/conditions/train/steel_free_space_r0.1_eps10_sig0.005_x2.95_y0.32.in,train
pvc,free_space,0.08,10,0.005,2.99,0.42,pvc_free_space_r0.08_eps10_sig0.005_x2.99_y0.42,pvc_free_space,S_eps10_sig0.005,0.5800000000000001,D3_deep,R3_medium_large,hard_weak_pvc,pvc_free_space_r0.08_eps10_sig0.005_y0.42,pvc_free_space|S_eps10_sig0.005|R3_medium_large|D3_deep,True,dataset_split/images/train/pvc_free_space_r0.08_eps10_sig0.005_x2.99_y0.42.png,dataset_split/conditions/train/pvc_free_space_r0.08_eps10_sig0.005_x2.99_y0.42.in,train
pvc,water,0.08,4,0.001,2.45,0.61,pvc_water_r0.08_eps4_sig0.001_x2.45_y0.61,pvc_water,S_eps4_sig0.001,0.39,D2_medium,R3_medium_large,medium_water_filled_pvc,pvc_water_r0.08_eps4_sig0.001_y0.61,pvc_water|S_eps4_sig0.001|R3_medium_large|D2_medium,False,dataset_split/images/train/pvc_water_r0.08_eps4_sig0.001_x2.45_y0.61.png,dataset_split/conditions/train/pvc_water_r0.08_eps4_sig0.001_x2.45_y0.61.in,train
steel,free_space,0.05,20,0.02,2.89,0.7,steel_free_space_r0.05_eps20_sig0.02_x2.89_y0.7,steel_free_space,S_eps20_sig0.02,0.30000000000000004,D2_medium,R2_medium_small,easy_strong_reflection,steel_free_space_r0.05_eps20_sig0.02_y0.7,steel_free_space|S_eps20_sig0.02|R2_medium_small|D2_medium,True,dataset_split/images/train/steel_free_space_r0.05_eps20_sig0.02_x2.89_y0.7.png,dataset_split/conditions/train/steel_free_space_r0.05_eps20_sig0.02_x2.89_y0.7.in,train
pvc,free_space,0.03,5,0.05,1.83,0.41,pvc_free_space_r0.03_eps5_sig0.05_x1.83_y0.41,pvc_free_space,S_eps5_sig0.05,0.5900000000000001,D3_deep,R1_small,hard_weak_pvc,pvc_free_space_r0.03_eps5_sig0.05_y0.41,pvc_free_space|S_eps5_sig0.05|R1_small|D3_deep,True,dataset_split/images/stress_test/pvc_free_space_r0.03_eps5_sig0.05_x1.83_y0.41.png,dataset_split/conditions/stress_test/pvc_free_space_r0.03_eps5_sig0.05_x1.83_y0.41.in,stress_test
steel,free_space,0.1,5,0.05,2.92,0.7,steel_free_space_r0.1_eps5_sig0.05_x2.92_y0.7,steel_free_space,S_eps5_sig0.05,0.30000000000000004,D2_medium,R4_large,easy_strong_reflection,steel_free_space_r0.1_eps5_sig0.05_y0.7,steel_free_space|S_eps5_sig0.05|R4_large|D2_medium,True,dataset_split/images/stress_test/steel_free_space_r0.1_eps5_sig0.05_x2.92_y0.7.png,dataset_split/conditions/stress_test/steel_free_space_r0.1_eps5_sig0.05_x2.92_y0.7.in,stress_test
pvc,water,0.08,20,0.02,1.23,0.49,pvc_water_r0.08_eps20_sig0.02_x1.23_y0.49,pvc_water,S_eps20_sig0.02,0.51,D2_medium,R3_medium_large,medium_water_filled_pvc,pvc_water_r0.08_eps20_sig0.02_y0.49,pvc_water|S_eps20_sig0.02|R3_medium_large|D2_medium,True,dataset_split/images/test_id/pvc_water_r0.08_eps20_sig0.02_x1.23_y0.49.png,dataset_split/conditions/test_id/pvc_water_r0.08_eps20_sig0.02_x1.23_y0.49.in,test_id
steel,free_space,0.03,10,0.005,2.99,0.65,steel_free_space_r0.03_eps10_sig0.005_x2.99_y0.65,steel_free_space,S_eps10_sig0.005,0.35,D2_medium,R1_small,easy_strong_reflection,steel_free_space_r0.03_eps10_sig0.005_y0.65,steel_free_space|S_eps10_sig0.005|R1_small|D2_medium,True,dataset_split/images/test_id/steel_free_space_r0.03_eps10_sig0.005_x2.99_y0.65.png,dataset_split/conditions/test_id/steel_free_space_r0.03_eps10_sig0.005_x2.99_y0.65.in,test_id
pvc,water,0.05,5,0.05,1.22,0.3,pvc_water_r0.05_eps5_sig0.05_x1.22_y0.3,pvc_water,S_eps5_sig0.05,0.7,D3_deep,R2_medium_small,medium_water_filled_pvc,pvc_water_r0.05_eps5_sig0.05_y0.3,pvc_water|S_eps5_sig0.05|R2_medium_small|D3_deep,True,dataset_split/images/stress_test/pvc_water_r0.05_eps5_sig0.05_x1.22_y0.3.png,dataset_split/conditions/stress_test/pvc_water_r0.05_eps5_sig0.05_x1.22_y0.3.in,stress_test
steel,free_space,0.1,10,0.005,1.1,0.62,steel_free_space_r0.1_eps10_sig0.005_x1.1_y0.62,steel_free_space,S_eps10_sig0.005,0.38,D2_medium,R4_large,easy_strong_reflection,steel_free_space_r0.1_eps10_sig0.005_y0.62,steel_free_space|S_eps10_sig0.005|R4_large|D2_medium,False,dataset_split/images/val/steel_free_space_r0.1_eps10_sig0.005_x1.1_y0.62.png,dataset_split/conditions/val/steel_free_space_r0.1_eps10_sig0.005_x1.1_y0.62.in,val
pvc,water,0.08,4,0.001,1.56,0.5,pvc_water_r0.08_eps4_sig0.001_x1.56_y0.5,pvc_water,S_eps4_sig0.001,0.5,D2_medium,R3_medium_large,medium_water_filled_pvc,pvc_water_r0.08_eps4_sig0.001_y0.5,pvc_water|S_eps4_sig0.001|R3_medium_large|D2_medium,False,dataset_split/images/train/pvc_water_r0.08_eps4_sig0.001_x1.56_y0.5.png,dataset_split/conditions/train/pvc_water_r0.08_eps4_sig0.001_x1.56_y0.5.in,train
steel,free_space,0.05,5,0.05,2.07,0.36,steel_free_space_r0.05_eps5_sig0.05_x2.07_y0.36,steel_free_space,S_eps5_sig0.05,0.64,D3_deep,R2_medium_small,easy_strong_reflection,steel_free_space_r0.05_eps5_sig0.05_y0.36,steel_free_space|S_eps5_sig0.05|R2_medium_small|D3_deep,True,dataset_split/images/stress_test/steel_free_space_r0.05_eps5_sig0.05_x2.07_y0.36.png,dataset_split/conditions/stress_test/steel_free_space_r0.05_eps5_sig0.05_x2.07_y0.36.in,stress_test
steel,free_space,0.1,4,0.001,1.97,0.35,steel_free_space_r0.1_eps4_sig0.001_x1.97_y0.35,steel_free_space,S_eps4_sig0.001,0.65,D3_deep,R4_large,easy_strong_reflection,steel_free_space_r0.1_eps4_sig0.001_y0.35,steel_free_space|S_eps4_sig0.001|R4_large|D3_deep,True,dataset_split/images/train/steel_free_space_r0.1_eps4_sig0.001_x1.97_y0.35.png,dataset_split/conditions/train/steel_free_space_r0.1_eps4_sig0.001_x1.97_y0.35.in,train
steel,free_space,0.05,20,0.02,2.94,0.47,steel_free_space_r0.05_eps20_sig0.02_x2.94_y0.47,steel_free_space,S_eps20_sig0.02,0.53,D2_medium,R2_medium_small,easy_strong_reflection,steel_free_space_r0.05_eps20_sig0.02_y0.47,steel_free_space|S_eps20_sig0.02|R2_medium_small|D2_medium,True,dataset_split/images/val/steel_free_space_r0.05_eps20_sig0.02_x2.94_y0.47.png,dataset_split/conditions/val/steel_free_space_r0.05_eps20_sig0.02_x2.94_y0.47.in,val
pvc,water,0.08,4,0.001,1.73,0.45,pvc_water_r0.08_eps4_sig0.001_x1.73_y0.45,pvc_water,S_eps4_sig0.001,0.55,D2_medium,R3_medium_large,medium_water_filled_pvc,pvc_water_r0.08_eps4_sig0.001_y0.45,pvc_water|S_eps4_sig0.001|R3_medium_large|D2_medium,False,dataset_split/images/train/pvc_water_r0.08_eps4_sig0.001_x1.73_y0.45.png,dataset_split/conditions/train/pvc_water_r0.08_eps4_sig0.001_x1.73_y0.45.in,train
pvc,water,0.1,20,0.02,2.15,0.69,pvc_water_r0.1_eps20_sig0.02_x2.15_y0.69,pvc_water,S_eps20_sig0.02,0.31000000000000005,D2_medium,R4_large,medium_water_filled_pvc,pvc_water_r0.1_eps20_sig0.02_y0.69,pvc_water|S_eps20_sig0.02|R4_large|D2_medium,True,dataset_split/images/test_id/pvc_water_r0.1_eps20_sig0.02_x2.15_y0.69.png,dataset_split/conditions/test_id/pvc_water_r0.1_eps20_sig0.02_x2.15_y0.69.in,test_id
steel,free_space,0.1,20,0.02,2.51,0.52,steel_free_space_r0.1_eps20_sig0.02_x2.51_y0.52,steel_free_space,S_eps20_sig0.02,0.48,D2_medium,R4_large,easy_strong_reflection,steel_free_space_r0.1_eps20_sig0.02_y0.52,steel_free_space|S_eps20_sig0.02|R4_large|D2_medium,True,dataset_split/images/train/steel_free_space_r0.1_eps20_sig0.02_x2.51_y0.52.png,dataset_split/conditions/train/steel_free_space_r0.1_eps20_sig0.02_x2.51_y0.52.in,train
steel,free_space,0.08,5,0.05,2.46,0.49,steel_free_space_r0.08_eps5_sig0.05_x2.46_y0.49,steel_free_space,S_eps5_sig0.05,0.51,D2_medium,R3_medium_large,easy_strong_reflection,steel_free_space_r0.08_eps5_sig0.05_y0.49,steel_free_space|S_eps5_sig0.05|R3_medium_large|D2_medium,True,dataset_split/images/stress_test/steel_free_space_r0.08_eps5_sig0.05_x2.46_y0.49.png,dataset_split/conditions/stress_test/steel_free_space_r0.08_eps5_sig0.05_x2.46_y0.49.in,stress_test
pvc,free_space,0.1,4,0.001,2.3,0.65,pvc_free_space_r0.1_eps4_sig0.001_x2.3_y0.65,pvc_free_space,S_eps4_sig0.001,0.35,D2_medium,R4_large,hard_weak_pvc,pvc_free_space_r0.1_eps4_sig0.001_y0.65,pvc_free_space|S_eps4_sig0.001|R4_large|D2_medium,True,dataset_split/images/train/pvc_free_space_r0.1_eps4_sig0.001_x2.3_y0.65.png,dataset_split/conditions/train/pvc_free_space_r0.1_eps4_sig0.001_x2.3_y0.65.in,train
steel,free_space,0.05,20,0.02,2.9,0.74,steel_free_space_r0.05_eps20_sig0.02_x2.9_y0.74,steel_free_space,S_eps20_sig0.02,0.26,D1_shallow,R2_medium_small,easy_strong_reflection,steel_free_space_r0.05_eps20_sig0.02_y0.74,steel_free_space|S_eps20_sig0.02|R2_medium_small|D1_shallow,True,dataset_split/images/train/steel_free_space_r0.05_eps20_sig0.02_x2.9_y0.74.png,dataset_split/conditions/train/steel_free_space_r0.05_eps20_sig0.02_x2.9_y0.74.in,train
pvc,free_space,0.1,5,0.05,1.96,0.27,pvc_free_space_r0.1_eps5_sig0.05_x1.96_y0.27,pvc_free_space,S_eps5_sig0.05,0.73,D3_deep,R4_large,hard_weak_pvc,pvc_free_space_r0.1_eps5_sig0.05_y0.27,pvc_free_space|S_eps5_sig0.05|R4_large|D3_deep,True,dataset_split/images/stress_test/pvc_free_space_r0.1_eps5_sig0.05_x1.96_y0.27.png,dataset_split/conditions/stress_test/pvc_free_space_r0.1_eps5_sig0.05_x1.96_y0.27.in,stress_test
pvc,free_space,0.05,20,0.02,2.73,0.54,pvc_free_space_r0.05_eps20_sig0.02_x2.73_y0.54,pvc_free_space,S_eps20_sig0.02,0.45999999999999996,D2_medium,R2_medium_small,hard_weak_pvc,pvc_free_space_r0.05_eps20_sig0.02_y0.54,pvc_free_space|S_eps20_sig0.02|R2_medium_small|D2_medium,True,dataset_split/images/train/pvc_free_space_r0.05_eps20_sig0.02_x2.73_y0.54.png,dataset_split/conditions/train/pvc_free_space_r0.05_eps20_sig0.02_x2.73_y0.54.in,train
pvc,free_space,0.03,20,0.02,2.19,0.58,pvc_free_space_r0.03_eps20_sig0.02_x2.19_y0.58,pvc_free_space,S_eps20_sig0.02,0.42000000000000004,D2_medium,R1_small,hard_weak_pvc,pvc_free_space_r0.03_eps20_sig0.02_y0.58,pvc_free_space|S_eps20_sig0.02|R1_small|D2_medium,True,dataset_split/images/train/pvc_free_space_r0.03_eps20_sig0.02_x2.19_y0.58.png,dataset_split/conditions/train/pvc_free_space_r0.03_eps20_sig0.02_x2.19_y0.58.in,train
steel,free_space,0.05,10,0.005,1.43,0.73,steel_free_space_r0.05_eps10_sig0.005_x1.43_y0.73,steel_free_space,S_eps10_sig0.005,0.27,D1_shallow,R2_medium_small,easy_strong_reflection,steel_free_space_r0.05_eps10_sig0.005_y0.73,steel_free_space|S_eps10_sig0.005|R2_medium_small|D1_shallow,False,dataset_split/images/val/steel_free_space_r0.05_eps10_sig0.005_x1.43_y0.73.png,dataset_split/conditions/val/steel_free_space_r0.05_eps10_sig0.005_x1.43_y0.73.in,val
steel,free_space,0.1,20,0.02,2.13,0.6,steel_free_space_r0.1_eps20_sig0.02_x2.13_y0.6,steel_free_space,S_eps20_sig0.02,0.4,D2_medium,R4_large,easy_strong_reflection,steel_free_space_r0.1_eps20_sig0.02_y0.6,steel_free_space|S_eps20_sig0.02|R4_large|D2_medium,True,dataset_split/images/val/steel_free_space_r0.1_eps20_sig0.02_x2.13_y0.6.png,dataset_split/conditions/val/steel_free_space_r0.1_eps20_sig0.02_x2.13_y0.6.in,val
pvc,water,0.08,10,0.005,1.68,0.45,pvc_water_r0.08_eps10_sig0.005_x1.68_y0.45,pvc_water,S_eps10_sig0.005,0.55,D2_medium,R3_medium_large,medium_water_filled_pvc,pvc_water_r0.08_eps10_sig0.005_y0.45,pvc_water|S_eps10_sig0.005|R3_medium_large|D2_medium,False,dataset_split/images/train/pvc_water_r0.08_eps10_sig0.005_x1.68_y0.45.png,dataset_split/conditions/train/pvc_water_r0.08_eps10_sig0.005_x1.68_y0.45.in,train
pvc,free_space,0.03,5,0.05,1.04,0.64,pvc_free_space_r0.03_eps5_sig0.05_x1.04_y0.64,pvc_free_space,S_eps5_sig0.05,0.36,D2_medium,R1_small,hard_weak_pvc,pvc_free_space_r0.03_eps5_sig0.05_y0.64,pvc_free_space|S_eps5_sig0.05|R1_small|D2_medium,True,dataset_split/images/stress_test/pvc_free_space_r0.03_eps5_sig0.05_x1.04_y0.64.png,dataset_split/conditions/stress_test/pvc_free_space_r0.03_eps5_sig0.05_x1.04_y0.64.in,stress_test
steel,free_space,0.08,4,0.001,1.85,0.71,steel_free_space_r0.08_eps4_sig0.001_x1.85_y0.71,steel_free_space,S_eps4_sig0.001,0.29000000000000004,D1_shallow,R3_medium_large,easy_strong_reflection,steel_free_space_r0.08_eps4_sig0.001_y0.71,steel_free_space|S_eps4_sig0.001|R3_medium_large|D1_shallow,False,dataset_split/images/train/steel_free_space_r0.08_eps4_sig0.001_x1.85_y0.71.png,dataset_split/conditions/train/steel_free_space_r0.08_eps4_sig0.001_x1.85_y0.71.in,train
steel,free_space,0.03,4,0.001,1.82,0.59,steel_free_space_r0.03_eps4_sig0.001_x1.82_y0.59,steel_free_space,S_eps4_sig0.001,0.41000000000000003,D2_medium,R1_small,easy_strong_reflection,steel_free_space_r0.03_eps4_sig0.001_y0.59,steel_free_space|S_eps4_sig0.001|R1_small|D2_medium,True,dataset_split/images/val/steel_free_space_r0.03_eps4_sig0.001_x1.82_y0.59.png,dataset_split/conditions/val/steel_free_space_r0.03_eps4_sig0.001_x1.82_y0.59.in,val
steel,free_space,0.05,5,0.05,1.18,0.41,steel_free_space_r0.05_eps5_sig0.05_x1.18_y0.41,steel_free_space,S_eps5_sig0.05,0.5900000000000001,D3_deep,R2_medium_small,easy_strong_reflection,steel_free_space_r0.05_eps5_sig0.05_y0.41,steel_free_space|S_eps5_sig0.05|R2_medium_small|D3_deep,True,dataset_split/images/stress_test/steel_free_space_r0.05_eps5_sig0.05_x1.18_y0.41.png,dataset_split/conditions/stress_test/steel_free_space_r0.05_eps5_sig0.05_x1.18_y0.41.in,stress_test
steel,free_space,0.1,5,0.05,1.42,0.63,steel_free_space_r0.1_eps5_sig0.05_x1.42_y0.63,steel_free_space,S_eps5_sig0.05,0.37,D2_medium,R4_large,easy_strong_reflection,steel_free_space_r0.1_eps5_sig0.05_y0.63,steel_free_space|S_eps5_sig0.05|R4_large|D2_medium,True,dataset_split/images/stress_test/steel_free_space_r0.1_eps5_sig0.05_x1.42_y0.63.png,dataset_split/conditions/stress_test/steel_free_space_r0.1_eps5_sig0.05_x1.42_y0.63.in,stress_test
steel,free_space,0.05,5,0.05,1.17,0.71,steel_free_space_r0.05_eps5_sig0.05_x1.17_y0.71,steel_free_space,S_eps5_sig0.05,0.29000000000000004,D1_shallow,R2_medium_small,easy_strong_reflection,steel_free_space_r0.05_eps5_sig0.05_y0.71,steel_free_space|S_eps5_sig0.05|R2_medium_small|D1_shallow,True,dataset_split/images/stress_test/steel_free_space_r0.05_eps5_sig0.05_x1.17_y0.71.png,dataset_split/conditions/stress_test/steel_free_space_r0.05_eps5_sig0.05_x1.17_y0.71.in,stress_test
steel,free_space,0.1,20,0.02,1.25,0.3,steel_free_space_r0.1_eps20_sig0.02_x1.25_y0.3,steel_free_space,S_eps20_sig0.02,0.7,D3_deep,R4_large,easy_strong_reflection,steel_free_space_r0.1_eps20_sig0.02_y0.3,steel_free_space|S_eps20_sig0.02|R4_large|D3_deep,True,dataset_split/images/train/steel_free_space_r0.1_eps20_sig0.02_x1.25_y0.3.png,dataset_split/conditions/train/steel_free_space_r0.1_eps20_sig0.02_x1.25_y0.3.in,train
steel,free_space,0.03,4,0.001,1.03,0.78,steel_free_space_r0.03_eps4_sig0.001_x1.03_y0.78,steel_free_space,S_eps4_sig0.001,0.21999999999999997,D1_shallow,R1_small,easy_strong_reflection,steel_free_space_r0.03_eps4_sig0.001_y0.78,steel_free_space|S_eps4_sig0.001|R1_small|D1_shallow,True,dataset_split/images/train/steel_free_space_r0.03_eps4_sig0.001_x1.03_y0.78.png,dataset_split/conditions/train/steel_free_space_r0.03_eps4_sig0.001_x1.03_y0.78.in,train
steel,free_space,0.1,20,0.02,2.98,0.6,steel_free_space_r0.1_eps20_sig0.02_x2.98_y0.6,steel_free_space,S_eps20_sig0.02,0.4,D2_medium,R4_large,easy_strong_reflection,steel_free_space_r0.1_eps20_sig0.02_y0.6,steel_free_space|S_eps20_sig0.02|R4_large|D2_medium,True,dataset_split/images/val/steel_free_space_r0.1_eps20_sig0.02_x2.98_y0.6.png,dataset_split/conditions/val/steel_free_space_r0.1_eps20_sig0.02_x2.98_y0.6.in,val
pvc,free_space,0.03,5,0.05,2.11,0.43,pvc_free_space_r0.03_eps5_sig0.05_x2.11_y0.43,pvc_free_space,S_eps5_sig0.05,0.5700000000000001,D3_deep,R1_small,hard_weak_pvc,pvc_free_space_r0.03_eps5_sig0.05_y0.43,pvc_free_space|S_eps5_sig0.05|R1_small|D3_deep,True,dataset_split/images/stress_test/pvc_free_space_r0.03_eps5_sig0.05_x2.11_y0.43.png,dataset_split/conditions/stress_test/pvc_free_space_r0.03_eps5_sig0.05_x2.11_y0.43.in,stress_test
steel,free_space,0.03,5,0.05,2.93,0.64,steel_free_space_r0.03_eps5_sig0.05_x2.93_y0.64,steel_free_space,S_eps5_sig0.05,0.36,D2_medium,R1_small,easy_strong_reflection,steel_free_space_r0.03_eps5_sig0.05_y0.64,steel_free_space|S_eps5_sig0.05|R1_small|D2_medium,True,dataset_split/images/stress_test/steel_free_space_r0.03_eps5_sig0.05_x2.93_y0.64.png,dataset_split/conditions/stress_test/steel_free_space_r0.03_eps5_sig0.05_x2.93_y0.64.in,stress_test
pvc,water,0.1,5,0.05,1.73,0.53,pvc_water_r0.1_eps5_sig0.05_x1.73_y0.53,pvc_water,S_eps5_sig0.05,0.47,D2_medium,R4_large,medium_water_filled_pvc,pvc_water_r0.1_eps5_sig0.05_y0.53,pvc_water|S_eps5_sig0.05|R4_large|D2_medium,True,dataset_split/images/stress_test/pvc_water_r0.1_eps5_sig0.05_x1.73_y0.53.png,dataset_split/conditions/stress_test/pvc_water_r0.1_eps5_sig0.05_x1.73_y0.53.in,stress_test
steel,free_space,0.03,4,0.001,1.55,0.78,steel_free_space_r0.03_eps4_sig0.001_x1.55_y0.78,steel_free_space,S_eps4_sig0.001,0.21999999999999997,D1_shallow,R1_small,easy_strong_reflection,steel_free_space_r0.03_eps4_sig0.001_y0.78,steel_free_space|S_eps4_sig0.001|R1_small|D1_shallow,True,dataset_split/images/train/steel_free_space_r0.03_eps4_sig0.001_x1.55_y0.78.png,dataset_split/conditions/train/steel_free_space_r0.03_eps4_sig0.001_x1.55_y0.78.in,train
steel,free_space,0.1,5,0.05,2.64,0.78,steel_free_space_r0.1_eps5_sig0.05_x2.64_y0.78,steel_free_space,S_eps5_sig0.05,0.21999999999999997,D1_shallow,R4_large,easy_strong_reflection,steel_free_space_r0.1_eps5_sig0.05_y0.78,steel_free_space|S_eps5_sig0.05|R4_large|D1_shallow,True,dataset_split/images/stress_test/steel_free_space_r0.1_eps5_sig0.05_x2.64_y0.78.png,dataset_split/conditions/stress_test/steel_free_space_r0.1_eps5_sig0.05_x2.64_y0.78.in,stress_test
steel,free_space,0.08,20,0.02,1.32,0.68,steel_free_space_r0.08_eps20_sig0.02_x1.32_y0.68,steel_free_space,S_eps20_sig0.02,0.31999999999999995,D2_medium,R3_medium_large,easy_strong_reflection,steel_free_space_r0.08_eps20_sig0.02_y0.68,steel_free_space|S_eps20_sig0.02|R3_medium_large|D2_medium,True,dataset_split/images/train/steel_free_space_r0.08_eps20_sig0.02_x1.32_y0.68.png,dataset_split/conditions/train/steel_free_space_r0.08_eps20_sig0.02_x1.32_y0.68.in,train
pvc,free_space,0.08,20,0.02,1.0,0.35,pvc_free_space_r0.08_eps20_sig0.02_x1.0_y0.35,pvc_free_space,S_eps20_sig0.02,0.65,D3_deep,R3_medium_large,hard_weak_pvc,pvc_free_space_r0.08_eps20_sig0.02_y0.35,pvc_free_space|S_eps20_sig0.02|R3_medium_large|D3_deep,True,dataset_split/images/val/pvc_free_space_r0.08_eps20_sig0.02_x1.0_y0.35.png,dataset_split/conditions/val/pvc_free_space_r0.08_eps20_sig0.02_x1.0_y0.35.in,val
steel,free_space,0.1,20,0.02,1.74,0.34,steel_free_space_r0.1_eps20_sig0.02_x1.74_y0.34,steel_free_space,S_eps20_sig0.02,0.6599999999999999,D3_deep,R4_large,easy_strong_reflection,steel_free_space_r0.1_eps20_sig0.02_y0.34,steel_free_space|S_eps20_sig0.02|R4_large|D3_deep,True,dataset_split/images/train/steel_free_space_r0.1_eps20_sig0.02_x1.74_y0.34.png,dataset_split/conditions/train/steel_free_space_r0.1_eps20_sig0.02_x1.74_y0.34.in,train
pvc,water,0.08,4,0.001,1.52,0.76,pvc_water_r0.08_eps4_sig0.001_x1.52_y0.76,pvc_water,S_eps4_sig0.001,0.24,D1_shallow,R3_medium_large,medium_water_filled_pvc,pvc_water_r0.08_eps4_sig0.001_y0.76,pvc_water|S_eps4_sig0.001|R3_medium_large|D1_shallow,False,dataset_split/images/train/pvc_water_r0.08_eps4_sig0.001_x1.52_y0.76.png,dataset_split/conditions/train/pvc_water_r0.08_eps4_sig0.001_x1.52_y0.76.in,train
steel,free_space,0.08,20,0.02,1.53,0.79,steel_free_space_r0.08_eps20_sig0.02_x1.53_y0.79,steel_free_space,S_eps20_sig0.02,0.20999999999999996,D1_shallow,R3_medium_large,easy_strong_reflection,steel_free_space_r0.08_eps20_sig0.02_y0.79,steel_free_space|S_eps20_sig0.02|R3_medium_large|D1_shallow,True,dataset_split/images/train/steel_free_space_r0.08_eps20_sig0.02_x1.53_y0.79.png,dataset_split/conditions/train/steel_free_space_r0.08_eps20_sig0.02_x1.53_y0.79.in,train
steel,free_space,0.05,5,0.05,1.76,0.79,steel_free_space_r0.05_eps5_sig0.05_x1.76_y0.79,steel_free_space,S_eps5_sig0.05,0.20999999999999996,D1_shallow,R2_medium_small,easy_strong_reflection,steel_free_space_r0.05_eps5_sig0.05_y0.79,steel_free_space|S_eps5_sig0.05|R2_medium_small|D1_shallow,True,dataset_split/images/stress_test/steel_free_space_r0.05_eps5_sig0.05_x1.76_y0.79.png,dataset_split/conditions/stress_test/steel_free_space_r0.05_eps5_sig0.05_x1.76_y0.79.in,stress_test
steel,free_space,0.05,5,0.05,1.31,0.68,steel_free_space_r0.05_eps5_sig0.05_x1.31_y0.68,steel_free_space,S_eps5_sig0.05,0.31999999999999995,D2_medium,R2_medium_small,easy_strong_reflection,steel_free_space_r0.05_eps5_sig0.05_y0.68,steel_free_space|S_eps5_sig0.05|R2_medium_small|D2_medium,True,dataset_split/images/stress_test/steel_free_space_r0.05_eps5_sig0.05_x1.31_y0.68.png,dataset_split/conditions/stress_test/steel_free_space_r0.05_eps5_sig0.05_x1.31_y0.68.in,stress_test
steel,free_space,0.03,5,0.05,2.5,0.32,steel_free_space_r0.03_eps5_sig0.05_x2.5_y0.32,steel_free_space,S_eps5_sig0.05,0.6799999999999999,D3_deep,R1_small,easy_strong_reflection,steel_free_space_r0.03_eps5_sig0.05_y0.32,steel_free_space|S_eps5_sig0.05|R1_small|D3_deep,True,dataset_split/images/stress_test/steel_free_space_r0.03_eps5_sig0.05_x2.5_y0.32.png,dataset_split/conditions/stress_test/steel_free_space_r0.03_eps5_sig0.05_x2.5_y0.32.in,stress_test
pvc,free_space,0.1,5,0.05,1.57,0.64,pvc_free_space_r0.1_eps5_sig0.05_x1.57_y0.64,pvc_free_space,S_eps5_sig0.05,0.36,D2_medium,R4_large,hard_weak_pvc,pvc_free_space_r0.1_eps5_sig0.05_y0.64,pvc_free_space|S_eps5_sig0.05|R4_large|D2_medium,True,dataset_split/images/stress_test/pvc_free_space_r0.1_eps5_sig0.05_x1.57_y0.64.png,dataset_split/conditions/stress_test/pvc_free_space_r0.1_eps5_sig0.05_x1.57_y0.64.in,stress_test
steel,free_space,0.05,4,0.001,1.17,0.73,steel_free_space_r0.05_eps4_sig0.001_x1.17_y0.73,steel_free_space,S_eps4_sig0.001,0.27,D1_shallow,R2_medium_small,easy_strong_reflection,steel_free_space_r0.05_eps4_sig0.001_y0.73,steel_free_space|S_eps4_sig0.001|R2_medium_small|D1_shallow,False,dataset_split/images/val/steel_free_space_r0.05_eps4_sig0.001_x1.17_y0.73.png,dataset_split/conditions/val/steel_free_space_r0.05_eps4_sig0.001_x1.17_y0.73.in,val
pvc,water,0.08,4,0.001,1.08,0.48,pvc_water_r0.08_eps4_sig0.001_x1.08_y0.48,pvc_water,S_eps4_sig0.001,0.52,D2_medium,R3_medium_large,medium_water_filled_pvc,pvc_water_r0.08_eps4_sig0.001_y0.48,pvc_water|S_eps4_sig0.001|R3_medium_large|D2_medium,False,dataset_split/images/train/pvc_water_r0.08_eps4_sig0.001_x1.08_y0.48.png,dataset_split/conditions/train/pvc_water_r0.08_eps4_sig0.001_x1.08_y0.48.in,train
pvc,free_space,0.08,4,0.001,2.39,0.36,pvc_free_space_r0.08_eps4_sig0.001_x2.39_y0.36,pvc_free_space,S_eps4_sig0.001,0.64,D3_deep,R3_medium_large,hard_weak_pvc,pvc_free_space_r0.08_eps4_sig0.001_y0.36,pvc_free_space|S_eps4_sig0.001|R3_medium_large|D3_deep,True,dataset_split/images/train/pvc_free_space_r0.08_eps4_sig0.001_x2.39_y0.36.png,dataset_split/conditions/train/pvc_free_space_r0.08_eps4_sig0.001_x2.39_y0.36.in,train
pvc,free_space,0.1,5,0.05,2.12,0.48,pvc_free_space_r0.1_eps5_sig0.05_x2.12_y0.48,pvc_free_space,S_eps5_sig0.05,0.52,D2_medium,R4_large,hard_weak_pvc,pvc_free_space_r0.1_eps5_sig0.05_y0.48,pvc_free_space|S_eps5_sig0.05|R4_large|D2_medium,True,dataset_split/images/stress_test/pvc_free_space_r0.1_eps5_sig0.05_x2.12_y0.48.png,dataset_split/conditions/stress_test/pvc_free_space_r0.1_eps5_sig0.05_x2.12_y0.48.in,stress_test
pvc,free_space,0.05,20,0.02,1.26,0.76,pvc_free_space_r0.05_eps20_sig0.02_x1.26_y0.76,pvc_free_space,S_eps20_sig0.02,0.24,D1_shallow,R2_medium_small,hard_weak_pvc,pvc_free_space_r0.05_eps20_sig0.02_y0.76,pvc_free_space|S_eps20_sig0.02|R2_medium_small|D1_shallow,True,dataset_split/images/train/pvc_free_space_r0.05_eps20_sig0.02_x1.26_y0.76.png,dataset_split/conditions/train/pvc_free_space_r0.05_eps20_sig0.02_x1.26_y0.76.in,train
pvc,water,0.08,20,0.02,2.26,0.37,pvc_water_r0.08_eps20_sig0.02_x2.26_y0.37,pvc_water,S_eps20_sig0.02,0.63,D3_deep,R3_medium_large,medium_water_filled_pvc,pvc_water_r0.08_eps20_sig0.02_y0.37,pvc_water|S_eps20_sig0.02|R3_medium_large|D3_deep,True,dataset_split/images/train/pvc_water_r0.08_eps20_sig0.02_x2.26_y0.37.png,dataset_split/conditions/train/pvc_water_r0.08_eps20_sig0.02_x2.26_y0.37.in,train
steel,free_space,0.05,10,0.005,1.81,0.48,steel_free_space_r0.05_eps10_sig0.005_x1.81_y0.48,steel_free_space,S_eps10_sig0.005,0.52,D2_medium,R2_medium_small,easy_strong_reflection,steel_free_space_r0.05_eps10_sig0.005_y0.48,steel_free_space|S_eps10_sig0.005|R2_medium_small|D2_medium,False,dataset_split/images/train/steel_free_space_r0.05_eps10_sig0.005_x1.81_y0.48.png,dataset_split/conditions/train/steel_free_space_r0.05_eps10_sig0.005_x1.81_y0.48.in,train
steel,free_space,0.1,20,0.02,2.08,0.53,steel_free_space_r0.1_eps20_sig0.02_x2.08_y0.53,steel_free_space,S_eps20_sig0.02,0.47,D2_medium,R4_large,easy_strong_reflection,steel_free_space_r0.1_eps20_sig0.02_y0.53,steel_free_space|S_eps20_sig0.02|R4_large|D2_medium,True,dataset_split/images/train/steel_free_space_r0.1_eps20_sig0.02_x2.08_y0.53.png,dataset_split/conditions/train/steel_free_space_r0.1_eps20_sig0.02_x2.08_y0.53.in,train
pvc,water,0.05,10,0.005,2.85,0.27,pvc_water_r0.05_eps10_sig0.005_x2.85_y0.27,pvc_water,S_eps10_sig0.005,0.73,D3_deep,R2_medium_small,medium_water_filled_pvc,pvc_water_r0.05_eps10_sig0.005_y0.27,pvc_water|S_eps10_sig0.005|R2_medium_small|D3_deep,True,dataset_split/images/train/pvc_water_r0.05_eps10_sig0.005_x2.85_y0.27.png,dataset_split/conditions/train/pvc_water_r0.05_eps10_sig0.005_x2.85_y0.27.in,train
steel,free_space,0.08,5,0.05,2.55,0.47,steel_free_space_r0.08_eps5_sig0.05_x2.55_y0.47,steel_free_space,S_eps5_sig0.05,0.53,D2_medium,R3_medium_large,easy_strong_reflection,steel_free_space_r0.08_eps5_sig0.05_y0.47,steel_free_space|S_eps5_sig0.05|R3_medium_large|D2_medium,True,dataset_split/images/stress_test/steel_free_space_r0.08_eps5_sig0.05_x2.55_y0.47.png,dataset_split/conditions/stress_test/steel_free_space_r0.08_eps5_sig0.05_x2.55_y0.47.in,stress_test
steel,free_space,0.1,20,0.02,1.88,0.46,steel_free_space_r0.1_eps20_sig0.02_x1.88_y0.46,steel_free_space,S_eps20_sig0.02,0.54,D2_medium,R4_large,easy_strong_reflection,steel_free_space_r0.1_eps20_sig0.02_y0.46,steel_free_space|S_eps20_sig0.02|R4_large|D2_medium,True,dataset_split/images/train/steel_free_space_r0.1_eps20_sig0.02_x1.88_y0.46.png,dataset_split/conditions/train/steel_free_space_r0.1_eps20_sig0.02_x1.88_y0.46.in,train
steel,free_space,0.05,4,0.001,2.36,0.25,steel_free_space_r0.05_eps4_sig0.001_x2.36_y0.25,steel_free_space,S_eps4_sig0.001,0.75,D3_deep,R2_medium_small,easy_strong_reflection,steel_free_space_r0.05_eps4_sig0.001_y0.25,steel_free_space|S_eps4_sig0.001|R2_medium_small|D3_deep,True,dataset_split/images/val/steel_free_space_r0.05_eps4_sig0.001_x2.36_y0.25.png,dataset_split/conditions/val/steel_free_space_r0.05_eps4_sig0.001_x2.36_y0.25.in,val
pvc,free_space,0.1,5,0.05,1.73,0.78,pvc_free_space_r0.1_eps5_sig0.05_x1.73_y0.78,pvc_free_space,S_eps5_sig0.05,0.21999999999999997,D1_shallow,R4_large,hard_weak_pvc,pvc_free_space_r0.1_eps5_sig0.05_y0.78,pvc_free_space|S_eps5_sig0.05|R4_large|D1_shallow,True,dataset_split/images/stress_test/pvc_free_space_r0.1_eps5_sig0.05_x1.73_y0.78.png,dataset_split/conditions/stress_test/pvc_free_space_r0.1_eps5_sig0.05_x1.73_y0.78.in,stress_test
pvc,free_space,0.1,20,0.02,1.42,0.35,pvc_free_space_r0.1_eps20_sig0.02_x1.42_y0.35,pvc_free_space,S_eps20_sig0.02,0.65,D3_deep,R4_large,hard_weak_pvc,pvc_free_space_r0.1_eps20_sig0.02_y0.35,pvc_free_space|S_eps20_sig0.02|R4_large|D3_deep,True,dataset_split/images/train/pvc_free_space_r0.1_eps20_sig0.02_x1.42_y0.35.png,dataset_split/conditions/train/pvc_free_space_r0.1_eps20_sig0.02_x1.42_y0.35.in,train
steel,free_space,0.1,5,0.05,1.53,0.7,steel_free_space_r0.1_eps5_sig0.05_x1.53_y0.7,steel_free_space,S_eps5_sig0.05,0.30000000000000004,D2_medium,R4_large,easy_strong_reflection,steel_free_space_r0.1_eps5_sig0.05_y0.7,steel_free_space|S_eps5_sig0.05|R4_large|D2_medium,True,dataset_split/images/stress_test/steel_free_space_r0.1_eps5_sig0.05_x1.53_y0.7.png,dataset_split/conditions/stress_test/steel_free_space_r0.1_eps5_sig0.05_x1.53_y0.7.in,stress_test
steel,free_space,0.1,20,0.02,2.58,0.74,steel_free_space_r0.1_eps20_sig0.02_x2.58_y0.74,steel_free_space,S_eps20_sig0.02,0.26,D1_shallow,R4_large,easy_strong_reflection,steel_free_space_r0.1_eps20_sig0.02_y0.74,steel_free_space|S_eps20_sig0.02|R4_large|D1_shallow,True,dataset_split/images/train/steel_free_space_r0.1_eps20_sig0.02_x2.58_y0.74.png,dataset_split/conditions/train/steel_free_space_r0.1_eps20_sig0.02_x2.58_y0.74.in,train
pvc,free_space,0.03,20,0.02,2.86,0.67,pvc_free_space_r0.03_eps20_sig0.02_x2.86_y0.67,pvc_free_space,S_eps20_sig0.02,0.32999999999999996,D2_medium,R1_small,hard_weak_pvc,pvc_free_space_r0.03_eps20_sig0.02_y0.67,pvc_free_space|S_eps20_sig0.02|R1_small|D2_medium,True,dataset_split/images/train/pvc_free_space_r0.03_eps20_sig0.02_x2.86_y0.67.png,dataset_split/conditions/train/pvc_free_space_r0.03_eps20_sig0.02_x2.86_y0.67.in,train
steel,free_space,0.03,20,0.02,1.62,0.3,steel_free_space_r0.03_eps20_sig0.02_x1.62_y0.3,steel_free_space,S_eps20_sig0.02,0.7,D3_deep,R1_small,easy_strong_reflection,steel_free_space_r0.03_eps20_sig0.02_y0.3,steel_free_space|S_eps20_sig0.02|R1_small|D3_deep,True,dataset_split/images/train/steel_free_space_r0.03_eps20_sig0.02_x1.62_y0.3.png,dataset_split/conditions/train/steel_free_space_r0.03_eps20_sig0.02_x1.62_y0.3.in,train
steel,free_space,0.03,10,0.005,2.12,0.61,steel_free_space_r0.03_eps10_sig0.005_x2.12_y0.61,steel_free_space,S_eps10_sig0.005,0.39,D2_medium,R1_small,easy_strong_reflection,steel_free_space_r0.03_eps10_sig0.005_y0.61,steel_free_space|S_eps10_sig0.005|R1_small|D2_medium,True,dataset_split/images/val/steel_free_space_r0.03_eps10_sig0.005_x2.12_y0.61.png,dataset_split/conditions/val/steel_free_space_r0.03_eps10_sig0.005_x2.12_y0.61.in,val
steel,free_space,0.05,4,0.001,1.86,0.74,steel_free_space_r0.05_eps4_sig0.001_x1.86_y0.74,steel_free_space,S_eps4_sig0.001,0.26,D1_shallow,R2_medium_small,easy_strong_reflection,steel_free_space_r0.05_eps4_sig0.001_y0.74,steel_free_space|S_eps4_sig0.001|R2_medium_small|D1_shallow,False,dataset_split/images/train/steel_free_space_r0.05_eps4_sig0.001_x1.86_y0.74.png,dataset_split/conditions/train/steel_free_space_r0.05_eps4_sig0.001_x1.86_y0.74.in,train
steel,free_space,0.1,5,0.05,1.17,0.75,steel_free_space_r0.1_eps5_sig0.05_x1.17_y0.75,steel_free_space,S_eps5_sig0.05,0.25,D1_shallow,R4_large,easy_strong_reflection,steel_free_space_r0.1_eps5_sig0.05_y0.75,steel_free_space|S_eps5_sig0.05|R4_large|D1_shallow,True,dataset_split/images/stress_test/steel_free_space_r0.1_eps5_sig0.05_x1.17_y0.75.png,dataset_split/conditions/stress_test/steel_free_space_r0.1_eps5_sig0.05_x1.17_y0.75.in,stress_test
steel,free_space,0.03,10,0.005,1.41,0.77,steel_free_space_r0.03_eps10_sig0.005_x1.41_y0.77,steel_free_space,S_eps10_sig0.005,0.22999999999999998,D1_shallow,R1_small,easy_strong_reflection,steel_free_space_r0.03_eps10_sig0.005_y0.77,steel_free_space|S_eps10_sig0.005|R1_small|D1_shallow,True,dataset_split/images/val/steel_free_space_r0.03_eps10_sig0.005_x1.41_y0.77.png,dataset_split/conditions/val/steel_free_space_r0.03_eps10_sig0.005_x1.41_y0.77.in,val
pvc,water,0.03,5,0.05,1.95,0.71,pvc_water_r0.03_eps5_sig0.05_x1.95_y0.71,pvc_water,S_eps5_sig0.05,0.29000000000000004,D1_shallow,R1_small,medium_water_filled_pvc,pvc_water_r0.03_eps5_sig0.05_y0.71,pvc_water|S_eps5_sig0.05|R1_small|D1_shallow,True,dataset_split/images/stress_test/pvc_water_r0.03_eps5_sig0.05_x1.95_y0.71.png,dataset_split/conditions/stress_test/pvc_water_r0.03_eps5_sig0.05_x1.95_y0.71.in,stress_test
pvc,water,0.03,20,0.02,2.51,0.4,pvc_water_r0.03_eps20_sig0.02_x2.51_y0.4,pvc_water,S_eps20_sig0.02,0.6,D3_deep,R1_small,medium_water_filled_pvc,pvc_water_r0.03_eps20_sig0.02_y0.4,pvc_water|S_eps20_sig0.02|R1_small|D3_deep,True,dataset_split/images/train/pvc_water_r0.03_eps20_sig0.02_x2.51_y0.4.png,dataset_split/conditions/train/pvc_water_r0.03_eps20_sig0.02_x2.51_y0.4.in,train
steel,free_space,0.1,5,0.05,2.95,0.61,steel_free_space_r0.1_eps5_sig0.05_x2.95_y0.61,steel_free_space,S_eps5_sig0.05,0.39,D2_medium,R4_large,easy_strong_reflection,steel_free_space_r0.1_eps5_sig0.05_y0.61,steel_free_space|S_eps5_sig0.05|R4_large|D2_medium,True,dataset_split/images/stress_test/steel_free_space_r0.1_eps5_sig0.05_x2.95_y0.61.png,dataset_split/conditions/stress_test/steel_free_space_r0.1_eps5_sig0.05_x2.95_y0.61.in,stress_test
pvc,free_space,0.1,4,0.001,2.69,0.25,pvc_free_space_r0.1_eps4_sig0.001_x2.69_y0.25,pvc_free_space,S_eps4_sig0.001,0.75,D3_deep,R4_large,hard_weak_pvc,pvc_free_space_r0.1_eps4_sig0.001_y0.25,pvc_free_space|S_eps4_sig0.001|R4_large|D3_deep,True,dataset_split/images/train/pvc_free_space_r0.1_eps4_sig0.001_x2.69_y0.25.png,dataset_split/conditions/train/pvc_free_space_r0.1_eps4_sig0.001_x2.69_y0.25.in,train
pvc,free_space,0.1,20,0.02,1.02,0.55,pvc_free_space_r0.1_eps20_sig0.02_x1.02_y0.55,pvc_free_space,S_eps20_sig0.02,0.44999999999999996,D2_medium,R4_large,hard_weak_pvc,pvc_free_space_r0.1_eps20_sig0.02_y0.55,pvc_free_space|S_eps20_sig0.02|R4_large|D2_medium,True,dataset_split/images/train/pvc_free_space_r0.1_eps20_sig0.02_x1.02_y0.55.png,dataset_split/conditions/train/pvc_free_space_r0.1_eps20_sig0.02_x1.02_y0.55.in,train
pvc,water,0.08,4,0.001,1.25,0.53,pvc_water_r0.08_eps4_sig0.001_x1.25_y0.53,pvc_water,S_eps4_sig0.001,0.47,D2_medium,R3_medium_large,medium_water_filled_pvc,pvc_water_r0.08_eps4_sig0.001_y0.53,pvc_water|S_eps4_sig0.001|R3_medium_large|D2_medium,False,dataset_split/images/train/pvc_water_r0.08_eps4_sig0.001_x1.25_y0.53.png,dataset_split/conditions/train/pvc_water_r0.08_eps4_sig0.001_x1.25_y0.53.in,train
steel,free_space,0.1,4,0.001,1.31,0.61,steel_free_space_r0.1_eps4_sig0.001_x1.31_y0.61,steel_free_space,S_eps4_sig0.001,0.39,D2_medium,R4_large,easy_strong_reflection,steel_free_space_r0.1_eps4_sig0.001_y0.61,steel_free_space|S_eps4_sig0.001|R4_large|D2_medium,False,dataset_split/images/val/steel_free_space_r0.1_eps4_sig0.001_x1.31_y0.61.png,dataset_split/conditions/val/steel_free_space_r0.1_eps4_sig0.001_x1.31_y0.61.in,val
steel,free_space,0.05,5,0.05,1.28,0.42,steel_free_space_r0.05_eps5_sig0.05_x1.28_y0.42,steel_free_space,S_eps5_sig0.05,0.5800000000000001,D3_deep,R2_medium_small,easy_strong_reflection,steel_free_space_r0.05_eps5_sig0.05_y0.42,steel_free_space|S_eps5_sig0.05|R2_medium_small|D3_deep,True,dataset_split/images/stress_test/steel_free_space_r0.05_eps5_sig0.05_x1.28_y0.42.png,dataset_split/conditions/stress_test/steel_free_space_r0.05_eps5_sig0.05_x1.28_y0.42.in,stress_test
pvc,water,0.05,5,0.05,1.14,0.35,pvc_water_r0.05_eps5_sig0.05_x1.14_y0.35,pvc_water,S_eps5_sig0.05,0.65,D3_deep,R2_medium_small,medium_water_filled_pvc,pvc_water_r0.05_eps5_sig0.05_y0.35,pvc_water|S_eps5_sig0.05|R2_medium_small|D3_deep,True,dataset_split/images/stress_test/pvc_water_r0.05_eps5_sig0.05_x1.14_y0.35.png,dataset_split/conditions/stress_test/pvc_water_r0.05_eps5_sig0.05_x1.14_y0.35.in,stress_test
pvc,water,0.05,10,0.005,2.95,0.3,pvc_water_r0.05_eps10_sig0.005_x2.95_y0.3,pvc_water,S_eps10_sig0.005,0.7,D3_deep,R2_medium_small,medium_water_filled_pvc,pvc_water_r0.05_eps10_sig0.005_y0.3,pvc_water|S_eps10_sig0.005|R2_medium_small|D3_deep,True,dataset_split/images/train/pvc_water_r0.05_eps10_sig0.005_x2.95_y0.3.png,dataset_split/conditions/train/pvc_water_r0.05_eps10_sig0.005_x2.95_y0.3.in,train
pvc,free_space,0.03,10,0.005,1.45,0.43,pvc_free_space_r0.03_eps10_sig0.005_x1.45_y0.43,pvc_free_space,S_eps10_sig0.005,0.5700000000000001,D3_deep,R1_small,hard_weak_pvc,pvc_free_space_r0.03_eps10_sig0.005_y0.43,pvc_free_space|S_eps10_sig0.005|R1_small|D3_deep,True,dataset_split/images/train/pvc_free_space_r0.03_eps10_sig0.005_x1.45_y0.43.png,dataset_split/conditions/train/pvc_free_space_r0.03_eps10_sig0.005_x1.45_y0.43.in,train
steel,free_space,0.05,5,0.05,1.23,0.26,steel_free_space_r0.05_eps5_sig0.05_x1.23_y0.26,steel_free_space,S_eps5_sig0.05,0.74,D3_deep,R2_medium_small,easy_strong_reflection,steel_free_space_r0.05_eps5_sig0.05_y0.26,steel_free_space|S_eps5_sig0.05|R2_medium_small|D3_deep,True,dataset_split/images/stress_test/steel_free_space_r0.05_eps5_sig0.05_x1.23_y0.26.png,dataset_split/conditions/stress_test/steel_free_space_r0.05_eps5_sig0.05_x1.23_y0.26.in,stress_test
pvc,water,0.08,4,0.001,1.73,0.28,pvc_water_r0.08_eps4_sig0.001_x1.73_y0.28,pvc_water,S_eps4_sig0.001,0.72,D3_deep,R3_medium_large,medium_water_filled_pvc,pvc_water_r0.08_eps4_sig0.001_y0.28,pvc_water|S_eps4_sig0.001|R3_medium_large|D3_deep,True,dataset_split/images/test_id/pvc_water_r0.08_eps4_sig0.001_x1.73_y0.28.png,dataset_split/conditions/test_id/pvc_water_r0.08_eps4_sig0.001_x1.73_y0.28.in,test_id
steel,free_space,0.1,4,0.001,1.55,0.64,steel_free_space_r0.1_eps4_sig0.001_x1.55_y0.64,steel_free_space,S_eps4_sig0.001,0.36,D2_medium,R4_large,easy_strong_reflection,steel_free_space_r0.1_eps4_sig0.001_y0.64,steel_free_space|S_eps4_sig0.001|R4_large|D2_medium,False,dataset_split/images/val/steel_free_space_r0.1_eps4_sig0.001_x1.55_y0.64.png,dataset_split/conditions/val/steel_free_space_r0.1_eps4_sig0.001_x1.55_y0.64.in,val
steel,free_space,0.05,10,0.005,1.53,0.57,steel_free_space_r0.05_eps10_sig0.005_x1.53_y0.57,steel_free_space,S_eps10_sig0.005,0.43000000000000005,D2_medium,R2_medium_small,easy_strong_reflection,steel_free_space_r0.05_eps10_sig0.005_y0.57,steel_free_space|S_eps10_sig0.005|R2_medium_small|D2_medium,False,dataset_split/images/train/steel_free_space_r0.05_eps10_sig0.005_x1.53_y0.57.png,dataset_split/conditions/train/steel_free_space_r0.05_eps10_sig0.005_x1.53_y0.57.in,train
steel,free_space,0.05,4,0.001,2.47,0.35,steel_free_space_r0.05_eps4_sig0.001_x2.47_y0.35,steel_free_space,S_eps4_sig0.001,0.65,D3_deep,R2_medium_small,easy_strong_reflection,steel_free_space_r0.05_eps4_sig0.001_y0.35,steel_free_space|S_eps4_sig0.001|R2_medium_small|D3_deep,True,dataset_split/images/train/steel_free_space_r0.05_eps4_sig0.001_x2.47_y0.35.png,dataset_split/conditions/train/steel_free_space_r0.05_eps4_sig0.001_x2.47_y0.35.in,train
pvc,free_space,0.08,20,0.02,2.39,0.55,pvc_free_space_r0.08_eps20_sig0.02_x2.39_y0.55,pvc_free_space,S_eps20_sig0.02,0.44999999999999996,D2_medium,R3_medium_large,hard_weak_pvc,pvc_free_space_r0.08_eps20_sig0.02_y0.55,pvc_free_space|S_eps20_sig0.02|R3_medium_large|D2_medium,True,dataset_split/images/train/pvc_free_space_r0.08_eps20_sig0.02_x2.39_y0.55.png,dataset_split/conditions/train/pvc_free_space_r0.08_eps20_sig0.02_x2.39_y0.55.in,train
pvc,water,0.03,5,0.05,1.38,0.51,pvc_water_r0.03_eps5_sig0.05_x1.38_y0.51,pvc_water,S_eps5_sig0.05,0.49,D2_medium,R1_small,medium_water_filled_pvc,pvc_water_r0.03_eps5_sig0.05_y0.51,pvc_water|S_eps5_sig0.05|R1_small|D2_medium,True,dataset_split/images/stress_test/pvc_water_r0.03_eps5_sig0.05_x1.38_y0.51.png,dataset_split/conditions/stress_test/pvc_water_r0.03_eps5_sig0.05_x1.38_y0.51.in,stress_test
steel,free_space,0.03,20,0.02,2.66,0.37,steel_free_space_r0.03_eps20_sig0.02_x2.66_y0.37,steel_free_space,S_eps20_sig0.02,0.63,D3_deep,R1_small,easy_strong_reflection,steel_free_space_r0.03_eps20_sig0.02_y0.37,steel_free_space|S_eps20_sig0.02|R1_small|D3_deep,True,dataset_split/images/train/steel_free_space_r0.03_eps20_sig0.02_x2.66_y0.37.png,dataset_split/conditions/train/steel_free_space_r0.03_eps20_sig0.02_x2.66_y0.37.in,train
pvc,water,0.1,10,0.005,2.5,0.39,pvc_water_r0.1_eps10_sig0.005_x2.5_y0.39,pvc_water,S_eps10_sig0.005,0.61,D3_deep,R4_large,medium_water_filled_pvc,pvc_water_r0.1_eps10_sig0.005_y0.39,pvc_water|S_eps10_sig0.005|R4_large|D3_deep,True,dataset_split/images/test_id/pvc_water_r0.1_eps10_sig0.005_x2.5_y0.39.png,dataset_split/conditions/test_id/pvc_water_r0.1_eps10_sig0.005_x2.5_y0.39.in,test_id
pvc,free_space,0.03,4,0.001,2.36,0.8,pvc_free_space_r0.03_eps4_sig0.001_x2.36_y0.8,pvc_free_space,S_eps4_sig0.001,0.19999999999999996,D1_shallow,R1_small,hard_weak_pvc,pvc_free_space_r0.03_eps4_sig0.001_y0.8,pvc_free_space|S_eps4_sig0.001|R1_small|D1_shallow,True,dataset_split/images/test_id/pvc_free_space_r0.03_eps4_sig0.001_x2.36_y0.8.png,dataset_split/conditions/test_id/pvc_free_space_r0.03_eps4_sig0.001_x2.36_y0.8.in,test_id
pvc,free_space,0.03,4,0.001,2.61,0.41,pvc_free_space_r0.03_eps4_sig0.001_x2.61_y0.41,pvc_free_space,S_eps4_sig0.001,0.5900000000000001,D3_deep,R1_small,hard_weak_pvc,pvc_free_space_r0.03_eps4_sig0.001_y0.41,pvc_free_space|S_eps4_sig0.001|R1_small|D3_deep,True,dataset_split/images/train/pvc_free_space_r0.03_eps4_sig0.001_x2.61_y0.41.png,dataset_split/conditions/train/pvc_free_space_r0.03_eps4_sig0.001_x2.61_y0.41.in,train
pvc,free_space,0.05,20,0.02,2.56,0.74,pvc_free_space_r0.05_eps20_sig0.02_x2.56_y0.74,pvc_free_space,S_eps20_sig0.02,0.26,D1_shallow,R2_medium_small,hard_weak_pvc,pvc_free_space_r0.05_eps20_sig0.02_y0.74,pvc_free_space|S_eps20_sig0.02|R2_medium_small|D1_shallow,True,dataset_split/images/train/pvc_free_space_r0.05_eps20_sig0.02_x2.56_y0.74.png,dataset_split/conditions/train/pvc_free_space_r0.05_eps20_sig0.02_x2.56_y0.74.in,train
pvc,free_space,0.1,10,0.005,2.84,0.57,pvc_free_space_r0.1_eps10_sig0.005_x2.84_y0.57,pvc_free_space,S_eps10_sig0.005,0.43000000000000005,D2_medium,R4_large,hard_weak_pvc,pvc_free_space_r0.1_eps10_sig0.005_y0.57,pvc_free_space|S_eps10_sig0.005|R4_large|D2_medium,True,dataset_split/images/test_id/pvc_free_space_r0.1_eps10_sig0.005_x2.84_y0.57.png,dataset_split/conditions/test_id/pvc_free_space_r0.1_eps10_sig0.005_x2.84_y0.57.in,test_id
steel,free_space,0.1,20,0.02,1.64,0.7,steel_free_space_r0.1_eps20_sig0.02_x1.64_y0.7,steel_free_space,S_eps20_sig0.02,0.30000000000000004,D2_medium,R4_large,easy_strong_reflection,steel_free_space_r0.1_eps20_sig0.02_y0.7,steel_free_space|S_eps20_sig0.02|R4_large|D2_medium,True,dataset_split/images/train/steel_free_space_r0.1_eps20_sig0.02_x1.64_y0.7.png,dataset_split/conditions/train/steel_free_space_r0.1_eps20_sig0.02_x1.64_y0.7.in,train
steel,free_space,0.03,10,0.005,2.64,0.46,steel_free_space_r0.03_eps10_sig0.005_x2.64_y0.46,steel_free_space,S_eps10_sig0.005,0.54,D2_medium,R1_small,easy_strong_reflection,steel_free_space_r0.03_eps10_sig0.005_y0.46,steel_free_space|S_eps10_sig0.005|R1_small|D2_medium,True,dataset_split/images/train/steel_free_space_r0.03_eps10_sig0.005_x2.64_y0.46.png,dataset_split/conditions/train/steel_free_space_r0.03_eps10_sig0.005_x2.64_y0.46.in,train
steel,free_space,0.08,10,0.005,2.57,0.58,steel_free_space_r0.08_eps10_sig0.005_x2.57_y0.58,steel_free_space,S_eps10_sig0.005,0.42000000000000004,D2_medium,R3_medium_large,easy_strong_reflection,steel_free_space_r0.08_eps10_sig0.005_y0.58,steel_free_space|S_eps10_sig0.005|R3_medium_large|D2_medium,False,dataset_split/images/train/steel_free_space_r0.08_eps10_sig0.005_x2.57_y0.58.png,dataset_split/conditions/train/steel_free_space_r0.08_eps10_sig0.005_x2.57_y0.58.in,train
pvc,water,0.08,4,0.001,2.08,0.41,pvc_water_r0.08_eps4_sig0.001_x2.08_y0.41,pvc_water,S_eps4_sig0.001,0.5900000000000001,D3_deep,R3_medium_large,medium_water_filled_pvc,pvc_water_r0.08_eps4_sig0.001_y0.41,pvc_water|S_eps4_sig0.001|R3_medium_large|D3_deep,True,dataset_split/images/train/pvc_water_r0.08_eps4_sig0.001_x2.08_y0.41.png,dataset_split/conditions/train/pvc_water_r0.08_eps4_sig0.001_x2.08_y0.41.in,train
pvc,water,0.08,5,0.05,2.79,0.35,pvc_water_r0.08_eps5_sig0.05_x2.79_y0.35,pvc_water,S_eps5_sig0.05,0.65,D3_deep,R3_medium_large,medium_water_filled_pvc,pvc_water_r0.08_eps5_sig0.05_y0.35,pvc_water|S_eps5_sig0.05|R3_medium_large|D3_deep,True,dataset_split/images/stress_test/pvc_water_r0.08_eps5_sig0.05_x2.79_y0.35.png,dataset_split/conditions/stress_test/pvc_water_r0.08_eps5_sig0.05_x2.79_y0.35.in,stress_test
steel,free_space,0.1,10,0.005,1.17,0.52,steel_free_space_r0.1_eps10_sig0.005_x1.17_y0.52,steel_free_space,S_eps10_sig0.005,0.48,D2_medium,R4_large,easy_strong_reflection,steel_free_space_r0.1_eps10_sig0.005_y0.52,steel_free_space|S_eps10_sig0.005|R4_large|D2_medium,False,dataset_split/images/train/steel_free_space_r0.1_eps10_sig0.005_x1.17_y0.52.png,dataset_split/conditions/train/steel_free_space_r0.1_eps10_sig0.005_x1.17_y0.52.in,train
pvc,water,0.05,5,0.05,1.07,0.31,pvc_water_r0.05_eps5_sig0.05_x1.07_y0.31,pvc_water,S_eps5_sig0.05,0.69,D3_deep,R2_medium_small,medium_water_filled_pvc,pvc_water_r0.05_eps5_sig0.05_y0.31,pvc_water|S_eps5_sig0.05|R2_medium_small|D3_deep,True,dataset_split/images/stress_test/pvc_water_r0.05_eps5_sig0.05_x1.07_y0.31.png,dataset_split/conditions/stress_test/pvc_water_r0.05_eps5_sig0.05_x1.07_y0.31.in,stress_test
pvc,water,0.03,10,0.005,2.62,0.69,pvc_water_r0.03_eps10_sig0.005_x2.62_y0.69,pvc_water,S_eps10_sig0.005,0.31000000000000005,D2_medium,R1_small,medium_water_filled_pvc,pvc_water_r0.03_eps10_sig0.005_y0.69,pvc_water|S_eps10_sig0.005|R1_small|D2_medium,True,dataset_split/images/train/pvc_water_r0.03_eps10_sig0.005_x2.62_y0.69.png,dataset_split/conditions/train/pvc_water_r0.03_eps10_sig0.005_x2.62_y0.69.in,train
steel,free_space,0.03,4,0.001,1.02,0.41,steel_free_space_r0.03_eps4_sig0.001_x1.02_y0.41,steel_free_space,S_eps4_sig0.001,0.5900000000000001,D3_deep,R1_small,easy_strong_reflection,steel_free_space_r0.03_eps4_sig0.001_y0.41,steel_free_space|S_eps4_sig0.001|R1_small|D3_deep,True,dataset_split/images/train/steel_free_space_r0.03_eps4_sig0.001_x1.02_y0.41.png,dataset_split/conditions/train/steel_free_space_r0.03_eps4_sig0.001_x1.02_y0.41.in,train
pvc,free_space,0.03,5,0.05,1.32,0.71,pvc_free_space_r0.03_eps5_sig0.05_x1.32_y0.71,pvc_free_space,S_eps5_sig0.05,0.29000000000000004,D1_shallow,R1_small,hard_weak_pvc,pvc_free_space_r0.03_eps5_sig0.05_y0.71,pvc_free_space|S_eps5_sig0.05|R1_small|D1_shallow,True,dataset_split/images/stress_test/pvc_free_space_r0.03_eps5_sig0.05_x1.32_y0.71.png,dataset_split/conditions/stress_test/pvc_free_space_r0.03_eps5_sig0.05_x1.32_y0.71.in,stress_test
steel,free_space,0.1,10,0.005,1.24,0.65,steel_free_space_r0.1_eps10_sig0.005_x1.24_y0.65,steel_free_space,S_eps10_sig0.005,0.35,D2_medium,R4_large,easy_strong_reflection,steel_free_space_r0.1_eps10_sig0.005_y0.65,steel_free_space|S_eps10_sig0.005|R4_large|D2_medium,False,dataset_split/images/train/steel_free_space_r0.1_eps10_sig0.005_x1.24_y0.65.png,dataset_split/conditions/train/steel_free_space_r0.1_eps10_sig0.005_x1.24_y0.65.in,train
pvc,water,0.05,10,0.005,2.23,0.65,pvc_water_r0.05_eps10_sig0.005_x2.23_y0.65,pvc_water,S_eps10_sig0.005,0.35,D2_medium,R2_medium_small,medium_water_filled_pvc,pvc_water_r0.05_eps10_sig0.005_y0.65,pvc_water|S_eps10_sig0.005|R2_medium_small|D2_medium,False,dataset_split/images/train/pvc_water_r0.05_eps10_sig0.005_x2.23_y0.65.png,dataset_split/conditions/train/pvc_water_r0.05_eps10_sig0.005_x2.23_y0.65.in,train
pvc,free_space,0.03,10,0.005,2.19,0.49,pvc_free_space_r0.03_eps10_sig0.005_x2.19_y0.49,pvc_free_space,S_eps10_sig0.005,0.51,D2_medium,R1_small,hard_weak_pvc,pvc_free_space_r0.03_eps10_sig0.005_y0.49,pvc_free_space|S_eps10_sig0.005|R1_small|D2_medium,True,dataset_split/images/train/pvc_free_space_r0.03_eps10_sig0.005_x2.19_y0.49.png,dataset_split/conditions/train/pvc_free_space_r0.03_eps10_sig0.005_x2.19_y0.49.in,train
pvc,free_space,0.1,4,0.001,2.87,0.29,pvc_free_space_r0.1_eps4_sig0.001_x2.87_y0.29,pvc_free_space,S_eps4_sig0.001,0.71,D3_deep,R4_large,hard_weak_pvc,pvc_free_space_r0.1_eps4_sig0.001_y0.29,pvc_free_space|S_eps4_sig0.001|R4_large|D3_deep,True,dataset_split/images/train/pvc_free_space_r0.1_eps4_sig0.001_x2.87_y0.29.png,dataset_split/conditions/train/pvc_free_space_r0.1_eps4_sig0.001_x2.87_y0.29.in,train
pvc,water,0.1,4,0.001,1.43,0.49,pvc_water_r0.1_eps4_sig0.001_x1.43_y0.49,pvc_water,S_eps4_sig0.001,0.51,D2_medium,R4_large,medium_water_filled_pvc,pvc_water_r0.1_eps4_sig0.001_y0.49,pvc_water|S_eps4_sig0.001|R4_large|D2_medium,False,dataset_split/images/train/pvc_water_r0.1_eps4_sig0.001_x1.43_y0.49.png,dataset_split/conditions/train/pvc_water_r0.1_eps4_sig0.001_x1.43_y0.49.in,train
pvc,free_space,0.08,5,0.05,2.12,0.46,pvc_free_space_r0.08_eps5_sig0.05_x2.12_y0.46,pvc_free_space,S_eps5_sig0.05,0.54,D2_medium,R3_medium_large,hard_weak_pvc,pvc_free_space_r0.08_eps5_sig0.05_y0.46,pvc_free_space|S_eps5_sig0.05|R3_medium_large|D2_medium,True,dataset_split/images/stress_test/pvc_free_space_r0.08_eps5_sig0.05_x2.12_y0.46.png,dataset_split/conditions/stress_test/pvc_free_space_r0.08_eps5_sig0.05_x2.12_y0.46.in,stress_test
steel,free_space,0.05,10,0.005,2.18,0.67,steel_free_space_r0.05_eps10_sig0.005_x2.18_y0.67,steel_free_space,S_eps10_sig0.005,0.32999999999999996,D2_medium,R2_medium_small,easy_strong_reflection,steel_free_space_r0.05_eps10_sig0.005_y0.67,steel_free_space|S_eps10_sig0.005|R2_medium_small|D2_medium,False,dataset_split/images/train/steel_free_space_r0.05_eps10_sig0.005_x2.18_y0.67.png,dataset_split/conditions/train/steel_free_space_r0.05_eps10_sig0.005_x2.18_y0.67.in,train
pvc,water,0.05,4,0.001,2.31,0.68,pvc_water_r0.05_eps4_sig0.001_x2.31_y0.68,pvc_water,S_eps4_sig0.001,0.31999999999999995,D2_medium,R2_medium_small,medium_water_filled_pvc,pvc_water_r0.05_eps4_sig0.001_y0.68,pvc_water|S_eps4_sig0.001|R2_medium_small|D2_medium,False,dataset_split/images/test_id/pvc_water_r0.05_eps4_sig0.001_x2.31_y0.68.png,dataset_split/conditions/test_id/pvc_water_r0.05_eps4_sig0.001_x2.31_y0.68.in,test_id
steel,free_space,0.05,5,0.05,1.96,0.32,steel_free_space_r0.05_eps5_sig0.05_x1.96_y0.32,steel_free_space,S_eps5_sig0.05,0.6799999999999999,D3_deep,R2_medium_small,easy_strong_reflection,steel_free_space_r0.05_eps5_sig0.05_y0.32,steel_free_space|S_eps5_sig0.05|R2_medium_small|D3_deep,True,dataset_split/images/stress_test/steel_free_space_r0.05_eps5_sig0.05_x1.96_y0.32.png,dataset_split/conditions/stress_test/steel_free_space_r0.05_eps5_sig0.05_x1.96_y0.32.in,stress_test
steel,free_space,0.1,20,0.02,1.02,0.74,steel_free_space_r0.1_eps20_sig0.02_x1.02_y0.74,steel_free_space,S_eps20_sig0.02,0.26,D1_shallow,R4_large,easy_strong_reflection,steel_free_space_r0.1_eps20_sig0.02_y0.74,steel_free_space|S_eps20_sig0.02|R4_large|D1_shallow,True,dataset_split/images/train/steel_free_space_r0.1_eps20_sig0.02_x1.02_y0.74.png,dataset_split/conditions/train/steel_free_space_r0.1_eps20_sig0.02_x1.02_y0.74.in,train
steel,free_space,0.03,4,0.001,1.61,0.46,steel_free_space_r0.03_eps4_sig0.001_x1.61_y0.46,steel_free_space,S_eps4_sig0.001,0.54,D2_medium,R1_small,easy_strong_reflection,steel_free_space_r0.03_eps4_sig0.001_y0.46,steel_free_space|S_eps4_sig0.001|R1_small|D2_medium,True,dataset_split/images/train/steel_free_space_r0.03_eps4_sig0.001_x1.61_y0.46.png,dataset_split/conditions/train/steel_free_space_r0.03_eps4_sig0.001_x1.61_y0.46.in,train
steel,free_space,0.08,10,0.005,1.51,0.71,steel_free_space_r0.08_eps10_sig0.005_x1.51_y0.71,steel_free_space,S_eps10_sig0.005,0.29000000000000004,D1_shallow,R3_medium_large,easy_strong_reflection,steel_free_space_r0.08_eps10_sig0.005_y0.71,steel_free_space|S_eps10_sig0.005|R3_medium_large|D1_shallow,False,dataset_split/images/train/steel_free_space_r0.08_eps10_sig0.005_x1.51_y0.71.png,dataset_split/conditions/train/steel_free_space_r0.08_eps10_sig0.005_x1.51_y0.71.in,train
steel,free_space,0.03,5,0.05,1.1,0.73,steel_free_space_r0.03_eps5_sig0.05_x1.1_y0.73,steel_free_space,S_eps5_sig0.05,0.27,D1_shallow,R1_small,easy_strong_reflection,steel_free_space_r0.03_eps5_sig0.05_y0.73,steel_free_space|S_eps5_sig0.05|R1_small|D1_shallow,True,dataset_split/images/stress_test/steel_free_space_r0.03_eps5_sig0.05_x1.1_y0.73.png,dataset_split/conditions/stress_test/steel_free_space_r0.03_eps5_sig0.05_x1.1_y0.73.in,stress_test
